Differences in Semantics of ZAI and ZHENGZAI,,,,,
Verbs,Situation Type,ZAI,ZHENGZAI,[+Durative/-Durative],[+Dynamic/-Dynamic]
搭车,Activity,1,0,[+Durative],[+Dynamic]
“帮助”别人,Activity,1,0,[+Durative],[+Dynamic]
“等活”,Activity,2,0,[+Durative],[+Dynamic]
“讨论”什么问题,Activity,0,1,[+Durative],[+Dynamic]
“玩朋友”,Activity,1,0,[+Durative],[+Dynamic]
挨打,Activity,1,0,[+Durative],[+Dynamic]
挨饿,Activity,2,0,[+Durative],[+Dynamic]
挨饿受冻,Activity,1,0,[+Durative],[+Dynamic]
关心,State,0,1,[+Durative],[-Dynamic]
关心、培养自己,State,1,0,[+Durative],[-Dynamic]
关心过去这四年您在谷歌,State,1,0,[+Durative],[-Dynamic]
关心那些把他视为救星的山区孩子们,State,1,0,[+Durative],[-Dynamic]
关心那些东西,State,1,0,[+Durative],[-Dynamic]
关心她,State,1,0,[+Durative],[-Dynamic]
关心这种事,State,1,0,[+Durative],[-Dynamic]
关心重庆饭店,State,1,0,[+Durative],[-Dynamic]
安排“全球战略”新步骤,Activity,1,0,[+Durative],[+Dynamic]
安排抢救工作,Activity,0,1,[+Durative],[+Dynamic]
安排巧计动你的手,Activity,0,2,[+Durative],[+Dynamic]
安排研究和创作的良好环境,Activity,0,1,[+Durative],[+Dynamic]
安排重印作业,Activity,0,1,[+Durative],[+Dynamic]
安排猪肉的供应,Activity,1,0,[+Durative],[+Dynamic]
安慰,Activity,2,0,[+Durative],[+Dynamic]
安慰丁仪,Activity,1,0,[+Durative],[+Dynamic]
安慰淑英,Activity,1,0,[+Durative],[+Dynamic]
安慰他,Activity,1,0,[+Durative],[+Dynamic]
安慰她,Activity,1,0,[+Durative],[+Dynamic]
安慰她的良心,Activity,1,0,[+Durative],[+Dynamic]
安慰我,Activity,2,0,[+Durative],[+Dynamic]
安慰一个因为没有放起自己制作的风筝而哭哭啼啼的小弟弟,Activity,1,0,[+Durative],[+Dynamic]
安慰自己,Activity,1,0,[+Durative],[+Dynamic]
安装,Activity,1,1,[+Durative],[+Dynamic]
安装国产亚洲最大的石英钟,Activity,0,1,[+Durative],[+Dynamic]
安装机器设备,Activity,0,1,[+Durative],[+Dynamic]
安装墙壁、门板,Activity,0,1,[+Durative],[+Dynamic]
按著肚子,Activity,1,0,[+Durative],[+Dynamic]
暗示,Activity,3,0,[+Durative],[+Dynamic]
暗示读者,Activity,1,0,[+Durative],[+Dynamic]
暗示什么,Activity,2,0,[+Durative],[+Dynamic]
暗示我把她估计得太神秘,Activity,1,0,[+Durative],[+Dynamic]
熬稀饭,Activity,2,0,[+Durative],[+Dynamic]
熬药,Activity,0,1,[+Durative],[+Dynamic]
拔,Activity,1,0,[+Durative],[+Dynamic]
拔草,Activity,1,0,[+Durative],[+Dynamic]
拔掉旧电线杆,Transition,0,1,[+Durative],[+Dynamic]
把大批美金移藏到美洲,Transition,0,1,[+Durative],[+Dynamic]
把各种物资和建筑器材运到各建设工地,Transition,0,1,[+Durative],[+Dynamic]
把工作重点转移到现代化建设上来,Transition,0,1,[+Durative],[+Dynamic]
把警方排挤出去,Transition,0,1,[+Durative],[+Dynamic]
把历史已经切断,Transition,1,0,[-Durative],[+Dynamic]
把美帝纸老虎撕得粉碎,Transition,0,1,[+Durative],[+Dynamic]
把门口的垃圾往畚箕里扫,Activity,0,1,[+Durative],[+Dynamic]
把那颗“炸弹”托住,Transition,0,1,[+Durative],[+Dynamic]
把他们当做实验室的豚鼠看待,Activity,0,1,[+Durative],[+Dynamic]
把越来越多的马绍尔群岛居民赶出他们的土地,Transition,1,0,[+Durative],[+Dynamic]
把战争扩大到整个印度支那威胁东南亚和平,Transition,0,1,[+Durative],[+Dynamic]
把自己的体力和热情，把饱含着农作物所需要的氮、磷、钾和有机质的肥料，献给哺育着我们的共和国的农田,Transition,1,0,[+Durative],[+Dynamic]
掰手腕,Activity,1,0,[+Durative],[+Dynamic]
掰玉米,Activity,1,0,[+Durative],[+Dynamic]
摆,Activity,1,0,[+Durative],[+Dynamic]
摆动,Activity,2,0,[+Durative],[+Dynamic]
摆赌,Activity,1,0,[+Durative],[+Dynamic]
摆酒炒菜,Activity,1,0,[+Durative],[+Dynamic]
摆弄钢笔,Activity,1,0,[+Durative],[+Dynamic]
摆弄什么东西,Activity,1,0,[+Durative],[+Dynamic]
摆弄一些贴在大幅硬纸上的照片,Activity,0,1,[+Durative],[+Dynamic]
摆摊卖眼镜,Activity,1,0,[+Durative],[+Dynamic]
摆脱经济增长赶不上人口增长的状况,Transition,0,1,[-Durative],[+Dynamic]
摆脱外国的统治,Transition,0,1,[-Durative],[+Dynamic]
摆脱危机,Transition,0,1,[-Durative],[+Dynamic]
摆脱祖辈那种“一分钱攥出水来”的守财形象,Transition,0,1,[-Durative],[+Dynamic]
搬,Activity,1,0,[+Durative],[+Dynamic]
搬大石头块儿,Activity,1,0,[+Durative],[+Dynamic]
搬东西出来,Activity,1,0,[+Durative],[+Dynamic]
搬东西走,Activity,1,1,[+Durative],[+Dynamic]
搬家,Activity,1,0,[+Durative],[+Dynamic]
搬石弄土,Activity,1,0,[+Durative],[+Dynamic]
搬箱子,Activity,0,1,[+Durative],[+Dynamic]
搬运,Activity,1,0,[+Durative],[+Dynamic]
搬运沙袋围堵缺口,Activity,0,1,[+Durative],[+Dynamic]
办案,Activity,1,0,[+Durative],[+Dynamic]
办报请退役,Activity,1,0,[+Durative],[+Dynamic]
办公司,Activity,1,0,[+Durative],[+Dynamic]
办结束,Activity,1,0,[+Durative],[+Dynamic]
办理,Activity,0,4,[+Durative],[+Dynamic]
办理后事,Activity,1,0,[+Durative],[+Dynamic]
办理借贷手续,Activity,0,1,[+Durative],[+Dynamic]
办理军事政治学校,Activity,1,0,[+Durative],[+Dynamic]
办理离婚,Activity,0,1,[+Durative],[+Dynamic]
办理什么事,Activity,1,0,[+Durative],[+Dynamic]
办理选举,Activity,0,1,[+Durative],[+Dynamic]
办理移交、法共政治局号召党员,Activity,0,1,[+Durative],[+Dynamic]
办理住院,Activity,0,1,[+Durative],[+Dynamic]
办年货,Activity,1,0,[+Durative],[+Dynamic]
办什么孔教会的事情,Activity,1,0,[+Durative],[+Dynamic]
办事,Activity,1,0,[+Durative],[+Dynamic]
办喜事,Activity,0,2,[+Durative],[+Dynamic]
办一件事,Activity,1,0,[+Durative],[+Dynamic]
办这个学期的结束,Activity,1,0,[+Durative],[+Dynamic]
办这件事,Activity,0,1,[+Durative],[+Dynamic]
拌醋醅,Activity,1,0,[+Durative],[+Dynamic]
拌豆腐,Activity,1,0,[+Durative],[+Dynamic]
帮别人忙来忙去,Activity,1,0,[+Durative],[+Dynamic]
帮倒忙,Activity,1,0,[+Durative],[+Dynamic]
帮忙,Activity,5,0,[+Durative],[+Dynamic]
帮人圆梦,Activity,1,0,[+Durative],[+Dynamic]
帮谁干活,Activity,1,0,[+Durative],[+Dynamic]
帮她隐瞒,Activity,1,0,[+Durative],[+Dynamic]
帮我们,Activity,1,0,[+Durative],[+Dynamic]
帮用户,Activity,1,0,[+Durative],[+Dynamic]
帮助、指点自己,Activity,1,0,[+Durative],[+Dynamic]
帮助病人走出低谷,Activity,1,0,[+Durative],[+Dynamic]
帮助大家搞清楚事实真相,Activity,1,0,[+Durative],[+Dynamic]
帮助帝国主义者,Activity,1,0,[+Durative],[+Dynamic]
帮助该校开设高度国际化的课程,Activity,1,0,[+Durative],[+Dynamic]
帮助控制政治上的反对分子,Activity,1,0,[+Durative],[+Dynamic]
帮助你们,Activity,1,0,[+Durative],[+Dynamic]
帮助他,Activity,2,0,[+Durative],[+Dynamic]
帮助她,Activity,1,0,[+Durative],[+Dynamic]
帮助文艺工作者认识自己对国家和人民的责任,Activity,1,0,[+Durative],[+Dynamic]
帮助我们,Activity,1,0,[+Durative],[+Dynamic]
帮助我们父子两个,Activity,1,0,[+Durative],[+Dynamic]
帮助兴建,Activity,0,1,[+Durative],[+Dynamic]
帮助一个公社修理农机,Activity,1,0,[+Durative],[+Dynamic]
帮助一个同志改正骄傲自满的毛病,Activity,1,0,[+Durative],[+Dynamic]
帮助一些工厂、机关、学校办好集体食堂,Activity,1,0,[+Durative],[+Dynamic]
帮助以色列对西奈地区发动攻势,Activity,1,0,[+Durative],[+Dynamic]
帮助在台湾中部建筑一座新飞机场,Activity,0,1,[+Durative],[+Dynamic]
帮助这些最反动的、最富有侵略性的帝国主义力量发动战争,Activity,1,0,[+Durative],[+Dynamic]
包饺子,Activity,1,0,[+Durative],[+Dynamic]
包伤口,Activity,0,1,[+Durative],[+Dynamic]
包扎,Activity,1,0,[+Durative],[+Dynamic]
包扎一叠叠的信件,Activity,0,1,[+Durative],[+Dynamic]
保护创新,Activity,1,0,[+Durative],[+Dynamic]
保护他,Activity,1,0,[+Durative],[+Dynamic]
保护他底心爱的东西,Activity,1,0,[+Durative],[+Dynamic]
保护他自己,Activity,1,0,[+Durative],[+Dynamic]
保护她,Activity,1,0,[+Durative],[+Dynamic]
体贴她,State,1,0,[+Durative],[-Dynamic]
保卫地球,Activity,1,0,[+Durative],[+Dynamic]
保卫他们的民族独立和世界和平,Activity,0,1,[+Durative],[+Dynamic]
害怕,State,3,0,[+Durative],[-Dynamic]
害怕皇上动怒,State,0,1,[+Durative],[-Dynamic]
报告,Activity,1,0,[+Durative],[+Dynamic]
报告海湾局势的最新发展,Activity,0,1,[+Durative],[+Dynamic]
报告新闻,Activity,1,0,[+Durative],[+Dynamic]
抱怨,Activity,1,0,[+Durative],[+Dynamic]
抱怨阿巧拿错了衣服,Activity,1,0,[+Durative],[+Dynamic]
抱怨革命对初恋的阉割,Activity,1,0,[+Durative],[+Dynamic]
抱怨经济学家的可怜的预测能力,Activity,1,0,[+Durative],[+Dynamic]
抱怨某事也纹丝不改如同她光滑无皱的脸,Activity,1,0,[+Durative],[+Dynamic]
抱怨她道,Activity,1,0,[+Durative],[+Dynamic]
抱怨我,Activity,1,0,[+Durative],[+Dynamic]
抱怨自己“是孤零零一个人”,Activity,1,0,[+Durative],[+Dynamic]
抱著个盆,Activity,1,0,[+Durative],[+Dynamic]
爆发,Transition,2,0,[-Durative],[+Dynamic]
爆发尖锐的冲突,Transition,1,0,[-Durative],[+Dynamic]
背词,Activity,1,0,[+Durative],[+Dynamic]
背化学元素,Activity,1,0,[+Durative],[+Dynamic]
背批判稿,Activity,1,0,[+Durative],[+Dynamic]
背屈原写的《离骚》中的句子,Activity,1,0,[+Durative],[+Dynamic]
背信,Activity,1,0,[+Durative],[+Dynamic]
被操纵,Activity,0,1,[+Durative],[+Dynamic]
被粉碎,Transition,0,1,[-Durative],[+Dynamic]
被改造成逃亡飞船,Transition,0,1,[+Durative],[+Dynamic]
被监视,Activity,0,1,[+Durative],[+Dynamic]
被建成美国用来试验核弹和其他核武器的永久性试验场,Transition,0,1,[+Durative],[+Dynamic]
被利用,Activity,1,0,[+Durative],[+Dynamic]
被盘问,Activity,1,0,[+Durative],[+Dynamic]
被切断,Transition,1,0,[+Durative],[+Dynamic]
被扫进历史的垃圾堆,Transition,0,1,[+Durative],[+Dynamic]
被释放出来,Transition,0,1,[+Durative],[+Dynamic]
被我丢到身后,Transition,0,1,[+Durative],[+Dynamic]
被吸收到扩大中的工业中去,Transition,0,1,[+Durative],[+Dynamic]
被消耗完,Transition,0,1,[+Durative],[+Dynamic]
被撞倒、被撞晕,Transition,1,0,[-Durative],[+Dynamic]
奔驰,Activity,5,0,[+Durative],[+Dynamic]
奔驰在兴安岭边,Activity,0,1,[+Durative],[+Dynamic]
奔跑,Activity,8,0,[+Durative],[+Dynamic]
奔跑，呼叫,Activity,1,0,[+Durative],[+Dynamic]
奔走,Activity,1,0,[+Durative],[+Dynamic]
蹦,Activity,2,0,[+Durative],[+Dynamic]
逼仓,Activity,1,0,[+Durative],[+Dynamic]
逼你,Activity,1,0,[+Durative],[+Dynamic]
逼琴,Activity,1,0,[+Durative],[+Dynamic]
逼人,Activity,1,0,[+Durative],[+Dynamic]
逼她,Activity,1,0,[+Durative],[+Dynamic]
逼问,Activity,1,0,[+Durative],[+Dynamic]
比剑,Activity,1,0,[+Durative],[+Dynamic]
比赛,Activity,1,1,[+Durative],[+Dynamic]
比赛看谁能把地理课本倒背如流,Activity,1,0,[+Durative],[+Dynamic]
怕那只手,State,1,0,[+Durative],[-Dynamic]
怕谁误会,State,1,0,[+Durative],[-Dynamic]
避免同印度入侵部队发生冲突,Transition,1,0,[-Durative],[+Dynamic]
避免与日本交战,Transition,1,0,[-Durative],[+Dynamic]
编成一根很粗的大辫子,Transition,0,1,[+Durative],[+Dynamic]
编歌骂我,Activity,1,0,[+Durative],[+Dynamic]
编谎,Activity,1,0,[+Durative],[+Dynamic]
编辑,Activity,0,1,[+Durative],[+Dynamic]
编辑《王国维书信集》,Activity,0,1,[+Durative],[+Dynamic]
编辑出版一批重要科技图书,Activity,0,1,[+Durative],[+Dynamic]
编辑一部波中辞典,Activity,0,1,[+Durative],[+Dynamic]
编麻鞋,Activity,1,0,[+Durative],[+Dynamic]
编席子,Activity,1,0,[+Durative],[+Dynamic]
编织东西,Activity,1,0,[+Durative],[+Dynamic]
变,Activity,25,0,[+Durative],[+Dynamic]
变“修”,Activity,0,1,[+Durative],[+Dynamic]
变暗,Activity,1,0,[+Durative],[+Dynamic]
变白,Activity,1,0,[+Durative],[+Dynamic]
变成“两夏”,Transition,0,1,[+Durative],[+Dynamic]
变成美国人的幻想,Transition,0,1,[+Durative],[+Dynamic]
变成群众自觉行动,Transition,0,1,[+Durative],[+Dynamic]
变成未来侵略民主中国的战争根据地,Transition,0,1,[+Durative],[+Dynamic]
变成瞎聊天或编织手艺的时间,Transition,0,1,[+Durative],[+Dynamic]
变成现实,Transition,0,8,[+Durative],[+Dynamic]
变成一个大公园,Transition,0,1,[+Durative],[+Dynamic]
变成一个科学院,Transition,0,1,[+Durative],[+Dynamic]
变成整个亚洲的产业发动机,Transition,0,1,[+Durative],[+Dynamic]
变淡,Activity,1,1,[+Durative],[+Dynamic]
变得更有“存在感”,Transition,0,1,[+Durative],[+Dynamic]
变得日益激烈,Transition,0,1,[+Durative],[+Dynamic]
变得虚无缥缈,Transition,0,1,[+Durative],[+Dynamic]
变得越来越像身边这位少女,Transition,0,1,[+Durative],[+Dynamic]
变轨,Activity,1,0,[+Durative],[+Dynamic]
变好,Activity,2,0,[+Durative],[+Dynamic]
变红,Activity,1,0,[+Durative],[+Dynamic]
变化,Transition,34,3,[+Durative],[+Dynamic]
变化为有事找,Transition,0,1,[+Durative],[+Dynamic]
变坏,Activity,2,0,[+Durative],[+Dynamic]
变换,Activity,4,0,[+Durative],[+Dynamic]
变荒,Activity,1,0,[+Durative],[+Dynamic]
变旧,Activity,1,0,[+Durative],[+Dynamic]
变冷,Activity,0,1,[+Durative],[+Dynamic]
变浓,Activity,1,0,[+Durative],[+Dynamic]
变清,Activity,1,0,[+Durative],[+Dynamic]
变热,Activity,1,0,[+Durative],[+Dynamic]
变软变薄,Activity,1,0,[+Durative],[+Dynamic]
变为半封建半殖民地式的社会,Transition,0,1,[+Durative],[+Dynamic]
变为现实,Transition,0,4,[+Durative],[+Dynamic]
变为最不可靠的,Transition,0,1,[+Durative],[+Dynamic]
变咸,Activity,1,0,[+Durative],[+Dynamic]
变小,Activity,3,1,[+Durative],[+Dynamic]
变形,Activity,1,0,[+Durative],[+Dynamic]
变浊水,Activity,0,1,[+Durative],[+Dynamic]
变奏,Activity,1,0,[+Durative],[+Dynamic]
辨认他眼前的这位自命老朋友的人到底是谁,Activity,1,0,[+Durative],[+Dynamic]
辩论,Activity,4,1,[+Durative],[+Dynamic]
辩论调整组织机构减少人员方案,Activity,0,1,[+Durative],[+Dynamic]
辩论国民党从抗战转入战后的有关方针政策问题,Activity,0,1,[+Durative],[+Dynamic]
表达,Activity,1,0,[+Durative],[+Dynamic]
表达热忱的敬意,Activity,1,0,[+Durative],[+Dynamic]
表示,Activity,3,0,[+Durative],[+Dynamic]
表示不屈和坚贞,Activity,1,0,[+Durative],[+Dynamic]
表示反对,Activity,1,0,[+Durative],[+Dynamic]
表示焦烦,Activity,1,0,[+Durative],[+Dynamic]
表示惊诧,Activity,1,0,[+Durative],[+Dynamic]
表示两国终不能调和,Activity,1,0,[+Durative],[+Dynamic]
表示他的惋惜之情,Activity,1,0,[+Durative],[+Dynamic]
表示他害怕把她失掉,Activity,1,0,[+Durative],[+Dynamic]
表示他有什么伟大的抱负,Activity,1,0,[+Durative],[+Dynamic]
表示它的愁思,Activity,1,0,[+Durative],[+Dynamic]
表示它底胜利,Activity,1,0,[+Durative],[+Dynamic]
表示她不愿意跟他走,Activity,1,0,[+Durative],[+Dynamic]
表示她的敏感,Activity,1,0,[+Durative],[+Dynamic]
表示她愿意和新的势力靠拢,Activity,1,0,[+Durative],[+Dynamic]
表示笑,Activity,1,0,[+Durative],[+Dynamic]
表演,Activity,2,0,[+Durative],[+Dynamic]
表演第三套健身秧歌,Activity,0,1,[+Durative],[+Dynamic]
表演歌舞剧,Activity,1,0,[+Durative],[+Dynamic]
表演民族舞蹈“抬新娘”,Activity,1,0,[+Durative],[+Dynamic]
表演跆拳道和各种民族游戏,Activity,1,0,[+Durative],[+Dynamic]
表扬他们,Activity,1,0,[+Durative],[+Dynamic]
表扬它,Activity,1,0,[+Durative],[+Dynamic]
拨开艺术理想的雾障,Transition,1,0,[+Durative],[+Dynamic]
波动,Activity,5,1,[+Durative],[+Dynamic]
剥削,Activity,2,0,[+Durative],[+Dynamic]
剥削你,Activity,1,0,[+Durative],[+Dynamic]
播放,Activity,1,3,[+Durative],[+Dynamic]
播放那一首“孤独的人是无耻的”歌,Activity,1,0,[+Durative],[+Dynamic]
播放视频,Activity,1,0,[+Durative],[+Dynamic]
播放焰火晚会的实况,Activity,1,0,[+Durative],[+Dynamic]
播放一部纪录片,Activity,0,1,[+Durative],[+Dynamic]
播放一段美妙的乐曲,Activity,0,1,[+Durative],[+Dynamic]
播放一支快活的曲子,Activity,1,0,[+Durative],[+Dynamic]
播关于通缉他的事,Activity,1,0,[+Durative],[+Dynamic]
补底,Activity,1,0,[+Durative],[+Dynamic]
补苗,Activity,0,1,[+Durative],[+Dynamic]
布置,Activity,0,2,[+Durative],[+Dynamic]
布置这一年中的生产计划,Activity,1,0,[+Durative],[+Dynamic]
步入商业社会,Transition,0,1,[+Durative],[+Dynamic]
步入死胡同,Transition,0,1,[+Durative],[+Dynamic]
部署,Activity,1,1,[+Durative],[+Dynamic]
部署、执行屠杀任务,Activity,0,1,[+Durative],[+Dynamic]
部署第四代的洲际弹道导弹,Activity,1,0,[+Durative],[+Dynamic]
擦,Activity,0,1,[+Durative],[+Dynamic]
擦车灯,Activity,0,1,[+Durative],[+Dynamic]
擦厨房,Activity,1,0,[+Durative],[+Dynamic]
擦瓷盆,Activity,6,0,[+Durative],[+Dynamic]
擦额角上的汗滴,Activity,1,0,[+Durative],[+Dynamic]
擦粉,Activity,2,0,[+Durative],[+Dynamic]
擦红药水,Activity,1,0,[+Durative],[+Dynamic]
擦火柴,Activity,1,0,[+Durative],[+Dynamic]
擦泪,Activity,1,0,[+Durative],[+Dynamic]
擦面,Activity,0,2,[+Durative],[+Dynamic]
擦去告别亲人的泪水,Transition,1,0,[+Durative],[+Dynamic]
擦沙,Activity,1,0,[+Durative],[+Dynamic]
擦身,Activity,0,1,[+Durative],[+Dynamic]
擦什么东西,Activity,1,0,[+Durative],[+Dynamic]
擦拭瓷器,Activity,1,0,[+Durative],[+Dynamic]
擦手,Activity,0,1,[+Durative],[+Dynamic]
擦洗楼板,Activity,0,1,[+Durative],[+Dynamic]
擦洗汽车,Activity,0,1,[+Durative],[+Dynamic]
擦眼泪,Activity,3,0,[+Durative],[+Dynamic]
擦桌子,Activity,2,0,[+Durative],[+Dynamic]
擦自己的手,Activity,0,1,[+Durative],[+Dynamic]
猜,Activity,2,0,[+Durative],[+Dynamic]
猜测,Activity,3,0,[+Durative],[+Dynamic]
猜测绑架你的到底是哪一路人,Activity,1,0,[+Durative],[+Dynamic]
猜测柳生的去向,Activity,0,1,[+Durative],[+Dynamic]
猜测一切可能遇到的不利情况,Activity,1,0,[+Durative],[+Dynamic]
猜谜,Activity,1,0,[+Durative],[+Dynamic]
猜那另一半像谁,Activity,1,0,[+Durative],[+Dynamic]
猜拳,Activity,1,0,[+Durative],[+Dynamic]
采购油盐,Activity,0,1,[+Durative],[+Dynamic]
采叶,Activity,0,1,[+Durative],[+Dynamic]
踩刹车,Activity,1,0,[+Durative],[+Dynamic]
参观北京农业机械厂制造的新式农具,Activity,1,0,[+Durative],[+Dynamic]
参观巢鸭青山的疯人院,Activity,1,0,[+Durative],[+Dynamic]
参观甘蔗的优良品种,Activity,0,1,[+Durative],[+Dynamic]
参观谷歌中国清华科技园的新设施,Activity,1,0,[+Durative],[+Dynamic]
参观她的厨房,Activity,1,0,[+Durative],[+Dynamic]
参观展品,Activity,1,0,[+Durative],[+Dynamic]
参加割草的义务劳动,Activity,0,1,[+Durative],[+Dynamic]
参加广播师范大学学习,Activity,1,0,[+Durative],[+Dynamic]
参加秘密多头公司,Activity,0,1,[+Durative],[+Dynamic]
参加那争自由的斗争,Activity,1,0,[+Durative],[+Dynamic]
参加通用机枪射击专业比武,Activity,0,1,[+Durative],[+Dynamic]
参加为时一周的义务劳动,Activity,0,1,[+Durative],[+Dynamic]
参加一场紧张的战斗,Activity,0,1,[+Durative],[+Dynamic]
参加战备演习,Activity,0,1,[+Durative],[+Dynamic]
操纵大局,Activity,1,0,[+Durative],[+Dynamic]
测量标高,Activity,0,1,[+Durative],[+Dynamic]
测量塑料袋,Activity,0,1,[+Durative],[+Dynamic]
策划,Activity,1,1,[+Durative],[+Dynamic]
策划报道,Activity,1,0,[+Durative],[+Dynamic]
策划对越南的新挑衅,Activity,1,0,[+Durative],[+Dynamic]
策划反对叙利亚的新阴谋,Activity,1,0,[+Durative],[+Dynamic]
策划极其危险的步骤,Activity,1,0,[+Durative],[+Dynamic]
策划举行“不结盟国家”经济会议,Activity,0,1,[+Durative],[+Dynamic]
策划扩张阴谋的殖民主义,Activity,1,0,[+Durative],[+Dynamic]
策划破坏伦敦裁军会议,Activity,0,1,[+Durative],[+Dynamic]
策划什么针对谁要搞点行动,Activity,1,0,[+Durative],[+Dynamic]
策划新的阴谋,Activity,1,1,[+Durative],[+Dynamic]
策划新的政变企图,Activity,0,1,[+Durative],[+Dynamic]
策划一个评价体系,Activity,1,0,[+Durative],[+Dynamic]
策划一系列镇压行动,Activity,0,1,[+Durative],[+Dynamic]
策划永久分裂朝鲜,Activity,0,1,[+Durative],[+Dynamic]
插秧,Activity,2,1,[+Durative],[+Dynamic]
查“反标”,Activity,1,0,[+Durative],[+Dynamic]
查处,Activity,0,2,[+Durative],[+Dynamic]
查苗补苗,Activity,0,1,[+Durative],[+Dynamic]
查苗补苗进行苗期管理活动,Activity,0,1,[+Durative],[+Dynamic]
查网篮,Activity,1,0,[+Durative],[+Dynamic]
查一本本的名册,Activity,1,0,[+Durative],[+Dynamic]
查阅资料,Activity,1,0,[+Durative],[+Dynamic]
查找大白鲟死亡原因,Activity,0,1,[+Durative],[+Dynamic]
拆,Activity,1,0,[+Durative],[+Dynamic]
拆草棚,Activity,1,0,[+Durative],[+Dynamic]
拆城,Activity,1,0,[+Durative],[+Dynamic]
拆房子,Activity,1,0,[+Durative],[+Dynamic]
拆毁房屋,Transition,0,1,[+Durative],[+Dynamic]
拆开女朋友寄来的包裹,Transition,0,1,[+Durative],[+Dynamic]
拆墙,Activity,1,0,[+Durative],[+Dynamic]
拆一件旧毛线衣,Activity,1,0,[+Durative],[+Dynamic]
忏悔,Activity,2,0,[+Durative],[+Dynamic]
颤,Activity,2,0,[+Durative],[+Dynamic]
颤抖,Activity,27,0,[+Durative],[+Dynamic]
唱,Activity,12,0,[+Durative],[+Dynamic]
唱“百字令”,Activity,1,0,[+Durative],[+Dynamic]
唱“小麻雀”,Activity,1,0,[+Durative],[+Dynamic]
唱梆子腔的南天门,Activity,0,1,[+Durative],[+Dynamic]
唱歌,Activity,7,0,[+Durative],[+Dynamic]
唱古,Activity,2,0,[+Durative],[+Dynamic]
唱什么,Activity,1,0,[+Durative],[+Dynamic]
唱生日歌,Activity,1,0,[+Durative],[+Dynamic]
唱他们听惯了的那种没有感情的单调的调子,Activity,1,0,[+Durative],[+Dynamic]
唱童谣,Activity,1,0,[+Durative],[+Dynamic]
唱戏,Activity,0,1,[+Durative],[+Dynamic]
唱小曲儿,Activity,1,0,[+Durative],[+Dynamic]
唱一个被抛弃的女人的忧伤,Activity,1,0,[+Durative],[+Dynamic]
朝互联网结合资本的企业这样一条路在走,Activity,0,1,[+Durative],[+Dynamic]
吵,Activity,5,0,[+Durative],[+Dynamic]
吵架,Activity,3,1,[+Durative],[+Dynamic]
炒菜,Activity,0,1,[+Durative],[+Dynamic]
炒周立波专场演出票,Activity,1,0,[+Durative],[+Dynamic]
扯谎,Activity,1,0,[+Durative],[+Dynamic]
扯锁,Activity,1,0,[+Durative],[+Dynamic]
扯衣角,Activity,1,0,[+Durative],[+Dynamic]
沉,Activity,3,0,[+Durative],[+Dynamic]
沉入安静,Transition,0,2,[+Durative],[+Dynamic]
称赞解放军的纪律严明,Activity,1,0,[+Durative],[+Dynamic]
称赞你读书读得好,Activity,1,0,[+Durative],[+Dynamic]
撑腰和打气,Activity,1,0,[+Durative],[+Dynamic]
成立,Transition,2,0,[-Durative],[+Dynamic]
成立地产公司,Transition,0,1,[-Durative],[+Dynamic]
成立两个师的武装部队,Transition,0,1,[-Durative],[+Dynamic]
呈现出欣欣向荣的兴旺景象,Transition,0,1,[-Durative],[+Dynamic]
吃,Activity,13,1,[+Durative],[+Dynamic]
吃不吉的果实,Activity,1,0,[+Durative],[+Dynamic]
吃草,Activity,2,0,[+Durative],[+Dynamic]
吃草料,Activity,1,0,[+Durative],[+Dynamic]
吃醋,Activity,1,0,[+Durative],[+Dynamic]
吃点心,Activity,1,0,[+Durative],[+Dynamic]
吃东西,Activity,0,1,[+Durative],[+Dynamic]
吃饭,Activity,18,18,[+Durative],[+Dynamic]
吃饭盒子,Activity,0,1,[+Durative],[+Dynamic]
吃饭团,Activity,1,0,[+Durative],[+Dynamic]
吃高粱馍馍,Activity,1,0,[+Durative],[+Dynamic]
吃瓜子,Activity,0,1,[+Durative],[+Dynamic]
吃家乡菜,Activity,0,1,[+Durative],[+Dynamic]
吃苦,Activity,5,0,[+Durative],[+Dynamic]
吃利息,Activity,1,0,[+Durative],[+Dynamic]
吃面条,Activity,1,0,[+Durative],[+Dynamic]
吃奶,Activity,3,0,[+Durative],[+Dynamic]
吃南乳花生,Activity,0,1,[+Durative],[+Dynamic]
吃年饭,Activity,1,0,[+Durative],[+Dynamic]
吃年夜饭,Activity,2,0,[+Durative],[+Dynamic]
吃人肉、喝人血,Activity,1,0,[+Durative],[+Dynamic]
吃什么,Activity,1,0,[+Durative],[+Dynamic]
吃什么好吃的东西,Activity,0,1,[+Durative],[+Dynamic]
吃什么食物,Activity,1,0,[+Durative],[+Dynamic]
吃他的肺,Activity,2,0,[+Durative],[+Dynamic]
吃糖,Activity,1,0,[+Durative],[+Dynamic]
吃团年饭,Activity,1,0,[+Durative],[+Dynamic]
吃丸药,Activity,1,0,[+Durative],[+Dynamic]
吃晚饭,Activity,1,4,[+Durative],[+Dynamic]
吃午饭,Activity,0,3,[+Durative],[+Dynamic]
吃香鸡排,Activity,1,0,[+Durative],[+Dynamic]
吃药,Activity,4,0,[+Durative],[+Dynamic]
吃一个邻居妇女的尸体,Activity,1,0,[+Durative],[+Dynamic]
吃一只野兔,Activity,0,1,[+Durative],[+Dynamic]
吃早饭,Activity,1,2,[+Durative],[+Dynamic]
吃早粥,Activity,0,1,[+Durative],[+Dynamic]
吃长饭,Activity,1,0,[+Durative],[+Dynamic]
吃自己的手,Activity,0,1,[+Durative],[+Dynamic]
吃自己卖出去的鱼,Activity,1,0,[+Durative],[+Dynamic]
冲凉水米劳糟,Activity,0,1,[+Durative],[+Dynamic]
冲破原有体制的束缚,Transition,0,1,[+Durative],[+Dynamic]
抽,Activity,0,1,[+Durative],[+Dynamic]
抽气,Activity,2,0,[+Durative],[+Dynamic]
抽泣,Activity,2,0,[+Durative],[+Dynamic]
抽他的纸烟,Activity,1,0,[+Durative],[+Dynamic]
抽芽,Activity,1,0,[+Durative],[+Dynamic]
抽烟,Activity,10,6,[+Durative],[+Dynamic]
怕什么,State,1,0,[+Durative],[-Dynamic]
筹备,Activity,3,6,[+Durative],[+Dynamic]
筹备安装,Activity,0,1,[+Durative],[+Dynamic]
筹备包括有丰富的文娱节目的和平集会,Activity,0,1,[+Durative],[+Dynamic]
筹备成立,Activity,0,1,[+Durative],[+Dynamic]
筹备成立武术联合会,Activity,1,0,[+Durative],[+Dynamic]
筹备成立职工消费合作社,Activity,0,1,[+Durative],[+Dynamic]
筹备第六轮六方会谈第二阶段会议,Activity,0,1,[+Durative],[+Dynamic]
筹备盖新房子,Activity,0,1,[+Durative],[+Dynamic]
筹备和试办,Activity,0,1,[+Durative],[+Dynamic]
筹备恢复,Activity,0,1,[+Durative],[+Dynamic]
筹备建立博士后流动站,Activity,0,1,[+Durative],[+Dynamic]
筹备建立园区非公党委,Activity,0,1,[+Durative],[+Dynamic]
筹备建设国家级轮轴技术研究中心,Activity,0,1,[+Durative],[+Dynamic]
筹备将于七月七日在瑞士洛桑举行的世界母亲大会,Activity,0,1,[+Durative],[+Dynamic]
筹备举行一个展览会,Activity,0,1,[+Durative],[+Dynamic]
筹备设立特殊目的机构,Activity,0,1,[+Durative],[+Dynamic]
筹备摄制,Activity,0,1,[+Durative],[+Dynamic]
筹备双十节的提灯大会,Activity,0,1,[+Durative],[+Dynamic]
筹备一个工会式的组织,Activity,1,0,[+Durative],[+Dynamic]
筹备一切,Activity,0,1,[+Durative],[+Dynamic]
筹备迎接解放的各种活动,Activity,1,0,[+Durative],[+Dynamic]
筹备于八月五日举行要求禁止原子武器的市民大会,Activity,1,0,[+Durative],[+Dynamic]
筹备于在英国举行的世界性会议,Activity,0,1,[+Durative],[+Dynamic]
筹划,Activity,0,2,[+Durative],[+Dynamic]
筹划归程的机票,Activity,1,0,[+Durative],[+Dynamic]
筹划建立中华革命军的事,Activity,0,1,[+Durative],[+Dynamic]
筹划今晚上怎样才可以逃脱她的虎口,Activity,1,0,[+Durative],[+Dynamic]
筹划举办,Activity,1,0,[+Durative],[+Dynamic]
筹划上海的武装起义,Activity,0,1,[+Durative],[+Dynamic]
筹划应付的办法,Activity,1,0,[+Durative],[+Dynamic]
踌躇,Activity,3,3,[+Durative],[+Dynamic]
踌蹰将来的家计,Activity,1,0,[+Durative],[+Dynamic]
踌蹰什么,Activity,1,0,[+Durative],[+Dynamic]
出,Activity,1,0,[+Durative],[+Dynamic]
出版,Transition,1,1,[-Durative],[+Dynamic]
出版一套杂文丛书,Transition,0,1,[-Durative],[+Dynamic]
出操,Activity,0,1,[+Durative],[+Dynamic]
出汗,Activity,1,0,[+Durative],[+Dynamic]
出力,Activity,1,0,[+Durative],[+Dynamic]
出现,Transition,2,2,[+Durative],[+Dynamic]
出现群芳竞春、百花争艳的景象,Transition,0,1,[+Durative],[+Dynamic]
出现新的情况,Transition,0,1,[+Durative],[+Dynamic]
出血,Activity,0,1,[+Durative],[+Dynamic]
出洋相,Activity,1,0,[+Durative],[+Dynamic]
出一个方子,Activity,1,0,[+Durative],[+Dynamic]
出早操,Activity,0,1,[+Durative],[+Dynamic]
出主意,Activity,1,0,[+Durative],[+Dynamic]
锄草,Activity,1,0,[+Durative],[+Dynamic]
锄地,Activity,0,2,[+Durative],[+Dynamic]
锄他的地,Activity,1,0,[+Durative],[+Dynamic]
锄自留地,Activity,0,1,[+Durative],[+Dynamic]
处理,Activity,1,0,[+Durative],[+Dynamic]
处理国家大事,Activity,1,0,[+Durative],[+Dynamic]
处理妓女问题,Activity,0,1,[+Durative],[+Dynamic]
处理进NBA的一些细节问题,Activity,1,0,[+Durative],[+Dynamic]
处理王治郅的事情,Activity,1,0,[+Durative],[+Dynamic]
处理危机,Activity,1,0,[+Durative],[+Dynamic]
处理一辆危化品车辆疲劳驾驶工单,Activity,0,1,[+Durative],[+Dynamic]
处理有关肃奸事宜,Activity,0,1,[+Durative],[+Dynamic]
穿出大气层,Transition,0,1,[+Durative],[+Dynamic]
穿潜水衣,Activity,0,1,[+Durative],[+Dynamic]
穿她自己手制的中国料的西装,Activity,1,0,[+Durative],[+Dynamic]
穿鞋,Activity,1,0,[+Durative],[+Dynamic]
穿一件消过毒的隔离衣,Activity,0,1,[+Durative],[+Dynamic]
穿衣,Activity,0,1,[+Durative],[+Dynamic]
穿衣服,Activity,4,1,[+Durative],[+Dynamic]
穿衣裳,Activity,3,0,[+Durative],[+Dynamic]
传,Activity,2,0,[+Durative],[+Dynamic]
喘,Activity,1,0,[+Durative],[+Dynamic]
喘气,Activity,2,2,[+Durative],[+Dynamic]
串村,Activity,1,0,[+Durative],[+Dynamic]
创造,Transition,4,2,[+Durative],[+Dynamic]
创造各种优良的条件,Transition,0,1,[+Durative],[+Dynamic]
创造更多的公共产品,Transition,0,1,[+Durative],[+Dynamic]
创造更好条件,Transition,0,1,[+Durative],[+Dynamic]
创造更美好的未来,Transition,0,1,[+Durative],[+Dynamic]
创造价值,Transition,1,0,[+Durative],[+Dynamic]
创造条件,Transition,1,0,[+Durative],[+Dynamic]
创造条件以便使所有的田间费力工作在一九六零年完全机械化,Transition,0,1,[+Durative],[+Dynamic]
创造一切先决条件来继续推进这个胜利的发展,Transition,0,1,[+Durative],[+Dynamic]
创造源源不断的红利,Transition,0,1,[+Durative],[+Dynamic]
创造祖国灿烂的未来,Transition,0,1,[+Durative],[+Dynamic]
创作,Activity,1,3,[+Durative],[+Dynamic]
创作一部名为“九州同”的交响乐,Activity,0,1,[+Durative],[+Dynamic]
吹,Activity,6,0,[+Durative],[+Dynamic]
吹大气,Activity,1,0,[+Durative],[+Dynamic]
吹笛子,Activity,1,0,[+Durative],[+Dynamic]
吹风,Activity,2,0,[+Durative],[+Dynamic]
吹哨,Activity,1,0,[+Durative],[+Dynamic]
吹哨子,Activity,1,0,[+Durative],[+Dynamic]
吹箫,Activity,1,0,[+Durative],[+Dynamic]
吹一种呜呜的声音,Activity,1,0,[+Durative],[+Dynamic]
刺激她,Activity,1,0,[+Durative],[+Dynamic]
刺激消费者的胃口,Activity,1,0,[+Durative],[+Dynamic]
刺激英苏,Activity,1,0,[+Durative],[+Dynamic]
催促,Activity,3,1,[+Durative],[+Dynamic]
催促他们的同伴,Activity,1,0,[+Durative],[+Dynamic]
催促她,Activity,1,0,[+Durative],[+Dynamic]
催促我们,Activity,1,0,[+Durative],[+Dynamic]
催房钱,Activity,1,0,[+Durative],[+Dynamic]
催枚少爷上轿,Activity,1,0,[+Durative],[+Dynamic]
催她,Activity,1,0,[+Durative],[+Dynamic]
催她“快叫，快叫”,Activity,1,0,[+Durative],[+Dynamic]
催她走,Activity,1,0,[+Durative],[+Dynamic]
催我动身,Activity,1,0,[+Durative],[+Dynamic]
搓牌,Activity,0,1,[+Durative],[+Dynamic]
搓手擦拳,Activity,0,1,[+Durative],[+Dynamic]
搭彩门,Activity,0,1,[+Durative],[+Dynamic]
搭彩棚,Activity,0,1,[+Durative],[+Dynamic]
搭车收费,Activity,1,0,[+Durative],[+Dynamic]
答复问题,Activity,1,0,[+Durative],[+Dynamic]
答应,Activity,1,0,[+Durative],[+Dynamic]
打,Activity,7,3,[+Durative],[+Dynamic]
打120分,Activity,0,1,[+Durative],[+Dynamic]
打爸爸,Activity,1,0,[+Durative],[+Dynamic]
打摆子,Activity,3,1,[+Durative],[+Dynamic]
打半场,Activity,1,0,[+Durative],[+Dynamic]
打扮,Activity,0,1,[+Durative],[+Dynamic]
打布蒙的鼓,Activity,1,0,[+Durative],[+Dynamic]
打颤,Activity,2,0,[+Durative],[+Dynamic]
打倒军阀,Transition,1,0,[-Durative],[+Dynamic]
打得热火朝天,Transition,0,1,[-Durative],[+Dynamic]
打敌机,Activity,0,1,[+Durative],[+Dynamic]
打电话,Activity,3,4,[+Durative],[+Dynamic]
打电话联系灾区的医院和相关收留单位,Activity,1,0,[+Durative],[+Dynamic]
打电脑游戏,Activity,0,1,[+Durative],[+Dynamic]
打抖,Activity,1,0,[+Durative],[+Dynamic]
打工,Activity,2,0,[+Durative],[+Dynamic]
打鼓,Activity,1,0,[+Durative],[+Dynamic]
打鬼子,Activity,1,0,[+Durative],[+Dynamic]
打鬼子碉堡,Activity,1,0,[+Durative],[+Dynamic]
打鼾,Activity,4,0,[+Durative],[+Dynamic]
打糊涂主意,Activity,2,0,[+Durative],[+Dynamic]
打击报复,Activity,1,0,[+Durative],[+Dynamic]
打击灵姗,Activity,1,0,[+Durative],[+Dynamic]
打击什么东西,Activity,1,0,[+Durative],[+Dynamic]
打机枪,Activity,0,1,[+Durative],[+Dynamic]
打架,Activity,1,0,[+Durative],[+Dynamic]
打交道,Activity,1,0,[+Durative],[+Dynamic]
打开,Transition,1,3,[-Durative],[+Dynamic]
打开电视,Transition,0,1,[-Durative],[+Dynamic]
打开回忆的门,Transition,0,1,[-Durative],[+Dynamic]
打开箱子来,Transition,0,1,[-Durative],[+Dynamic]
打磕睡,Activity,1,0,[+Durative],[+Dynamic]
打瞌睡,Activity,7,2,[+Durative],[+Dynamic]
打老虎,Activity,0,1,[+Durative],[+Dynamic]
打离婚,Activity,1,0,[+Durative],[+Dynamic]
打量,Activity,2,0,[+Durative],[+Dynamic]
打量他,Activity,1,0,[+Durative],[+Dynamic]
打量他们,Activity,0,1,[+Durative],[+Dynamic]
打量我,Activity,1,1,[+Durative],[+Dynamic]
打量吴少奶奶的居丧素装,Activity,1,0,[+Durative],[+Dynamic]
打量这个壮壮实实的儿子,Activity,1,0,[+Durative],[+Dynamic]
打量这一切,Activity,1,0,[+Durative],[+Dynamic]
打量周围动静,Activity,0,1,[+Durative],[+Dynamic]
打领结,Activity,1,0,[+Durative],[+Dynamic]
打麻将,Activity,1,2,[+Durative],[+Dynamic]
打毛线、看小说、闲聊天,Activity,1,0,[+Durative],[+Dynamic]
打门,Activity,1,1,[+Durative],[+Dynamic]
打磨铁板上的锈迹,Activity,1,0,[+Durative],[+Dynamic]
打那个录音机,Activity,1,0,[+Durative],[+Dynamic]
打内战,Activity,1,0,[+Durative],[+Dynamic]
打你主意,Activity,1,0,[+Durative],[+Dynamic]
打拍子,Activity,1,0,[+Durative],[+Dynamic]
打牌,Activity,13,3,[+Durative],[+Dynamic]
打牌九,Activity,1,0,[+Durative],[+Dynamic]
打喷嚏,Activity,1,0,[+Durative],[+Dynamic]
打破,Transition,1,0,[+Durative],[+Dynamic]
打钱的主意,Activity,0,2,[+Durative],[+Dynamic]
打枪,Activity,2,0,[+Durative],[+Dynamic]
打球,Activity,3,1,[+Durative],[+Dynamic]
打扫,Activity,0,1,[+Durative],[+Dynamic]
打扫楚地居门前的空地,Activity,0,1,[+Durative],[+Dynamic]
打扫教室,Activity,0,1,[+Durative],[+Dynamic]
打扫卫生,Activity,1,0,[+Durative],[+Dynamic]
打谁,Activity,1,0,[+Durative],[+Dynamic]
打什么小算盘,Activity,1,0,[+Durative],[+Dynamic]
打什么主意,Activity,2,0,[+Durative],[+Dynamic]
打暑期工,Activity,0,1,[+Durative],[+Dynamic]
打水,Activity,1,1,[+Durative],[+Dynamic]
怕毓芳,State,1,0,[+Durative],[-Dynamic]
爱加林,State,1,0,[+Durative],[-Dynamic]
爱李静淑,State,1,0,[+Durative],[-Dynamic]
打算盘,Activity,1,0,[+Durative],[+Dynamic]
爱你,State,1,0,[+Durative],[-Dynamic]
爱他,State,5,0,[+Durative],[-Dynamic]
爱她,State,3,0,[+Durative],[-Dynamic]
爱我,State,2,0,[+Durative],[-Dynamic]
打唆哈,Activity,1,0,[+Durative],[+Dynamic]
打他的主意,Activity,0,1,[+Durative],[+Dynamic]
打它的主意,Activity,1,0,[+Durative],[+Dynamic]
打探我们这个机构和我们这些人,Activity,0,1,[+Durative],[+Dynamic]
打探这信箱的地址,Activity,1,0,[+Durative],[+Dynamic]
打天九,Activity,0,1,[+Durative],[+Dynamic]
打铁,Activity,1,0,[+Durative],[+Dynamic]
打听,Activity,1,0,[+Durative],[+Dynamic]
打听你,Activity,1,1,[+Durative],[+Dynamic]
打听他的工友邱文泉同志的消息,Activity,1,0,[+Durative],[+Dynamic]
打听消息,Activity,1,0,[+Durative],[+Dynamic]
打铜器,Activity,1,0,[+Durative],[+Dynamic]
打心理战,Activity,1,0,[+Durative],[+Dynamic]
打旋旋,Activity,1,0,[+Durative],[+Dynamic]
打烟泡,Activity,1,0,[+Durative],[+Dynamic]
打药,Activity,0,1,[+Durative],[+Dynamic]
打一场游击战,Activity,1,0,[+Durative],[+Dynamic]
打一个骨瘦如柴的逃荒孩子,Activity,1,0,[+Durative],[+Dynamic]
打游戏,Activity,1,0,[+Durative],[+Dynamic]
打友谊赛,Activity,1,0,[+Durative],[+Dynamic]
打仗,Activity,4,2,[+Durative],[+Dynamic]
打主意,Activity,3,0,[+Durative],[+Dynamic]
打自己的脸,Activity,2,0,[+Durative],[+Dynamic]
打自己的算盘,Activity,1,0,[+Durative],[+Dynamic]
打自己的嘴巴,Activity,1,0,[+Durative],[+Dynamic]
打字,Activity,0,1,[+Durative],[+Dynamic]
打嘴仗,Activity,1,0,[+Durative],[+Dynamic]
打坐还是上课,Activity,1,0,[+Durative],[+Dynamic]
代理,Activity,1,0,[+Durative],[+Dynamic]
代替,Activity,0,4,[+Durative],[+Dynamic]
代替历史一字一句地讲出上述这句话,Activity,1,0,[+Durative],[+Dynamic]
带电话,Activity,1,0,[+Durative],[+Dynamic]
带回,Transition,0,1,[+Durative],[+Dynamic]
戴三四百年前底冠子,Activity,1,0,[+Durative],[+Dynamic]
担粪,Activity,0,1,[+Durative],[+Dynamic]
担任游动哨,Activity,0,1,[+Durative],[+Dynamic]
担心,Activity,17,2,[+Durative],[+Dynamic]
担心地下党和我们联系不上,Activity,1,0,[+Durative],[+Dynamic]
担心社能不能办好,Activity,1,0,[+Durative],[+Dynamic]
担心他的忠心,Activity,1,0,[+Durative],[+Dynamic]
担心他是否有这样飞涧跨谷的奇能,Activity,1,0,[+Durative],[+Dynamic]
担心徐以显转来,Activity,0,1,[+Durative],[+Dynamic]
担心志刚会把看见的事说出去,Activity,1,0,[+Durative],[+Dynamic]
担忧,State,2,0,[+Durative],[-Dynamic]
耽心什么,Activity,1,0,[+Durative],[+Dynamic]
当“招待”,Activity,1,0,[+Durative],[+Dynamic]
当帮手,Activity,1,0,[+Durative],[+Dynamic]
当部长,Activity,1,0,[+Durative],[+Dynamic]
当官,Activity,1,0,[+Durative],[+Dynamic]
当教员,Activity,0,1,[+Durative],[+Dynamic]
当少爷,Activity,1,0,[+Durative],[+Dynamic]
挡路,Activity,1,0,[+Durative],[+Dynamic]
挡住什么凶恶的敌人,Transition,1,0,[+Durative],[+Dynamic]
捣毁鬼子的仓库,Transition,1,0,[+Durative],[+Dynamic]
捣乱,Activity,2,0,[+Durative],[+Dynamic]
到来,Transition,0,9,[-Durative],[+Dynamic]
倒,Activity,0,1,[+Durative],[+Dynamic]
倒酒,Activity,1,1,[+Durative],[+Dynamic]
倒两大桶豆油,Activity,1,0,[+Durative],[+Dynamic]
倒葡萄酒,Activity,0,1,[+Durative],[+Dynamic]
悼念我,Activity,1,0,[+Durative],[+Dynamic]
悼念自己,Activity,1,0,[+Durative],[+Dynamic]
道歉,Activity,1,0,[+Durative],[+Dynamic]
得到报偿,Transition,0,1,[-Durative],[+Dynamic]
得到改变,Transition,0,1,[-Durative],[+Dynamic]
得到改善,Transition,0,1,[-Durative],[+Dynamic]
得到巩固和发展,Transition,0,1,[-Durative],[+Dynamic]
得到恢复,Transition,0,1,[-Durative],[+Dynamic]
得到落实,Transition,0,1,[-Durative],[+Dynamic]
得到有效防范,Transition,0,1,[-Durative],[+Dynamic]
登记病号饭,Activity,0,1,[+Durative],[+Dynamic]
登山,Activity,0,1,[+Durative],[+Dynamic]
登一道阶梯,Activity,1,0,[+Durative],[+Dynamic]
登一座小山,Activity,0,1,[+Durative],[+Dynamic]
等,Activity,12,0,[+Durative],[+Dynamic]
等203路,Activity,1,0,[+Durative],[+Dynamic]
等车,Activity,1,0,[+Durative],[+Dynamic]
等车接他们到昆明去,Activity,0,1,[+Durative],[+Dynamic]
等车子,Activity,2,0,[+Durative],[+Dynamic]
等出租车,Activity,1,0,[+Durative],[+Dynamic]
等待,Activity,9,0,[+Durative],[+Dynamic]
等待曹变蛟和左光先的战斗结果,Activity,0,1,[+Durative],[+Dynamic]
等待车子追上来,Activity,1,0,[+Durative],[+Dynamic]
等待吃什么,Activity,0,1,[+Durative],[+Dynamic]
等待答复,Activity,1,0,[+Durative],[+Dynamic]
等待对方先说话,Activity,1,0,[+Durative],[+Dynamic]
等待顾客,Activity,1,0,[+Durative],[+Dynamic]
等待观望,Activity,1,0,[+Durative],[+Dynamic]
等待好消息,Activity,1,0,[+Durative],[+Dynamic]
等待结果,Activity,1,0,[+Durative],[+Dynamic]
等待解放军去接收,Activity,1,0,[+Durative],[+Dynamic]
等待看他的戏,Activity,1,0,[+Durative],[+Dynamic]
等待科学家给出准确答案,Activity,1,0,[+Durative],[+Dynamic]
等待灵感与经验,Activity,1,0,[+Durative],[+Dynamic]
等待那边的父母为他争取到烈士称号,Activity,1,0,[+Durative],[+Dynamic]
等待那顿意料之中的盘诘和训斥降临,Activity,1,0,[+Durative],[+Dynamic]
等待奇迹,Activity,1,0,[+Durative],[+Dynamic]
等待球进篮,Activity,1,0,[+Durative],[+Dynamic]
等待什么,Activity,4,1,[+Durative],[+Dynamic]
等待什么人,Activity,1,0,[+Durative],[+Dynamic]
等待什么人回家,Activity,1,0,[+Durative],[+Dynamic]
等待他,Activity,3,0,[+Durative],[+Dynamic]
等待他的反应,Activity,1,0,[+Durative],[+Dynamic]
等待他的回答,Activity,1,0,[+Durative],[+Dynamic]
等待他们,Activity,2,0,[+Durative],[+Dynamic]
等待它的痊愈,Activity,0,1,[+Durative],[+Dynamic]
等待她,Activity,2,0,[+Durative],[+Dynamic]
等待她那曾燃起情霞的呼吸,Activity,1,0,[+Durative],[+Dynamic]
等待她去,Activity,1,0,[+Durative],[+Dynamic]
等待我的拥抱,Activity,1,0,[+Durative],[+Dynamic]
等待我们,Activity,2,0,[+Durative],[+Dynamic]
等待我那一声“中午好”,Activity,1,0,[+Durative],[+Dynamic]
等待向玛瑙山突然扑来,Activity,0,1,[+Durative],[+Dynamic]
等待小贝的宣判,Activity,1,0,[+Durative],[+Dynamic]
等待新的投资风口,Activity,1,0,[+Durative],[+Dynamic]
等待新年的赏钱和娱乐,Activity,1,0,[+Durative],[+Dynamic]
等待新一代的阅读器,Activity,0,1,[+Durative],[+Dynamic]
等待一次大显身手的机会,Activity,1,0,[+Durative],[+Dynamic]
等待一次重大的判断错误来设法公开把他去掉,Activity,1,0,[+Durative],[+Dynamic]
等待一个奇迹,Activity,1,0,[+Durative],[+Dynamic]
等待一个心上人,Activity,1,0,[+Durative],[+Dynamic]
等待一个忠诚的朋友坐上去,Activity,1,0,[+Durative],[+Dynamic]
等待英国澄清,Activity,1,0,[+Durative],[+Dynamic]
等待这个报告,Activity,1,0,[+Durative],[+Dynamic]
等待这个残老的动物,Activity,1,0,[+Durative],[+Dynamic]
等待这样一部戏,Activity,1,0,[+Durative],[+Dynamic]
等待政府尽快地公布它的详细的纲领,Activity,1,0,[+Durative],[+Dynamic]
等待自己,Activity,1,0,[+Durative],[+Dynamic]
等待最后的结局,Activity,1,0,[+Durative],[+Dynamic]
等电话,Activity,1,0,[+Durative],[+Dynamic]
等犯人说什么,Activity,1,0,[+Durative],[+Dynamic]
等稿子,Activity,0,1,[+Durative],[+Dynamic]
等工,Activity,1,0,[+Durative],[+Dynamic]
等工作,Activity,1,0,[+Durative],[+Dynamic]
等候,Activity,3,0,[+Durative],[+Dynamic]
等候红娘子回来一同吃饭并商议大事,Activity,0,1,[+Durative],[+Dynamic]
等候麾下人豫,Activity,1,0,[+Durative],[+Dynamic]
等候开寨门,Activity,1,0,[+Durative],[+Dynamic]
等候命令,Activity,0,1,[+Durative],[+Dynamic]
等候那个可怕的爆发,Activity,1,0,[+Durative],[+Dynamic]
等候亲人汇款的佳音,Activity,0,1,[+Durative],[+Dynamic]
等候青天大老爷救他一命一样,Activity,1,0,[+Durative],[+Dynamic]
等候商州那边的消息,Activity,0,1,[+Durative],[+Dynamic]
等候什么噩兆,Activity,1,0,[+Durative],[+Dynamic]
等候什么人,Activity,1,0,[+Durative],[+Dynamic]
等候他,Activity,2,0,[+Durative],[+Dynamic]
等候他的归来,Activity,0,1,[+Durative],[+Dynamic]
等候他的主意,Activity,1,0,[+Durative],[+Dynamic]
等候他们,Activity,1,0,[+Durative],[+Dynamic]
等候她,Activity,2,0,[+Durative],[+Dynamic]
等候她们,Activity,1,0,[+Durative],[+Dynamic]
等候她说最后的什么话,Activity,1,0,[+Durative],[+Dynamic]
等候我们,Activity,1,0,[+Durative],[+Dynamic]
等候这架直升机的救援,Activity,1,0,[+Durative],[+Dynamic]
等候总经理,Activity,2,0,[+Durative],[+Dynamic]
等机,Activity,1,0,[+Durative],[+Dynamic]
等机会,Activity,1,1,[+Durative],[+Dynamic]
等李青,Activity,1,0,[+Durative],[+Dynamic]
等两个伙计一道走,Activity,1,0,[+Durative],[+Dynamic]
等妈妈夸奖他几句,Activity,1,0,[+Durative],[+Dynamic]
等买什么好东西,Activity,1,0,[+Durative],[+Dynamic]
等密斯胡,Activity,1,0,[+Durative],[+Dynamic]
等你,Activity,16,1,[+Durative],[+Dynamic]
等你答应的礼物,Activity,1,0,[+Durative],[+Dynamic]
等你的好消息,Activity,1,0,[+Durative],[+Dynamic]
等你请他吃中国菜,Activity,1,0,[+Durative],[+Dynamic]
等你上课,Activity,1,0,[+Durative],[+Dynamic]
等你收干女儿,Activity,1,0,[+Durative],[+Dynamic]
等你退休,Activity,1,0,[+Durative],[+Dynamic]
等钱还眼,Activity,1,0,[+Durative],[+Dynamic]
等人,Activity,3,0,[+Durative],[+Dynamic]
等谁,Activity,1,0,[+Durative],[+Dynamic]
等什么,Activity,3,0,[+Durative],[+Dynamic]
等什么重要人物,Activity,1,0,[+Durative],[+Dynamic]
等圣旨,Activity,1,0,[+Durative],[+Dynamic]
等死,Activity,1,0,[+Durative],[+Dynamic]
等他,Activity,7,0,[+Durative],[+Dynamic]
等他回来,Activity,1,0,[+Durative],[+Dynamic]
等他考虑,Activity,1,0,[+Durative],[+Dynamic]
等他们走远,Activity,1,0,[+Durative],[+Dynamic]
等他消息,Activity,1,0,[+Durative],[+Dynamic]
等他一个人,Activity,1,0,[+Durative],[+Dynamic]
等他主动表态,Activity,1,0,[+Durative],[+Dynamic]
等她,Activity,6,0,[+Durative],[+Dynamic]
等她回答,Activity,1,0,[+Durative],[+Dynamic]
等她们来,Activity,1,0,[+Durative],[+Dynamic]
等她同他打招呼,Activity,1,0,[+Durative],[+Dynamic]
等她一个人,Activity,1,0,[+Durative],[+Dynamic]
等她义演,Activity,1,0,[+Durative],[+Dynamic]
等听她这一篇大议论的结局,Activity,2,0,[+Durative],[+Dynamic]
等喂,Activity,2,0,[+Durative],[+Dynamic]
等我,Activity,8,0,[+Durative],[+Dynamic]
等我回复,Activity,1,0,[+Durative],[+Dynamic]
等我回音,Activity,1,0,[+Durative],[+Dynamic]
等我们,Activity,3,0,[+Durative],[+Dynamic]
等县委发话,Activity,1,0,[+Durative],[+Dynamic]
等晓燕,Activity,1,0,[+Durative],[+Dynamic]
等一个莫须有的人,Activity,1,0,[+Durative],[+Dynamic]
等医院确诊,Activity,1,0,[+Durative],[+Dynamic]
等有一天你跟我说分手,Activity,1,0,[+Durative],[+Dynamic]
抵抗,Activity,5,0,[+Durative],[+Dynamic]
抵抗什么,Activity,1,0,[+Durative],[+Dynamic]
点花名册,Activity,1,0,[+Durative],[+Dynamic]
点绿山头,Transition,1,0,[+Durative],[+Dynamic]
点苹果的数字,Activity,1,0,[+Durative],[+Dynamic]
点头,Activity,5,2,[+Durative],[+Dynamic]
点头赞许,Activity,1,0,[+Durative],[+Dynamic]
点烟,Activity,1,0,[+Durative],[+Dynamic]
惦记你们,Activity,1,0,[+Durative],[+Dynamic]
惦记盼望小分队的到来,Activity,1,0,[+Durative],[+Dynamic]
钓鱼,Activity,1,0,[+Durative],[+Dynamic]
调查,Activity,1,8,[+Durative],[+Dynamic]
调查处理,Activity,0,2,[+Durative],[+Dynamic]
调查研究、采取措施,Activity,0,1,[+Durative],[+Dynamic]
调查研究企业潜力和职工思想情况,Activity,0,1,[+Durative],[+Dynamic]
调查这一事件,Activity,0,1,[+Durative],[+Dynamic]
调动,Activity,0,1,[+Durative],[+Dynamic]
调动军队,Activity,1,0,[+Durative],[+Dynamic]
调试,Activity,0,1,[+Durative],[+Dynamic]
调试光伏面板上的清洁装置,Activity,0,1,[+Durative],[+Dynamic]
调提琴的弦子,Activity,0,2,[+Durative],[+Dynamic]
调药,Activity,1,0,[+Durative],[+Dynamic]
调整,Activity,0,2,[+Durative],[+Dynamic]
调整缴费基数口径,Activity,0,1,[+Durative],[+Dynamic]
调整劳动组织、修订生产计划,Activity,1,0,[+Durative],[+Dynamic]
调整其反恐战略,Activity,0,1,[+Durative],[+Dynamic]
调整什么的光景,Activity,1,0,[+Durative],[+Dynamic]
调整完善,Activity,1,0,[+Durative],[+Dynamic]
调整为零,Transition,0,1,[+Durative],[+Dynamic]
调整战术,Activity,0,1,[+Durative],[+Dynamic]
调整政策以实现对接,Activity,0,1,[+Durative],[+Dynamic]
掉,Activity,0,1,[+Durative],[+Dynamic]
掉头发,Activity,0,2,[+Durative],[+Dynamic]
掉屑,Activity,1,0,[+Durative],[+Dynamic]
掉眼泪,Activity,3,0,[+Durative],[+Dynamic]
叠罗汉,Activity,2,0,[+Durative],[+Dynamic]
盯住我们,Activity,1,0,[+Durative],[+Dynamic]
钉,Activity,0,1,[+Durative],[+Dynamic]
钉扣子,Activity,1,0,[+Durative],[+Dynamic]
顶上子弹,Transition,0,1,[+Durative],[+Dynamic]
顶他道,Activity,1,0,[+Durative],[+Dynamic]
订计划、开书目,Activity,1,0,[+Durative],[+Dynamic]
丢我们赏心苑的脸,Transition,1,0,[-Durative],[+Dynamic]
动,Activity,35,0,[+Durative],[+Dynamic]
动工,Activity,2,1,[+Durative],[+Dynamic]
动脑筋,Activity,1,0,[+Durative],[+Dynamic]
动手,Activity,0,1,[+Durative],[+Dynamic]
动手术,Activity,1,2,[+Durative],[+Dynamic]
动员,Activity,1,1,[+Durative],[+Dynamic]
动员村民栽枣树,Activity,1,0,[+Durative],[+Dynamic]
动员侯清槐向他要红契,Activity,1,0,[+Durative],[+Dynamic]
动员社员投资,Activity,1,0,[+Durative],[+Dynamic]
抖,Activity,4,0,[+Durative],[+Dynamic]
斗法,Activity,1,0,[+Durative],[+Dynamic]
斗剑,Activity,1,0,[+Durative],[+Dynamic]
斗七巧图,Activity,2,0,[+Durative],[+Dynamic]
斗争,Activity,12,13,[+Durative],[+Dynamic]
逗夭夭,Activity,1,0,[+Durative],[+Dynamic]
督促她快走,Activity,1,0,[+Durative],[+Dynamic]
读,Activity,8,2,[+Durative],[+Dynamic]
读《春秋左传》,Activity,1,0,[+Durative],[+Dynamic]
读《毛泽东选集》、列宁的《国家与革命》等经典著作,Activity,1,0,[+Durative],[+Dynamic]
读《孙子十家注》,Activity,0,1,[+Durative],[+Dynamic]
读《易经》,Activity,1,0,[+Durative],[+Dynamic]
读《贞观政要》和《诸葛武侯集》,Activity,0,1,[+Durative],[+Dynamic]
读报,Activity,1,0,[+Durative],[+Dynamic]
读报纸上你自杀的消息,Activity,1,0,[+Durative],[+Dynamic]
读别人放在桌子上的一张报纸,Activity,0,1,[+Durative],[+Dynamic]
读初中,Activity,1,1,[+Durative],[+Dynamic]
读大江,Activity,1,0,[+Durative],[+Dynamic]
读二年级,Activity,1,0,[+Durative],[+Dynamic]
读高三,Activity,0,1,[+Durative],[+Dynamic]
读高小第四册,Activity,1,0,[+Durative],[+Dynamic]
读高中,Activity,0,1,[+Durative],[+Dynamic]
读红色家书,Activity,0,1,[+Durative],[+Dynamic]
读茅盾所写的小说《幻灭》,Activity,0,1,[+Durative],[+Dynamic]
读挪威当代作家约恩·福瑟的书,Activity,1,0,[+Durative],[+Dynamic]
读日本数学泰斗炎武次二的博士生,Activity,0,1,[+Durative],[+Dynamic]
读三年级,Activity,1,0,[+Durative],[+Dynamic]
读什么书,Activity,0,1,[+Durative],[+Dynamic]
读书,Activity,15,5,[+Durative],[+Dynamic]
读书或者工作,Activity,1,0,[+Durative],[+Dynamic]
读书讲学,Activity,1,0,[+Durative],[+Dynamic]
读书求知,Activity,1,0,[+Durative],[+Dynamic]
读四年级,Activity,1,0,[+Durative],[+Dynamic]
读唐诗,Activity,1,0,[+Durative],[+Dynamic]
读文件,Activity,1,0,[+Durative],[+Dynamic]
读小学和中学,Activity,1,0,[+Durative],[+Dynamic]
读新的一首,Activity,1,0,[+Durative],[+Dynamic]
读信,Activity,1,0,[+Durative],[+Dynamic]
读一本《谦伯氏英文读本》,Activity,1,0,[+Durative],[+Dynamic]
"读一本三民
主义",Activity,0,1,[+Durative],[+Dynamic]
读一本图文并茂的《怎样经营牧业》,Activity,0,1,[+Durative],[+Dynamic]
读一个剧本,Activity,1,0,[+Durative],[+Dynamic]
读一个肖像,Activity,1,0,[+Durative],[+Dynamic]
读一篇文章,Activity,1,0,[+Durative],[+Dynamic]
读易经,Activity,0,1,[+Durative],[+Dynamic]
读英文,Activity,1,0,[+Durative],[+Dynamic]
读这种对革命有正确认识的材料,Activity,1,0,[+Durative],[+Dynamic]
读祖国人民慰问信,Activity,0,1,[+Durative],[+Dynamic]
端饭,Activity,0,1,[+Durative],[+Dynamic]
蹲,Activity,0,1,[+Durative],[+Dynamic]
夺孩子,Activity,0,1,[+Durative],[+Dynamic]
夺取对红海的控制权,Transition,0,1,[-Durative],[+Dynamic]
躲避,Activity,1,0,[+Durative],[+Dynamic]
躲避他,Activity,2,0,[+Durative],[+Dynamic]
躲避她,Activity,1,0,[+Durative],[+Dynamic]
躲避她的目光,Activity,0,1,[+Durative],[+Dynamic]
躲避我,Activity,1,0,[+Durative],[+Dynamic]
躲避一个厉害的仇家,Activity,1,0,[+Durative],[+Dynamic]
躲风,Activity,1,0,[+Durative],[+Dynamic]
躲警报,Activity,2,0,[+Durative],[+Dynamic]
躲王琦瑶,Activity,1,0,[+Durative],[+Dynamic]
躲我,Activity,1,0,[+Durative],[+Dynamic]
发,Activity,1,0,[+Durative],[+Dynamic]
发白,Activity,3,0,[+Durative],[+Dynamic]
发表她的老成卓见,Activity,1,0,[+Durative],[+Dynamic]
发表演说,Activity,0,1,[+Durative],[+Dynamic]
发表意见,Activity,1,0,[+Durative],[+Dynamic]
发表这方面的文章,Activity,1,0,[+Durative],[+Dynamic]
发颤,Activity,2,0,[+Durative],[+Dynamic]
发愁,Activity,7,6,[+Durative],[+Dynamic]
发出光亮,Transition,1,0,[+Durative],[+Dynamic]
发出无可奈何的喘息的声音,Transition,1,0,[+Durative],[+Dynamic]
发呆,Activity,5,1,[+Durative],[+Dynamic]
发动,Activity,1,0,[+Durative],[+Dynamic]
发动大家找那张订单,Activity,0,1,[+Durative],[+Dynamic]
发动第二次世界大战,Activity,1,0,[+Durative],[+Dynamic]
发动反对美帝国主义发动新世界战争的签名运动,Activity,0,1,[+Durative],[+Dynamic]
发动攻势,Activity,1,1,[+Durative],[+Dynamic]
发动旱季攻势,Activity,0,1,[+Durative],[+Dynamic]
发动全国规模的内战,Activity,0,1,[+Durative],[+Dynamic]
发动新的进攻,Activity,0,1,[+Durative],[+Dynamic]
发动战争,Activity,0,1,[+Durative],[+Dynamic]
发抖,Activity,32,2,[+Durative],[+Dynamic]
发短信,Activity,1,0,[+Durative],[+Dynamic]
发疯,Activity,4,0,[+Durative],[+Dynamic]
发肝胃气,Activity,1,0,[+Durative],[+Dynamic]
发高烧,Activity,4,1,[+Durative],[+Dynamic]
发光,Activity,7,0,[+Durative],[+Dynamic]
发号牌子,Activity,0,1,[+Durative],[+Dynamic]
发挥提升社会文明程度的作用,Activity,0,1,[+Durative],[+Dynamic]
发挥有利于我们的作用,Activity,0,1,[+Durative],[+Dynamic]
发挥越来越大的作用,Activity,0,1,[+Durative],[+Dynamic]
发挥重要作用,Activity,1,0,[+Durative],[+Dynamic]
发挥自己的优势，开发、研制环保技术和产品,Activity,1,0,[+Durative],[+Dynamic]
发挥作用,Activity,2,2,[+Durative],[+Dynamic]
发昏,Activity,1,0,[+Durative],[+Dynamic]
发火,Activity,1,1,[+Durative],[+Dynamic]
发急,Activity,0,2,[+Durative],[+Dynamic]
发狂,Activity,1,0,[+Durative],[+Dynamic]
发狂发痴,Activity,1,0,[+Durative],[+Dynamic]
发牢骚,Activity,3,1,[+Durative],[+Dynamic]
发冷,Activity,4,0,[+Durative],[+Dynamic]
发愣,Activity,1,3,[+Durative],[+Dynamic]
发亮,Activity,5,1,[+Durative],[+Dynamic]
发闷,Activity,1,0,[+Durative],[+Dynamic]
发明各种产品,Transition,1,0,[-Durative],[+Dynamic]
发怒,Activity,3,1,[+Durative],[+Dynamic]
发疟疾,Activity,0,2,[+Durative],[+Dynamic]
发脾气,Activity,2,0,[+Durative],[+Dynamic]
发脾气打人,Activity,1,0,[+Durative],[+Dynamic]
发脾气骂仆人,Activity,0,1,[+Durative],[+Dynamic]
发气,Activity,1,0,[+Durative],[+Dynamic]
发请柬,Activity,1,0,[+Durative],[+Dynamic]
发热,Activity,2,0,[+Durative],[+Dynamic]
发软,Activity,1,0,[+Durative],[+Dynamic]
发烧,Activity,15,2,[+Durative],[+Dynamic]
发什么疯,Activity,1,0,[+Durative],[+Dynamic]
发神经,Activity,1,0,[+Durative],[+Dynamic]
发神经病,Activity,1,0,[+Durative],[+Dynamic]
发生,Transition,9,25,[-Durative],[+Dynamic]
发生变化,Transition,4,2,[-Durative],[+Dynamic]
发生从外国帝国主义的统治下解放出来的重要转变,Transition,0,1,[-Durative],[+Dynamic]
发生大事情,Transition,0,1,[-Durative],[+Dynamic]
发生多样化,Transition,0,1,[-Durative],[+Dynamic]
发生翻天覆地的变化,Transition,0,1,[-Durative],[+Dynamic]
发生复杂深刻变,Transition,0,1,[-Durative],[+Dynamic]
发生改变,Transition,3,1,[-Durative],[+Dynamic]
发生根本性变革,Transition,0,1,[-Durative],[+Dynamic]
发生广泛而深刻的变化,Transition,0,2,[-Durative],[+Dynamic]
发生积极变化,Transition,0,1,[-Durative],[+Dynamic]
发生结构性变化,Transition,0,1,[-Durative],[+Dynamic]
发生巨变,Transition,0,1,[-Durative],[+Dynamic]
发生巨大的变化,Transition,0,1,[-Durative],[+Dynamic]
发生了巨大的变化,Transition,1,0,[-Durative],[+Dynamic]
发生令人兴奋的变化,Transition,0,1,[-Durative],[+Dynamic]
发生社会主义事业的新事情,Transition,1,0,[-Durative],[+Dynamic]
发生深刻变革,Transition,0,1,[-Durative],[+Dynamic]
发生深刻变化,Transition,0,2,[-Durative],[+Dynamic]
发生什么,Transition,0,1,[-Durative],[+Dynamic]
发生什么变化,Transition,0,1,[-Durative],[+Dynamic]
发生什么事,Transition,1,0,[-Durative],[+Dynamic]
发生什么事儿,Transition,0,3,[-Durative],[+Dynamic]
发生什么事情,Transition,0,1,[-Durative],[+Dynamic]
发生新变化,Transition,0,1,[-Durative],[+Dynamic]
发生一次巨大的衍变,Transition,0,1,[-Durative],[+Dynamic]
发生一个巨大的变化,Transition,0,1,[-Durative],[+Dynamic]
发生质的嬗变,Transition,0,1,[-Durative],[+Dynamic]
发生重大的变革,Transition,0,1,[-Durative],[+Dynamic]
发生重大的改变,Transition,0,1,[-Durative],[+Dynamic]
发生重要变化,Transition,0,1,[-Durative],[+Dynamic]
发生作用,Transition,2,0,[-Durative],[+Dynamic]
发烫,Activity,2,0,[+Durative],[+Dynamic]
发疼,Activity,2,0,[+Durative],[+Dynamic]
发痛,Activity,2,0,[+Durative],[+Dynamic]
发威,Activity,0,1,[+Durative],[+Dynamic]
发问,Activity,1,0,[+Durative],[+Dynamic]
发现年轻的标志,Transition,1,0,[-Durative],[+Dynamic]
发现问题、解决问题,Transition,1,0,[-Durative],[+Dynamic]
发笑,Activity,1,0,[+Durative],[+Dynamic]
发些微汗,Activity,1,0,[+Durative],[+Dynamic]
发新闻,Activity,1,0,[+Durative],[+Dynamic]
发薪,Activity,1,0,[+Durative],[+Dynamic]
发言介绍,Activity,1,0,[+Durative],[+Dynamic]
发扬,Activity,1,1,[+Durative],[+Dynamic]
发痒,Activity,1,0,[+Durative],[+Dynamic]
发议论,Activity,1,0,[+Durative],[+Dynamic]
发展,Activity,61,30,[+Durative],[+Dynamic]
发展变化,Activity,1,0,[+Durative],[+Dynamic]
发展国内的交通事业,Activity,0,1,[+Durative],[+Dynamic]
发展合成橡胶工业,Activity,1,0,[+Durative],[+Dynamic]
发展和加强,Activity,1,0,[+Durative],[+Dynamic]
发展和坚持,Activity,0,1,[+Durative],[+Dynamic]
发展核武器,Activity,3,0,[+Durative],[+Dynamic]
发展经济,Activity,1,0,[+Durative],[+Dynamic]
发展旅游业,Activity,1,0,[+Durative],[+Dynamic]
发展生态观光农业,Activity,0,1,[+Durative],[+Dynamic]
发展我,Activity,0,1,[+Durative],[+Dynamic]
发展一个能集合所有的菁良人民的方案,Activity,1,0,[+Durative],[+Dynamic]
发展这个事业,Activity,0,1,[+Durative],[+Dynamic]
发展壮大,Activity,1,1,[+Durative],[+Dynamic]
翻床头柜的抽屉,Activity,1,0,[+Durative],[+Dynamic]
翻电话号码本,Activity,1,0,[+Durative],[+Dynamic]
翻旧社会的老黄历,Activity,1,0,[+Durative],[+Dynamic]
翻身,Activity,1,1,[+Durative],[+Dynamic]
翻什么东西,Activity,1,0,[+Durative],[+Dynamic]
翻手头的几个存折,Activity,1,0,[+Durative],[+Dynamic]
翻书,Activity,2,0,[+Durative],[+Dynamic]
翻腾,Activity,4,0,[+Durative],[+Dynamic]
翻小贝的存折,Activity,1,0,[+Durative],[+Dynamic]
翻译罗思的《鬼作家》,Activity,0,1,[+Durative],[+Dynamic]
反抗,Activity,1,0,[+Durative],[+Dynamic]
反抗法西斯色彩日益浓厚的日本资产阶级政府,Activity,0,1,[+Durative],[+Dynamic]
反省、思考,Activity,1,0,[+Durative],[+Dynamic]
反省它,Activity,0,1,[+Durative],[+Dynamic]
犯法,Activity,1,0,[+Durative],[+Dynamic]
犯罪,Activity,2,0,[+Durative],[+Dynamic]
防备他,Activity,1,0,[+Durative],[+Dynamic]
访问英国,Activity,0,1,[+Durative],[+Dynamic]
放,Activity,2,0,[+Durative],[+Dynamic]
放爆竹,Activity,2,0,[+Durative],[+Dynamic]
放鞭炮,Activity,1,0,[+Durative],[+Dynamic]
放冲天炮,Activity,1,0,[+Durative],[+Dynamic]
放动画片,Activity,0,1,[+Durative],[+Dynamic]
放风筝,Activity,2,0,[+Durative],[+Dynamic]
放光,Activity,1,0,[+Durative],[+Dynamic]
放机关枪,Activity,1,0,[+Durative],[+Dynamic]
放那首歌,Activity,1,0,[+Durative],[+Dynamic]
放鸟铳过年,Activity,0,1,[+Durative],[+Dynamic]
放屁,Activity,2,0,[+Durative],[+Dynamic]
放钱,Activity,1,0,[+Durative],[+Dynamic]
放枪,Activity,1,0,[+Durative],[+Dynamic]
放土炮,Activity,1,0,[+Durative],[+Dynamic]
放我的鸽子,Activity,1,0,[+Durative],[+Dynamic]
放小跑,Activity,1,0,[+Durative],[+Dynamic]
放些什么狗屁,Activity,1,0,[+Durative],[+Dynamic]
放焰火,Activity,1,0,[+Durative],[+Dynamic]
放野火,Activity,1,0,[+Durative],[+Dynamic]
放一个八路军打国军的电视连续剧,Activity,1,0,[+Durative],[+Dynamic]
飞,Activity,9,0,[+Durative],[+Dynamic]
飞出柴达木,Transition,0,1,[+Durative],[+Dynamic]
飞来,Transition,0,3,[+Durative],[+Dynamic]
分菜,Activity,1,0,[+Durative],[+Dynamic]
分饭菜,Activity,0,1,[+Durative],[+Dynamic]
分果实,Activity,0,1,[+Durative],[+Dynamic]
分离出去,Transition,0,1,[+Durative],[+Dynamic]
粉碎敌人的‘围剿’,Transition,0,1,[-Durative],[+Dynamic]
粉碎原子弹,Transition,0,1,[-Durative],[+Dynamic]
奋斗,Activity,4,9,[+Durative],[+Dynamic]
奋斗什么,Activity,1,0,[+Durative],[+Dynamic]
缝,Activity,1,0,[+Durative],[+Dynamic]
缝补衬衣,Activity,0,1,[+Durative],[+Dynamic]
缝皮袄,Activity,1,0,[+Durative],[+Dynamic]
缝旗子,Activity,1,0,[+Durative],[+Dynamic]
缝什么,Activity,1,0,[+Durative],[+Dynamic]
缝他衣肩上那个破洞,Activity,1,0,[+Durative],[+Dynamic]
缝小衣、小帽,Activity,0,1,[+Durative],[+Dynamic]
缝鞋,Activity,0,1,[+Durative],[+Dynamic]
缝一只包裹,Activity,1,0,[+Durative],[+Dynamic]
缝衣,Activity,1,0,[+Durative],[+Dynamic]
爱一切人,State,1,0,[+Durative],[-Dynamic]
服务,Activity,5,0,[+Durative],[+Dynamic]
抚摸,Activity,1,0,[+Durative],[+Dynamic]
抚摸我们的窗户,Activity,0,1,[+Durative],[+Dynamic]
辅导孩子们功课,Activity,0,1,[+Durative],[+Dynamic]
复习考研究生,Activity,0,1,[+Durative],[+Dynamic]
改,Activity,1,0,[+Durative],[+Dynamic]
改编为原子师,Transition,0,1,[+Durative],[+Dynamic]
改变,Transition,10,6,[+Durative],[+Dynamic]
改变地球,Transition,1,0,[+Durative],[+Dynamic]
改变防务政策,Transition,0,1,[+Durative],[+Dynamic]
改变近百年来的电视传播,Transition,0,1,[+Durative],[+Dynamic]
改变山区面貌,Transition,1,0,[+Durative],[+Dynamic]
改变世界的看法,Transition,0,1,[+Durative],[+Dynamic]
改变世界力量对比,Transition,0,1,[+Durative],[+Dynamic]
改变他们的精神,Transition,2,0,[+Durative],[+Dynamic]
改变我们的生活以及理解世界的方式,Transition,0,1,[+Durative],[+Dynamic]
改变颜色,Transition,1,0,[+Durative],[+Dynamic]
改变饮食习惯,Transition,0,1,[+Durative],[+Dynamic]
改变这种劣势,Transition,0,1,[+Durative],[+Dynamic]
改变中国,Transition,0,1,[+Durative],[+Dynamic]
改变中国慈善事业的全貌,Transition,0,1,[+Durative],[+Dynamic]
改变自己命运,Transition,0,1,[+Durative],[+Dynamic]
改变做法,Transition,0,1,[+Durative],[+Dynamic]
改革,Activity,4,1,[+Durative],[+Dynamic]
改进,Transition,1,1,[+Durative],[+Dynamic]
改进服务方式,Transition,1,0,[+Durative],[+Dynamic]
改进和提高,Transition,1,0,[+Durative],[+Dynamic]
改进生产日用品的技术设备,Transition,0,1,[+Durative],[+Dynamic]
改进组织工作,Transition,0,1,[+Durative],[+Dynamic]
改良什么玩意儿,Activity,1,0,[+Durative],[+Dynamic]
改善,Transition,8,3,[+Durative],[+Dynamic]
改善外国投资和经营环境,Transition,0,1,[+Durative],[+Dynamic]
改善外国在华投资环境,Transition,0,1,[+Durative],[+Dynamic]
改算术作业,Activity,1,0,[+Durative],[+Dynamic]
改台词,Activity,1,0,[+Durative],[+Dynamic]
改造,Activity,2,0,[+Durative],[+Dynamic]
改造这一技术,Activity,0,1,[+Durative],[+Dynamic]
改正,Transition,1,0,[+Durative],[+Dynamic]
改作文卷子,Activity,0,1,[+Durative],[+Dynamic]
盖房子,Activity,1,0,[+Durative],[+Dynamic]
赶,Activity,2,0,[+Durative],[+Dynamic]
赶工,Activity,1,0,[+Durative],[+Dynamic]
赶回家,Activity,0,1,[+Durative],[+Dynamic]
赶来,Transition,1,1,[+Durative],[+Dynamic]
赶路,Activity,1,0,[+Durative],[+Dynamic]
赶骡子运盐,Activity,0,1,[+Durative],[+Dynamic]
赶上经济恢复,Transition,0,1,[+Durative],[+Dynamic]
赶时髦,Activity,1,0,[+Durative],[+Dynamic]
赶我走,Activity,1,0,[+Durative],[+Dynamic]
干,Activity,1,1,[+Durative],[+Dynamic]
干活,Activity,2,3,[+Durative],[+Dynamic]
干吗,Activity,8,1,[+Durative],[+Dynamic]
干嘛,Activity,3,0,[+Durative],[+Dynamic]
干没脸的事,Activity,1,0,[+Durative],[+Dynamic]
干啥,Activity,5,0,[+Durative],[+Dynamic]
干什么,Activity,45,1,[+Durative],[+Dynamic]
干什么把戏,Activity,1,0,[+Durative],[+Dynamic]
干什么不可告人的勾当,Activity,1,0,[+Durative],[+Dynamic]
干事,Activity,1,0,[+Durative],[+Dynamic]
干喜事,Activity,1,0,[+Durative],[+Dynamic]
干现代化,Activity,1,0,[+Durative],[+Dynamic]
干些什么,Activity,2,0,[+Durative],[+Dynamic]
干些什么事情,Activity,1,0,[+Durative],[+Dynamic]
干一九八年的活,Activity,1,0,[+Durative],[+Dynamic]
干这个,Activity,3,0,[+Durative],[+Dynamic]
干这个生活,Activity,1,0,[+Durative],[+Dynamic]
干这号买卖,Activity,1,0,[+Durative],[+Dynamic]
干这行,Activity,1,0,[+Durative],[+Dynamic]
干正事,Activity,1,0,[+Durative],[+Dynamic]
干自己的事情,Activity,1,0,[+Durative],[+Dynamic]
搞,Activity,2,1,[+Durative],[+Dynamic]
搞“联甲倒乙”的继续革命,Activity,0,1,[+Durative],[+Dynamic]
搞“体外活动”,Activity,1,0,[+Durative],[+Dynamic]
搞“演习”准备反攻,Activity,0,1,[+Durative],[+Dynamic]
搞爱民工作,Activity,1,0,[+Durative],[+Dynamic]
搞穿梭外交,Activity,1,0,[+Durative],[+Dynamic]
搞大扫除,Activity,1,0,[+Durative],[+Dynamic]
搞大跃进,Activity,1,0,[+Durative],[+Dynamic]
搞第三十四个对象,Activity,1,0,[+Durative],[+Dynamic]
搞颠复活动,Activity,1,0,[+Durative],[+Dynamic]
搞复辟,Activity,1,0,[+Durative],[+Dynamic]
搞鬼,Activity,2,0,[+Durative],[+Dynamic]
搞和平攻势,Activity,0,1,[+Durative],[+Dynamic]
搞花样,Activity,1,0,[+Durative],[+Dynamic]
搞缓和,Activity,0,1,[+Durative],[+Dynamic]
搞基建,Activity,1,0,[+Durative],[+Dynamic]
搞加工,Activity,1,0,[+Durative],[+Dynamic]
搞建设,Activity,1,0,[+Durative],[+Dynamic]
搞可行性研究,Activity,1,0,[+Durative],[+Dynamic]
搞恋爱,Activity,2,0,[+Durative],[+Dynamic]
搞秘密计划,Activity,1,0,[+Durative],[+Dynamic]
搞你的英语,Activity,1,0,[+Durative],[+Dynamic]
搞山头,Activity,1,0,[+Durative],[+Dynamic]
搞什么鬼,Activity,5,0,[+Durative],[+Dynamic]
搞什么名堂,Activity,2,0,[+Durative],[+Dynamic]
搞什么私下活动,Activity,1,0,[+Durative],[+Dynamic]
搞什么幽默,Activity,1,0,[+Durative],[+Dynamic]
搞四化,Activity,1,0,[+Durative],[+Dynamic]
搞糖衣炮弹,Activity,1,0,[+Durative],[+Dynamic]
搞威胁,Activity,1,0,[+Durative],[+Dynamic]
搞我的电视机,Activity,1,0,[+Durative],[+Dynamic]
搞修改《安全条约》勾当,Activity,1,0,[+Durative],[+Dynamic]
搞夜战,Activity,1,0,[+Durative],[+Dynamic]
搞诈骗,Activity,1,0,[+Durative],[+Dynamic]
搞这个,Activity,1,0,[+Durative],[+Dynamic]
搞争权夺利的把戏,Activity,1,0,[+Durative],[+Dynamic]
搞中枢神经系统以及一些穴位的研究,Activity,0,1,[+Durative],[+Dynamic]
告诉敌人,Transition,1,0,[-Durative],[+Dynamic]
告诉街市上的人民,Transition,1,0,[-Durative],[+Dynamic]
告诉你,Transition,1,0,[-Durative],[+Dynamic]
告诉你应该如何处事做人,Transition,1,0,[-Durative],[+Dynamic]
告诉人们,Transition,4,0,[-Durative],[+Dynamic]
告诉苏联的领袖说我们在准备最终的一战,Transition,1,0,[-Durative],[+Dynamic]
告诉他,Transition,1,2,[-Durative],[+Dynamic]
告诉她,Transition,1,0,[-Durative],[+Dynamic]
告诉她隐情,Transition,1,0,[-Durative],[+Dynamic]
告诉我,Transition,2,0,[-Durative],[+Dynamic]
告诉我们,Transition,2,0,[-Durative],[+Dynamic]
告诉我们什么是爱,Transition,1,0,[-Durative],[+Dynamic]
割爸爸的耳朵,Activity,1,0,[+Durative],[+Dynamic]
割麦,Activity,1,0,[+Durative],[+Dynamic]
割麦子,Activity,1,0,[+Durative],[+Dynamic]
割他的心,Activity,2,0,[+Durative],[+Dynamic]
割她的肉,Activity,1,0,[+Durative],[+Dynamic]
割小海心上的肉,Activity,1,0,[+Durative],[+Dynamic]
割野草,Activity,1,0,[+Durative],[+Dynamic]
给出自己的答案,Transition,0,1,[+Durative],[+Dynamic]
给我织毛衣,Activity,1,0,[+Durative],[+Dynamic]
给这两句话找出处,Activity,1,0,[+Durative],[+Dynamic]
给自己寻找最好的发型,Activity,1,0,[+Durative],[+Dynamic]
嫉妒青青,State,4,0,[+Durative],[-Dynamic]
工作,Activity,19,11,[+Durative],[+Dynamic]
攻击,Activity,2,0,[+Durative],[+Dynamic]
攻击他的部队所扼守的险要的阵地玉皇顶,Activity,0,1,[+Durative],[+Dynamic]
攻击我底理想,Activity,1,0,[+Durative],[+Dynamic]
攻击武昌之激战,Activity,1,0,[+Durative],[+Dynamic]
贡献出他们的才能和智慧,Transition,0,1,[+Durative],[+Dynamic]
贡献芳香的花,Activity,1,0,[+Durative],[+Dynamic]
贡献自己的力量,Activity,0,1,[+Durative],[+Dynamic]
鼓动张学良宣布独立,Activity,1,0,[+Durative],[+Dynamic]
鼓励,Activity,1,0,[+Durative],[+Dynamic]
鼓励侵略分子的活动,Activity,1,0,[+Durative],[+Dynamic]
鼓励他,Activity,1,0,[+Durative],[+Dynamic]
鼓励外来投资,Activity,0,1,[+Durative],[+Dynamic]
鼓励医生提高技法,Activity,1,0,[+Durative],[+Dynamic]
刮,Activity,3,0,[+Durative],[+Dynamic]
刮风,Activity,2,0,[+Durative],[+Dynamic]
刮风下雨,Activity,1,0,[+Durative],[+Dynamic]
刮自己身体,Activity,1,0,[+Durative],[+Dynamic]
挂电话,Transition,0,1,[-Durative],[+Dynamic]
挂衣服,Activity,0,1,[+Durative],[+Dynamic]
嫉妒他的走红,State,1,0,[+Durative],[-Dynamic]
羡慕出家,State,1,0,[+Durative],[-Dynamic]
羡慕他们底幸福,State,1,0,[+Durative],[-Dynamic]
怪自己,Activity,1,0,[+Durative],[+Dynamic]
关闭模拟进程,Transition,0,1,[+Durative],[+Dynamic]
关闭寨门,Transition,0,1,[+Durative],[+Dynamic]
羡慕我底好运,State,1,0,[+Durative],[-Dynamic]
渴望触摸对方,State,1,0,[+Durative],[-Dynamic]
渴望寻找一只完整的沙发,State,1,0,[+Durative],[-Dynamic]
盼,State,1,0,[+Durative],[-Dynamic]
盼望,State,1,1,[+Durative],[-Dynamic]
盼望回来,State,1,0,[+Durative],[-Dynamic]
盼望七月四日那一个周末的到来,State,0,1,[+Durative],[-Dynamic]
盼望这一天,State,1,0,[+Durative],[-Dynamic]
关注,Activity,1,0,[+Durative],[+Dynamic]
关注前南地区的形势发展,Activity,1,0,[+Durative],[+Dynamic]
关注他,Activity,1,0,[+Durative],[+Dynamic]
关注这一事件,Activity,1,0,[+Durative],[+Dynamic]
关注这种探索,Activity,0,1,[+Durative],[+Dynamic]
关注中国的发展,Activity,2,0,[+Durative],[+Dynamic]
关注自己家庭生活质量的提高,Activity,1,0,[+Durative],[+Dynamic]
观察工艺流程图,Activity,1,0,[+Durative],[+Dynamic]
观察记录舱内状况,Activity,1,0,[+Durative],[+Dynamic]
观察你,Activity,1,0,[+Durative],[+Dynamic]
观察他,Activity,1,0,[+Durative],[+Dynamic]
观察他的反应,Activity,1,0,[+Durative],[+Dynamic]
观察他们,Activity,1,0,[+Durative],[+Dynamic]
观察他们的拥抱,Activity,1,0,[+Durative],[+Dynamic]
观察天气,Activity,1,0,[+Durative],[+Dynamic]
观察我,Activity,1,0,[+Durative],[+Dynamic]
观察五个人的踪影,Activity,0,1,[+Durative],[+Dynamic]
观察许叔微,Activity,1,0,[+Durative],[+Dynamic]
观察与研究和五金相关的市场状况,Activity,1,0,[+Durative],[+Dynamic]
观察这场斗争,Activity,1,0,[+Durative],[+Dynamic]
观察这间小小的楼房,Activity,0,1,[+Durative],[+Dynamic]
观察这位新闻业大亨,Activity,1,0,[+Durative],[+Dynamic]
观察周围的动,Activity,1,0,[+Durative],[+Dynamic]
观察周围的动静,Activity,1,0,[+Durative],[+Dynamic]
观察朱丹溪,Activity,1,0,[+Durative],[+Dynamic]
观察自己,Activity,1,0,[+Durative],[+Dynamic]
观察自己培养的豆苗,Activity,1,0,[+Durative],[+Dynamic]
管,Activity,1,0,[+Durative],[+Dynamic]
管理,Activity,1,0,[+Durative],[+Dynamic]
管钱,Activity,1,0,[+Durative],[+Dynamic]
管羊,Activity,1,0,[+Durative],[+Dynamic]
管整个制作,Activity,1,0,[+Durative],[+Dynamic]
贯彻党的十四届六中全会精神,Activity,0,1,[+Durative],[+Dynamic]
贯彻落实,Activity,0,1,[+Durative],[+Dynamic]
贯彻落实科学发展观,Activity,0,4,[+Durative],[+Dynamic]
贯彻落实新发展理念,Activity,0,1,[+Durative],[+Dynamic]
贯彻落实这一方针,Activity,0,1,[+Durative],[+Dynamic]
贯彻群众路线大力进行整改,Activity,0,1,[+Durative],[+Dynamic]
贯彻十一大路线、深入开展三大革命运动、为在本世纪内实现四个现代化而斗争,Activity,0,1,[+Durative],[+Dynamic]
贯彻十一届三中全会精神,Activity,0,1,[+Durative],[+Dynamic]
广播一个女明星头部的影象,Activity,0,1,[+Durative],[+Dynamic]
逛,Activity,1,0,[+Durative],[+Dynamic]
滚,Activity,2,1,[+Durative],[+Dynamic]
滚西瓜,Activity,1,0,[+Durative],[+Dynamic]
滚雪球,Activity,1,0,[+Durative],[+Dynamic]
过节,Activity,2,0,[+Durative],[+Dynamic]
过年,Activity,2,0,[+Durative],[+Dynamic]
过日子,Activity,1,0,[+Durative],[+Dynamic]
过什么样的日子,Activity,1,0,[+Durative],[+Dynamic]
过圣诞节,Activity,1,0,[+Durative],[+Dynamic]
过痛苦的生活,Activity,1,0,[+Durative],[+Dynamic]
过星期天,Activity,0,1,[+Durative],[+Dynamic]
咳嗽,Activity,5,0,[+Durative],[+Dynamic]
还款,Activity,1,0,[+Durative],[+Dynamic]
还她的情,Activity,1,0,[+Durative],[+Dynamic]
盼望周榕的消息,State,1,0,[+Durative],[-Dynamic]
盼这一天,State,1,0,[+Durative],[-Dynamic]
热切盼望我们党的领导干部都应该像孔繁森那样,State,1,0,[+Durative],[-Dynamic]
喊,Activity,44,0,[+Durative],[+Dynamic]
喊“救命”,Activity,1,0,[+Durative],[+Dynamic]
喊叫,Activity,5,0,[+Durative],[+Dynamic]
喊叫啥子,Activity,1,0,[+Durative],[+Dynamic]
喊口号,Activity,4,0,[+Durative],[+Dynamic]
喊口令,Activity,1,0,[+Durative],[+Dynamic]
喊啦啦词,Activity,1,0,[+Durative],[+Dynamic]
喊你,Activity,4,0,[+Durative],[+Dynamic]
喊婆婆,Activity,1,0,[+Durative],[+Dynamic]
喊谁站住,Activity,1,0,[+Durative],[+Dynamic]
喊什么,Activity,2,0,[+Durative],[+Dynamic]
喊什么‘中日亲善',Activity,1,0,[+Durative],[+Dynamic]
喊什么‘中日亲善’,Activity,0,1,[+Durative],[+Dynamic]
喊他,Activity,4,0,[+Durative],[+Dynamic]
喊她,Activity,5,0,[+Durative],[+Dynamic]
喊她下楼接客,Activity,1,0,[+Durative],[+Dynamic]
喊我,Activity,10,0,[+Durative],[+Dynamic]
喊小白,Activity,1,0,[+Durative],[+Dynamic]
喊冤,Activity,1,0,[+Durative],[+Dynamic]
希望人类,State,1,0,[+Durative],[-Dynamic]
号召保证“军属三不难”,Activity,1,0,[+Durative],[+Dynamic]
号召创造北方苏维埃,Activity,1,0,[+Durative],[+Dynamic]
号召有多少销路,Activity,1,0,[+Durative],[+Dynamic]
喝,Activity,4,0,[+Durative],[+Dynamic]
喝白兰地,Activity,0,1,[+Durative],[+Dynamic]
喝茶,Activity,3,5,[+Durative],[+Dynamic]
喝茶聊天,Activity,1,0,[+Durative],[+Dynamic]
喝鸡汁汤,Activity,0,2,[+Durative],[+Dynamic]
喝酒,Activity,13,3,[+Durative],[+Dynamic]
喝酒谈笑,Activity,0,1,[+Durative],[+Dynamic]
喝李梅亭房里新沏的开水,Activity,0,1,[+Durative],[+Dynamic]
喝啤酒,Activity,1,0,[+Durative],[+Dynamic]
喝什么,Activity,1,0,[+Durative],[+Dynamic]
喝稀饭,Activity,0,1,[+Durative],[+Dynamic]
喝一种从没有看到过的饮料,Activity,1,0,[+Durative],[+Dynamic]
合大家力量,Activity,1,0,[+Durative],[+Dynamic]
合作一个项目,Activity,0,1,[+Durative],[+Dynamic]
希望人类将要从新发明中取得幸福,State,1,0,[+Durative],[-Dynamic]
希望我做长篇呢,State,1,0,[+Durative],[-Dynamic]
哄抢,Activity,1,0,[+Durative],[+Dynamic]
哄她,Activity,2,0,[+Durative],[+Dynamic]
哄我,Activity,2,0,[+Durative],[+Dynamic]
哄一个小孩儿吃奶,Activity,1,0,[+Durative],[+Dynamic]
吼,Activity,2,0,[+Durative],[+Dynamic]
后悔,State,4,0,[+Durative],[-Dynamic]
后悔没有打着它,State,0,1,[+Durative],[-Dynamic]
后悔昨晚不该停下休息过久,State,0,1,[+Durative],[-Dynamic]
呼唤他的乳名,Activity,1,0,[+Durative],[+Dynamic]
呼唤她的名字,Activity,1,0,[+Durative],[+Dynamic]
呼唤我的名字,Activity,1,0,[+Durative],[+Dynamic]
呼唤一个人的名字,Activity,1,0,[+Durative],[+Dynamic]
呼唤一种“令行禁止”的企业作风,Activity,1,0,[+Durative],[+Dynamic]
呼吸,Activity,2,0,[+Durative],[+Dynamic]
希望这个陌生的女孩子，能够参加到他们的行列里面,State,1,0,[+Durative],[-Dynamic]
互相帮助,Activity,1,0,[+Durative],[+Dynamic]
花,Activity,1,0,[+Durative],[+Dynamic]
化,Transition,1,0,[+Durative],[+Dynamic]
化脓,Transition,0,1,[+Durative],[+Dynamic]
化雪,Transition,1,1,[+Durative],[+Dynamic]
化妆,Activity,2,0,[+Durative],[+Dynamic]
化装,Activity,1,0,[+Durative],[+Dynamic]
划出厚黑区域,Transition,0,1,[+Durative],[+Dynamic]
划船,Activity,2,0,[+Durative],[+Dynamic]
画,Activity,2,1,[+Durative],[+Dynamic]
画“北京人”,Activity,0,1,[+Durative],[+Dynamic]
画“冻伤实验”,Activity,1,0,[+Durative],[+Dynamic]
画画,Activity,1,0,[+Durative],[+Dynamic]
画袈裟,Activity,1,0,[+Durative],[+Dynamic]
画漫画,Activity,1,0,[+Durative],[+Dynamic]
画什么,Activity,1,0,[+Durative],[+Dynamic]
画图样,Activity,1,0,[+Durative],[+Dynamic]
画椭圆形的展开图,Activity,0,1,[+Durative],[+Dynamic]
画一个方形的圆圈,Activity,2,0,[+Durative],[+Dynamic]
画最新最美的画图,Activity,1,0,[+Durative],[+Dynamic]
怀念死去的付老爷,Activity,1,0,[+Durative],[+Dynamic]
怀念她,Activity,1,0,[+Durative],[+Dynamic]
怀念周总理,Activity,1,0,[+Durative],[+Dynamic]
怀念主人消失的肉体,Activity,1,0,[+Durative],[+Dynamic]
指望她邀请他明天去帮忙一样,State,1,0,[+Durative],[-Dynamic]
仇恨他,State,1,0,[+Durative],[-Dynamic]
恨他,State,1,0,[+Durative],[-Dynamic]
恨我,State,1,0,[+Durative],[-Dynamic]
欢迎和乌云一道降临的薄暮,Activity,1,0,[+Durative],[+Dynamic]
欢迎他回来,Activity,1,0,[+Durative],[+Dynamic]
欢迎我们,Activity,1,0,[+Durative],[+Dynamic]
幻想从战争中去寻找逃出危机的道路,Activity,0,1,[+Durative],[+Dynamic]
幻想著自己,Activity,1,0,[+Durative],[+Dynamic]
换,Activity,0,1,[+Durative],[+Dynamic]
换钱,Activity,1,0,[+Durative],[+Dynamic]
换土,Activity,0,1,[+Durative],[+Dynamic]
换药,Activity,0,1,[+Durative],[+Dynamic]
换衣服,Activity,1,1,[+Durative],[+Dynamic]
换装,Activity,1,0,[+Durative],[+Dynamic]
换桌围椅垫,Activity,1,0,[+Durative],[+Dynamic]
换自来水管,Activity,1,0,[+Durative],[+Dynamic]
晃动,Activity,10,1,[+Durative],[+Dynamic]
恢复,Transition,5,1,[+Durative],[+Dynamic]
恢复发展,Transition,1,2,[+Durative],[+Dynamic]
恢复技术职称、建立技术责任制,Transition,1,0,[+Durative],[+Dynamic]
恢复稳定,Transition,0,1,[+Durative],[+Dynamic]
恢复正常,Transition,0,1,[+Durative],[+Dynamic]
恢复正常秩序,Transition,0,1,[+Durative],[+Dynamic]
回答,Activity,5,0,[+Durative],[+Dynamic]
回答别人的询问,Activity,1,0,[+Durative],[+Dynamic]
回答党所提出的一个问题,Activity,1,0,[+Durative],[+Dynamic]
回答李宗仁的问话,Activity,1,0,[+Durative],[+Dynamic]
回答琴,Activity,1,0,[+Durative],[+Dynamic]
回答琴的问话,Activity,0,1,[+Durative],[+Dynamic]
回答他,Activity,1,1,[+Durative],[+Dynamic]
回答她,Activity,2,1,[+Durative],[+Dynamic]
回答她的祝愿,Activity,1,0,[+Durative],[+Dynamic]
回头看我,Activity,1,0,[+Durative],[+Dynamic]
回忆,Activity,4,0,[+Durative],[+Dynamic]
回忆过去,Activity,1,0,[+Durative],[+Dynamic]
回忆过去的生活,Activity,3,0,[+Durative],[+Dynamic]
回忆黄因明所说的梁刚夫和秋敏的秘密事件,Activity,1,0,[+Durative],[+Dynamic]
回忆那些内容,Activity,1,0,[+Durative],[+Dynamic]
回忆你们如花似锦的童年,Activity,1,0,[+Durative],[+Dynamic]
回忆往事,Activity,1,0,[+Durative],[+Dynamic]
昏迷,Activity,2,0,[+Durative],[+Dynamic]
混,Activity,1,0,[+Durative],[+Dynamic]
混日子,Activity,1,0,[+Durative],[+Dynamic]
爱护孩子,State,1,0,[+Durative],[-Dynamic]
保留实力,State,1,0,[+Durative],[-Dynamic]
活动,Activity,15,5,[+Durative],[+Dynamic]
保证,State,2,0,[+Durative],[-Dynamic]
获得,Transition,0,1,[-Durative],[+Dynamic]
获得多数支持,Transition,0,1,[-Durative],[+Dynamic]
获得解决,Transition,0,1,[-Durative],[+Dynamic]
获得进展,Transition,0,1,[-Durative],[+Dynamic]
获得适当解决,Transition,0,1,[-Durative],[+Dynamic]
积累,Activity,1,0,[+Durative],[+Dynamic]
集合,Activity,1,0,[+Durative],[+Dynamic]
集中,Transition,1,0,[+Durative],[+Dynamic]
集中大部分利润于产业贤米家之毛,Transition,1,0,[+Durative],[+Dynamic]
保证青藏公路祖国的血脉畅通,State,1,0,[+Durative],[-Dynamic]
比喻它的精神,State,1,0,[+Durative],[-Dynamic]
挤,Activity,1,1,[+Durative],[+Dynamic]
挤进视线,Transition,1,0,[+Durative],[+Dynamic]
挤奶,Activity,0,1,[+Durative],[+Dynamic]
计划,Activity,0,2,[+Durative],[+Dynamic]
计划采伐,Activity,0,1,[+Durative],[+Dynamic]
计划开展这里的群众工作,Activity,0,1,[+Durative],[+Dynamic]
计划扩大业务范围,Activity,1,0,[+Durative],[+Dynamic]
计划有重点地有步骤地建立少年儿童队,Activity,1,0,[+Durative],[+Dynamic]
计算,Activity,0,1,[+Durative],[+Dynamic]
计算谁来看我,Activity,1,0,[+Durative],[+Dynamic]
计算什么,Activity,2,0,[+Durative],[+Dynamic]
计算怎样”教训”那野马似的多多头,Activity,1,0,[+Durative],[+Dynamic]
记,Activity,1,0,[+Durative],[+Dynamic]
纪念孙总理,Activity,1,0,[+Durative],[+Dynamic]
纪念我,Activity,1,0,[+Durative],[+Dynamic]
加班,Activity,2,0,[+Durative],[+Dynamic]
加班工作,Activity,1,1,[+Durative],[+Dynamic]
加木柴,Activity,0,1,[+Durative],[+Dynamic]
加强,Transition,11,5,[-Durative],[+Dynamic]
加强对老挝的控制,Transition,1,0,[-Durative],[+Dynamic]
加强反腐力度,Transition,1,0,[-Durative],[+Dynamic]
加强海军,Transition,0,1,[-Durative],[+Dynamic]
"加强合作,相互协商",Transition,0,1,[-Durative],[+Dynamic]
加强军事进攻力量,Transition,0,1,[-Durative],[+Dynamic]
加强控制,Transition,1,0,[-Durative],[+Dynamic]
加强美国在近东的地位,Transition,1,0,[-Durative],[+Dynamic]
加强他们的阵地,Transition,1,0,[-Durative],[+Dynamic]
加强团结,Transition,1,0,[-Durative],[+Dynamic]
加速,Activity,2,0,[+Durative],[+Dynamic]
加速调整升级,Activity,0,1,[+Durative],[+Dynamic]
加速发展,Activity,1,0,[+Durative],[+Dynamic]
加速复活日本军国主义,Activity,1,0,[+Durative],[+Dynamic]
加速建设,Activity,0,1,[+Durative],[+Dynamic]
加速蒋介石和傅作义的灭亡,Activity,0,1,[+Durative],[+Dynamic]
加速进行,Activity,1,0,[+Durative],[+Dynamic]
加速扩散,Activity,0,1,[+Durative],[+Dynamic]
加速落地,Activity,0,1,[+Durative],[+Dynamic]
加速释放,Activity,0,1,[+Durative],[+Dynamic]
加速提质,Activity,0,1,[+Durative],[+Dynamic]
加速兴建,Activity,0,1,[+Durative],[+Dynamic]
加速修建拖拉机站,Activity,0,1,[+Durative],[+Dynamic]
加速修建一个雷达基地,Activity,0,1,[+Durative],[+Dynamic]
加以解决,State,0,1,[+Durative],[-Dynamic]
加以克服,State,0,1,[+Durative],[-Dynamic]
加以仔细研究,State,0,1,[+Durative],[-Dynamic]
加以重建与恢复,State,0,1,[+Durative],[-Dynamic]
加长,Activity,0,1,[+Durative],[+Dynamic]
加重,Activity,2,0,[+Durative],[+Dynamic]
加重全球普通消费者的负担,Activity,0,1,[+Durative],[+Dynamic]
鄙夷他,State,1,0,[+Durative],[-Dynamic]
打算,State,2,0,[+Durative],[-Dynamic]
打算另想法子,State,1,0,[+Durative],[-Dynamic]
打算落笔的辞句,State,0,1,[+Durative],[-Dynamic]
打算去,State,0,1,[+Durative],[-Dynamic]
打算使德国成为新战争的温床,State,1,0,[+Durative],[-Dynamic]
坚强战斗,Activity,1,0,[+Durative],[+Dynamic]
监督和观察演员们,Activity,1,0,[+Durative],[+Dynamic]
监视,Activity,0,1,[+Durative],[+Dynamic]
监视敌情,Activity,0,1,[+Durative],[+Dynamic]
监视东北方,Activity,0,1,[+Durative],[+Dynamic]
煎鱼,Activity,0,1,[+Durative],[+Dynamic]
捡鸭蛋,Activity,0,1,[+Durative],[+Dynamic]
检查产品质量,Activity,0,1,[+Durative],[+Dynamic]
检查发电设备运行情况,Activity,1,0,[+Durative],[+Dynamic]
检查缴获的制假设备,Activity,1,0,[+Durative],[+Dynamic]
检查螺撑是否漏水,Activity,0,1,[+Durative],[+Dynamic]
检查每一个要过江的人,Activity,1,0,[+Durative],[+Dynamic]
检查群众纪律,Activity,1,0,[+Durative],[+Dynamic]
检查身体和进行治疗,Activity,0,1,[+Durative],[+Dynamic]
减少,Transition,15,1,[+Durative],[+Dynamic]
减少包装垃圾,Transition,1,0,[+Durative],[+Dynamic]
减税,Activity,1,0,[+Durative],[+Dynamic]
减速,Activity,1,1,[+Durative],[+Dynamic]
减速慢行,Activity,1,0,[+Durative],[+Dynamic]
剪“北京人”的影子,Activity,1,0,[+Durative],[+Dynamic]
剪整齐,Transition,0,1,[-Durative],[+Dynamic]
剪枝,Activity,0,1,[+Durative],[+Dynamic]
剪烛花,Activity,1,0,[+Durative],[+Dynamic]
建成上海的“药谷”和“生物谷”,Transition,0,1,[+Durative],[+Dynamic]
建成新牧区,Transition,0,1,[+Durative],[+Dynamic]
建立,Transition,2,5,[+Durative],[+Dynamic]
建立罕见病大数据库,Transition,0,1,[+Durative],[+Dynamic]
建立和完善,Transition,0,1,[+Durative],[+Dynamic]
建立基地,Transition,1,0,[+Durative],[+Dynamic]
建立金融投资系统,Transition,1,0,[+Durative],[+Dynamic]
建立巨型同步稳相加速器,Transition,1,0,[+Durative],[+Dynamic]
建立联系,Transition,0,1,[+Durative],[+Dynamic]
建立配合美国侵略的战争体制,Transition,0,1,[+Durative],[+Dynamic]
建立新的反对修正主义的党和小组,Transition,1,0,[+Durative],[+Dynamic]
建立新型战略关系,Transition,0,1,[+Durative],[+Dynamic]
建立一个法西斯的中国,Transition,0,1,[+Durative],[+Dynamic]
建立一支庞大的军队,Transition,0,1,[+Durative],[+Dynamic]
建立自己的生物识别系统,Transition,1,0,[+Durative],[+Dynamic]
建设,Activity,0,14,[+Durative],[+Dynamic]
建设“绿色宝库”,Activity,1,0,[+Durative],[+Dynamic]
建设肚会主义,Activity,1,0,[+Durative],[+Dynamic]
建设国家数控机床工程研究中心,Activity,0,2,[+Durative],[+Dynamic]
建设核电站,Activity,0,1,[+Durative],[+Dynamic]
建设科创中心核心承载区和综合性国家科学中心,Activity,0,1,[+Durative],[+Dynamic]
建设露天滑冰场和四季旱雪滑雪场,Activity,0,1,[+Durative],[+Dynamic]
建设全国最大的科学研究机构之一,Activity,0,1,[+Durative],[+Dynamic]
建设热带季风区云降水观测试验基地,Activity,0,1,[+Durative],[+Dynamic]
建设社会主义,Activity,1,2,[+Durative],[+Dynamic]
建设社会主义市场经济,Activity,0,1,[+Durative],[+Dynamic]
建设十几层的新大厦,Activity,0,1,[+Durative],[+Dynamic]
建设世界上第一个千伏直流输电工程,Activity,0,1,[+Durative],[+Dynamic]
建设新的科学考察破冰船,Activity,0,1,[+Durative],[+Dynamic]
建设新生活,Activity,0,1,[+Durative],[+Dynamic]
建设新治病区,Activity,0,1,[+Durative],[+Dynamic]
建设一个繁荣、文明、和谐、宜居的现代化城市,Activity,0,1,[+Durative],[+Dynamic]
建设一个富强的社会主义的中国,Activity,0,1,[+Durative],[+Dynamic]
建设有中国特色社会主义的国家,Activity,0,1,[+Durative],[+Dynamic]
建设智慧城市,Activity,0,1,[+Durative],[+Dynamic]
建筑,Activity,0,2,[+Durative],[+Dynamic]
建筑火柴厂、糖厂、肥皂厂和榨油厂,Activity,0,1,[+Durative],[+Dynamic]
建筑机车库、车站、发电站和水站等,Activity,0,1,[+Durative],[+Dynamic]
建筑线路,Activity,1,0,[+Durative],[+Dynamic]
将财富转移到香港与美帝国主义正在加紧进行控制的华南,Transition,0,1,[+Durative],[+Dynamic]
讲,Activity,13,1,[+Durative],[+Dynamic]
讲《三国演义》,Activity,1,0,[+Durative],[+Dynamic]
讲别人的事,Activity,1,0,[+Durative],[+Dynamic]
讲创造财富和盈利,Activity,1,0,[+Durative],[+Dynamic]
讲粗话,Activity,1,0,[+Durative],[+Dynamic]
讲爹的坏话,Activity,1,0,[+Durative],[+Dynamic]
讲反语,Activity,1,0,[+Durative],[+Dynamic]
讲古,Activity,1,0,[+Durative],[+Dynamic]
讲古代中医的故事,Activity,1,0,[+Durative],[+Dynamic]
讲故事,Activity,2,0,[+Durative],[+Dynamic]
讲关系学,Activity,2,0,[+Durative],[+Dynamic]
讲国耻纪念、二十一条约的意义,Activity,1,0,[+Durative],[+Dynamic]
讲过去的老话,Activity,1,0,[+Durative],[+Dynamic]
讲和谐之道,Activity,1,0,[+Durative],[+Dynamic]
讲话,Activity,39,10,[+Durative],[+Dynamic]
讲谎话,Activity,1,0,[+Durative],[+Dynamic]
讲假话,Activity,1,0,[+Durative],[+Dynamic]
讲价,Activity,1,0,[+Durative],[+Dynamic]
讲价钱,Activity,1,0,[+Durative],[+Dynamic]
讲解给耕牛诊断疫病的方法,Activity,1,0,[+Durative],[+Dynamic]
讲解人生哲学里的乐观主义,Activity,1,0,[+Durative],[+Dynamic]
讲解示范,Activity,1,0,[+Durative],[+Dynamic]
讲究校勘训诂之学,Activity,1,0,[+Durative],[+Dynamic]
讲课,Activity,1,2,[+Durative],[+Dynamic]
讲恋爱,Activity,0,1,[+Durative],[+Dynamic]
讲男女关系,Activity,1,0,[+Durative],[+Dynamic]
讲你,Activity,0,1,[+Durative],[+Dynamic]
讲你行为上如何达到和谐,Activity,1,0,[+Durative],[+Dynamic]
讲你自己,Activity,1,0,[+Durative],[+Dynamic]
讲骗话,Activity,1,0,[+Durative],[+Dynamic]
讲钱,Activity,1,0,[+Durative],[+Dynamic]
讲人间的关系,Activity,1,0,[+Durative],[+Dynamic]
讲如何处理人和人之间的关系,Activity,1,0,[+Durative],[+Dynamic]
讲什么,Activity,3,0,[+Durative],[+Dynamic]
讲什么科学知识,Activity,1,0,[+Durative],[+Dynamic]
讲述和她一起出来打工的一个小姐妹,Activity,1,0,[+Durative],[+Dynamic]
讲述老百姓自己的故事,Activity,1,0,[+Durative],[+Dynamic]
讲述梦中断断续续没头没尾的情景,Activity,1,0,[+Durative],[+Dynamic]
讲述他和世界、和历史的纠葛,Activity,1,0,[+Durative],[+Dynamic]
讲述他认识的一个人卖掉一个肾以后赚了三万多元,Activity,0,1,[+Durative],[+Dynamic]
讲数口,Activity,0,1,[+Durative],[+Dynamic]
讲他怎样向法国人作战事宣传,Activity,1,0,[+Durative],[+Dynamic]
讲她是怎么打你的,Activity,1,0,[+Durative],[+Dynamic]
讲我的坏话,Activity,2,0,[+Durative],[+Dynamic]
讲笑话,Activity,1,0,[+Durative],[+Dynamic]
讲些什么,Activity,1,0,[+Durative],[+Dynamic]
讲一点我也在想的问题,Activity,1,0,[+Durative],[+Dynamic]
讲一个阴阳之道,Activity,1,0,[+Durative],[+Dynamic]
讲一些名品的产地,Activity,1,0,[+Durative],[+Dynamic]
讲阴阳之道,Activity,1,0,[+Durative],[+Dynamic]
讲游击战术,Activity,0,1,[+Durative],[+Dynamic]
讲中国的事情,Activity,1,0,[+Durative],[+Dynamic]
讲中国话,Activity,2,0,[+Durative],[+Dynamic]
讲自己,Activity,1,0,[+Durative],[+Dynamic]
讲自己最要好的朋友,Activity,1,0,[+Durative],[+Dynamic]
讲做人之道,Activity,1,0,[+Durative],[+Dynamic]
讲做生意,Activity,1,0,[+Durative],[+Dynamic]
降,Activity,1,0,[+Durative],[+Dynamic]
降落,Activity,1,1,[+Durative],[+Dynamic]
降温,Activity,0,1,[+Durative],[+Dynamic]
交出亮眼的成绩单,Transition,0,1,[+Durative],[+Dynamic]
交代什么,Activity,1,0,[+Durative],[+Dynamic]
交换充满幻想的密约,Activity,1,0,[+Durative],[+Dynamic]
交换意见,Activity,1,0,[+Durative],[+Dynamic]
交换战事的消息,Activity,1,0,[+Durative],[+Dynamic]
交流,Activity,4,0,[+Durative],[+Dynamic]
交涉,Activity,3,1,[+Durative],[+Dynamic]
交谈,Activity,2,0,[+Durative],[+Dynamic]
浇别人凉水,Activity,1,0,[+Durative],[+Dynamic]
浇棉花,Activity,1,0,[+Durative],[+Dynamic]
浇水,Activity,1,0,[+Durative],[+Dynamic]
搅拌混凝土,Activity,1,0,[+Durative],[+Dynamic]
叫,Activity,50,1,[+Durative],[+Dynamic]
叫：柏青！柏青！,Activity,1,0,[+Durative],[+Dynamic]
叫“救命哪”,Activity,1,0,[+Durative],[+Dynamic]
叫“妈呀！”,Activity,1,0,[+Durative],[+Dynamic]
叫“买开水！”,Activity,1,0,[+Durative],[+Dynamic]
叫“拿酒来！”,Activity,1,0,[+Durative],[+Dynamic]
叫“佩瑶”,Activity,1,0,[+Durative],[+Dynamic]
叫“汪先生”,Activity,1,0,[+Durative],[+Dynamic]
叫“先给我斟！”,Activity,1,0,[+Durative],[+Dynamic]
叫好,Activity,0,1,[+Durative],[+Dynamic]
叫号,Activity,1,0,[+Durative],[+Dynamic]
叫名字,Activity,1,0,[+Durative],[+Dynamic]
叫你,Activity,1,0,[+Durative],[+Dynamic]
叫亲兵们替他在火上烧一只从老百姓家里捉来的老母鸡,Activity,0,1,[+Durative],[+Dynamic]
叫谁,Activity,1,0,[+Durative],[+Dynamic]
叫什么,Activity,1,0,[+Durative],[+Dynamic]
叫什么人,Activity,1,0,[+Durative],[+Dynamic]
叫他,Activity,4,0,[+Durative],[+Dynamic]
叫他的名字,Activity,1,0,[+Durative],[+Dynamic]
叫他的什么亲戚,Activity,1,0,[+Durative],[+Dynamic]
叫他的手下,Activity,1,0,[+Durative],[+Dynamic]
叫他收钱,Activity,1,0,[+Durative],[+Dynamic]
叫她“进来聊聊”,Activity,1,0,[+Durative],[+Dynamic]
叫她把这里再扫一下,Activity,1,0,[+Durative],[+Dynamic]
叫她的名字,Activity,1,0,[+Durative],[+Dynamic]
叫痛,Activity,1,0,[+Durative],[+Dynamic]
叫我,Activity,7,0,[+Durative],[+Dynamic]
叫我的名字,Activity,3,0,[+Durative],[+Dynamic]
叫我们走,Activity,1,0,[+Durative],[+Dynamic]
叫些什么,Activity,1,0,[+Durative],[+Dynamic]
叫自己,Activity,2,0,[+Durative],[+Dynamic]
叫自己的名字,Activity,2,0,[+Durative],[+Dynamic]
教大家站军姿、踢正步,Activity,1,0,[+Durative],[+Dynamic]
教导加林,Activity,1,0,[+Durative],[+Dynamic]
教导我们,Activity,1,0,[+Durative],[+Dynamic]
教俄文,Activity,1,0,[+Durative],[+Dynamic]
教书,Activity,2,1,[+Durative],[+Dynamic]
教唆犯罪,Activity,1,0,[+Durative],[+Dynamic]
教他穿衣服怎样穿,Activity,1,0,[+Durative],[+Dynamic]
教她,Activity,1,0,[+Durative],[+Dynamic]
教她读千字课,Activity,0,1,[+Durative],[+Dynamic]
教我应该怎样去读毛主席的书,Activity,1,0,[+Durative],[+Dynamic]
教训他,Activity,3,0,[+Durative],[+Dynamic]
教一个少女走猫步,Activity,1,0,[+Durative],[+Dynamic]
教育劳动人民,Activity,0,1,[+Durative],[+Dynamic]
教中国艺术家唱苏丹歌,Activity,1,0,[+Durative],[+Dynamic]
接北京来的长途电话,Activity,1,0,[+Durative],[+Dynamic]
接待贵宾,Activity,1,0,[+Durative],[+Dynamic]
接待一个来自香港的青年参访团,Activity,0,1,[+Durative],[+Dynamic]
接电话,Activity,1,0,[+Durative],[+Dynamic]
接革命的班,Transition,1,0,[-Durative],[+Dynamic]
打算些什么,State,1,0,[+Durative],[-Dynamic]
打算占人的便宜,State,1,0,[+Durative],[-Dynamic]
扶秤,State,1,0,[+Durative],[-Dynamic]
跟她,State,1,0,[+Durative],[-Dynamic]
接洽,Activity,0,1,[+Durative],[+Dynamic]
接受安全帽撞击,Activity,0,1,[+Durative],[+Dynamic]
接受改造,Activity,0,1,[+Durative],[+Dynamic]
接受桂花传统的日式服侍,Activity,0,1,[+Durative],[+Dynamic]
接受恐怖的练习,Activity,1,0,[+Durative],[+Dynamic]
接受来自俄国的大批武器供应,Activity,0,1,[+Durative],[+Dynamic]
接受命令能人民解放军,Activity,0,1,[+Durative],[+Dynamic]
接受那轮船所激起挑战的浪花,Activity,1,0,[+Durative],[+Dynamic]
接受手术治疗,Activity,0,1,[+Durative],[+Dynamic]
接受长官的授勋,Activity,1,0,[+Durative],[+Dynamic]
接受指使菲律宾,Activity,1,0,[+Durative],[+Dynamic]
接受治疗、训练,Activity,0,1,[+Durative],[+Dynamic]
揭露自己,Activity,0,1,[+Durative],[+Dynamic]
竭力解决这些问题,Activity,1,0,[+Durative],[+Dynamic]
解放,Transition,1,0,[+Durative],[+Dynamic]
解放出来,Transition,1,0,[+Durative],[+Dynamic]
解决,Activity,1,3,[+Durative],[+Dynamic]
解决大班额问题,Activity,0,1,[+Durative],[+Dynamic]
解决共同的历史任务,Activity,1,0,[+Durative],[+Dynamic]
解决和列入逐步解决规划,Activity,0,1,[+Durative],[+Dynamic]
解决核子技术和采用半导体问题,Activity,0,1,[+Durative],[+Dynamic]
解决建设共产主义的伟大任务,Activity,0,1,[+Durative],[+Dynamic]
解决煤气、交通,Activity,0,1,[+Durative],[+Dynamic]
解决美国经济封锁所造成的问题,Activity,0,1,[+Durative],[+Dynamic]
解决它所面临的任务,Activity,0,1,[+Durative],[+Dynamic]
解开,Transition,0,1,[+Durative],[+Dynamic]
解释,Activity,3,1,[+Durative],[+Dynamic]
解释翻译,Activity,1,0,[+Durative],[+Dynamic]
解他的漂亮西装,Activity,0,1,[+Durative],[+Dynamic]
介绍,Activity,0,2,[+Durative],[+Dynamic]
介绍哪家的姑娘长得最标致,Activity,0,1,[+Durative],[+Dynamic]
介绍撒哈拉沙漠,Activity,1,0,[+Durative],[+Dynamic]
介绍西方的文学与文论,Activity,0,1,[+Durative],[+Dynamic]
介绍中国的经济形势,Activity,1,0,[+Durative],[+Dynamic]
介绍自己的美术作品,Activity,1,0,[+Durative],[+Dynamic]
尽巨大的努力来缓和国际紧张局势,Activity,0,1,[+Durative],[+Dynamic]
尽孝,Activity,1,0,[+Durative],[+Dynamic]
尽一切努力争取从苏联获得宝贵和有效的重大援助,Activity,0,1,[+Durative],[+Dynamic]
尽自己国际主义的责任,Activity,1,0,[+Durative],[+Dynamic]
尽最大努力带领当地群众抗灾救灾,Activity,1,0,[+Durative],[+Dynamic]
进攻,Activity,5,0,[+Durative],[+Dynamic]
进攻我们,Activity,1,0,[+Durative],[+Dynamic]
进攻新加坡,Activity,1,0,[+Durative],[+Dynamic]
进新学堂,Transition,1,0,[-Durative],[+Dynamic]
进行,Activity,43,94,[+Durative],[+Dynamic]
进行“非常危险的赌博”,Activity,1,0,[+Durative],[+Dynamic]
进行“强攻山头”的演习,Activity,1,0,[+Durative],[+Dynamic]
进行“扫荡”,Activity,0,1,[+Durative],[+Dynamic]
进行“退二进三”（退出第二产业，进入第三产业）的城市战略转型,Activity,1,0,[+Durative],[+Dynamic]
进行“应急准备”,Activity,1,0,[+Durative],[+Dynamic]
进行爱国主义歌咏比赛,Activity,0,1,[+Durative],[+Dynamic]
进行比赛或练球,Activity,1,0,[+Durative],[+Dynamic]
进行播种育秧,Activity,0,1,[+Durative],[+Dynamic]
进行搏斗,Activity,1,1,[+Durative],[+Dynamic]
进行裁决,Activity,1,0,[+Durative],[+Dynamic]
进行残酷的进攻,Activity,0,1,[+Durative],[+Dynamic]
进行操作,Activity,1,0,[+Durative],[+Dynamic]
进行猖狂的活动,Activity,1,0,[+Durative],[+Dynamic]
进行猖狂的武装侵略和阴谋颠覆活动,Activity,0,1,[+Durative],[+Dynamic]
进行城市化,Activity,0,1,[+Durative],[+Dynamic]
进行筹备,Activity,0,1,[+Durative],[+Dynamic]
进行筹备工作,Activity,0,1,[+Durative],[+Dynamic]
进行除雪作业,Activity,1,0,[+Durative],[+Dynamic]
进行创新,Activity,2,0,[+Durative],[+Dynamic]
进行春耕准备工作,Activity,0,1,[+Durative],[+Dynamic]
进行错综复杂的重新组合,Activity,0,1,[+Durative],[+Dynamic]
进行打扫工作,Activity,1,0,[+Durative],[+Dynamic]
进行大逮捕,Activity,1,0,[+Durative],[+Dynamic]
进行大规模建设,Activity,0,1,[+Durative],[+Dynamic]
进行大战,Activity,1,0,[+Durative],[+Dynamic]
进行稻谷脱粒,Activity,1,0,[+Durative],[+Dynamic]
进行地下核试验,Activity,1,0,[+Durative],[+Dynamic]
进行第二期资金募集,Activity,0,1,[+Durative],[+Dynamic]
进行第三届世界互联网大会新媒体发展论坛,Activity,0,1,[+Durative],[+Dynamic]
进行颠覆活动,Activity,1,0,[+Durative],[+Dynamic]
进行调查,Activity,0,1,[+Durative],[+Dynamic]
进行调研,Activity,0,1,[+Durative],[+Dynamic]
进行调整,Activity,1,1,[+Durative],[+Dynamic]
进行调整商业网和零售点的工作,Activity,1,0,[+Durative],[+Dynamic]
进行斗争,Activity,0,4,[+Durative],[+Dynamic]
进行对焦微调,Activity,1,0,[+Durative],[+Dynamic]
进行反帝的斗争,Activity,1,0,[+Durative],[+Dynamic]
进行反帝抗议运动,Activity,1,0,[+Durative],[+Dynamic]
进行反法宣传,Activity,1,0,[+Durative],[+Dynamic]
进行反击,Activity,1,0,[+Durative],[+Dynamic]
进行防旱抗旱,Activity,0,1,[+Durative],[+Dynamic]
进行分果实,Activity,0,1,[+Durative],[+Dynamic]
进行疯狂的扫荡,Activity,1,0,[+Durative],[+Dynamic]
进行复查工作,Activity,0,1,[+Durative],[+Dynamic]
进行复校建校工作,Activity,0,1,[+Durative],[+Dynamic]
进行复员,Activity,0,1,[+Durative],[+Dynamic]
进行改革,Activity,0,1,[+Durative],[+Dynamic]
进行改良以期培养出新品种,Activity,0,1,[+Durative],[+Dynamic]
进行改造,Activity,1,0,[+Durative],[+Dynamic]
进行革命斗争,Activity,1,0,[+Durative],[+Dynamic]
进行革新开放,Activity,0,1,[+Durative],[+Dynamic]
进行更加先进的无线电数码传递试验,Activity,1,0,[+Durative],[+Dynamic]
进行拱顶施工,Activity,0,1,[+Durative],[+Dynamic]
进行关于引进技术的谈判,Activity,0,1,[+Durative],[+Dynamic]
进行观测和研究,Activity,0,1,[+Durative],[+Dynamic]
进行光子计算机研究,Activity,0,1,[+Durative],[+Dynamic]
进行广泛的活动,Activity,0,1,[+Durative],[+Dynamic]
进行合作,Activity,0,1,[+Durative],[+Dynamic]
进行和平建设,Activity,0,1,[+Durative],[+Dynamic]
进行核查,Activity,0,1,[+Durative],[+Dynamic]
进行化学和细菌战争准备,Activity,1,0,[+Durative],[+Dynamic]
进行划车比赛,Activity,0,1,[+Durative],[+Dynamic]
进行恢复改建,Activity,0,1,[+Durative],[+Dynamic]
进行恢复训练,Activity,0,1,[+Durative],[+Dynamic]
进行会谈,Activity,0,1,[+Durative],[+Dynamic]
进行积极认真的准备,Activity,0,1,[+Durative],[+Dynamic]
进行技术改造,Activity,1,1,[+Durative],[+Dynamic]
进行加工,Activity,0,1,[+Durative],[+Dynamic]
进行尖锐的、率直的批评,Activity,0,1,[+Durative],[+Dynamic]
进行坚持不渝的努力,Activity,1,0,[+Durative],[+Dynamic]
进行坚决的斗争,Activity,0,1,[+Durative],[+Dynamic]
进行坚决的战斗,Activity,0,1,[+Durative],[+Dynamic]
进行艰苦斗争,Activity,0,1,[+Durative],[+Dynamic]
进行检查、总结工作,Activity,0,1,[+Durative],[+Dynamic]
进行检查和修补食用菌和毒菌,Activity,0,1,[+Durative],[+Dynamic]
进行检修清洗,Activity,0,1,[+Durative],[+Dynamic]
进行检验检疫,Activity,0,1,[+Durative],[+Dynamic]
进行建立新的大水电厂,Activity,1,0,[+Durative],[+Dynamic]
进行建设,Activity,1,0,[+Durative],[+Dynamic]
进行鉴定,Activity,0,1,[+Durative],[+Dynamic]
进行交换意见,Activity,1,0,[+Durative],[+Dynamic]
进行交接,Activity,1,0,[+Durative],[+Dynamic]
进行交流,Activity,1,0,[+Durative],[+Dynamic]
进行角力,Activity,1,0,[+Durative],[+Dynamic]
进行紧张的斗争,Activity,0,1,[+Durative],[+Dynamic]
进行紧张的混凝土浇铸,Activity,0,1,[+Durative],[+Dynamic]
进行紧张接触和商讨,Activity,0,1,[+Durative],[+Dynamic]
进行经济改革和建设,Activity,1,0,[+Durative],[+Dynamic]
进行酒精含量检查,Activity,0,1,[+Durative],[+Dynamic]
进行军备竞赛,Activity,1,0,[+Durative],[+Dynamic]
进行军事训练,Activity,0,1,[+Durative],[+Dynamic]
进行刊刻,Activity,1,0,[+Durative],[+Dynamic]
进行康复按摩,Activity,0,1,[+Durative],[+Dynamic]
进行抗震救灾工作,Activity,0,1,[+Durative],[+Dynamic]
进行扩建,Activity,0,1,[+Durative],[+Dynamic]
进行扩军备战,Activity,0,1,[+Durative],[+Dynamic]
进行历史上最大的加强军事力量的工作,Activity,0,1,[+Durative],[+Dynamic]
进行联运工作,Activity,0,1,[+Durative],[+Dynamic]
进行每周一次的教师工作抽查,Activity,1,0,[+Durative],[+Dynamic]
进行民主改革,Activity,0,1,[+Durative],[+Dynamic]
进行冥想训练,Activity,1,0,[+Durative],[+Dynamic]
进行那莱哈煤矿主井的建设工作,Activity,0,1,[+Durative],[+Dynamic]
进行难度最大的莲花瓣最后安装操作,Activity,0,1,[+Durative],[+Dynamic]
进行努力,Activity,1,0,[+Durative],[+Dynamic]
进行排水工作,Activity,1,0,[+Durative],[+Dynamic]
进行评议,Activity,1,0,[+Durative],[+Dynamic]
进行破坏,Activity,0,1,[+Durative],[+Dynamic]
进行普查,Activity,0,1,[+Durative],[+Dynamic]
进行欺骗和麻痹,Activity,1,0,[+Durative],[+Dynamic]
进行其军备之扩充,Activity,2,0,[+Durative],[+Dynamic]
进行钳形运动,Activity,0,1,[+Durative],[+Dynamic]
进行抢救,Activity,0,1,[+Durative],[+Dynamic]
进行侵略,Activity,1,0,[+Durative],[+Dynamic]
进行趣味夹球跑比赛,Activity,1,0,[+Durative],[+Dynamic]
进行全面改建,Activity,0,1,[+Durative],[+Dynamic]
进行全面规划,Activity,0,1,[+Durative],[+Dynamic]
进行热烈讨论,Activity,1,0,[+Durative],[+Dynamic]
进行三级排查,Activity,0,1,[+Durative],[+Dynamic]
进行商议,Activity,1,0,[+Durative],[+Dynamic]
进行设备的安装和搭建,Activity,0,1,[+Durative],[+Dynamic]
进行设计,Activity,0,1,[+Durative],[+Dynamic]
进行社会主义建设,Activity,2,2,[+Durative],[+Dynamic]
进行社会主义建设的国家,Activity,0,1,[+Durative],[+Dynamic]
进行社会主义建设的中国人民和政府,Activity,0,1,[+Durative],[+Dynamic]
进行深犁,Activity,1,0,[+Durative],[+Dynamic]
进行深入评审,Activity,0,1,[+Durative],[+Dynamic]
进行深入系统的调查研究,Activity,0,1,[+Durative],[+Dynamic]
进行审判,Activity,0,1,[+Durative],[+Dynamic]
进行审问,Activity,1,0,[+Durative],[+Dynamic]
进行生产,Activity,1,0,[+Durative],[+Dynamic]
进行生死搏斗,Activity,0,1,[+Durative],[+Dynamic]
进行诗朗诵,Activity,0,2,[+Durative],[+Dynamic]
进行十五万册中文图书的整理工作,Activity,0,1,[+Durative],[+Dynamic]
进行试点,Activity,0,1,[+Durative],[+Dynamic]
进行试验,Activity,1,0,[+Durative],[+Dynamic]
进行手术,Activity,0,1,[+Durative],[+Dynamic]
进行殊死搏斗,Activity,0,1,[+Durative],[+Dynamic]
进行数据统计,Activity,1,0,[+Durative],[+Dynamic]
进行思考,Activity,1,0,[+Durative],[+Dynamic]
进行思想、技术、管理、工作作风和工作方法革命,Activity,0,1,[+Durative],[+Dynamic]
进行死亡大殡改,Activity,0,1,[+Durative],[+Dynamic]
进行太阳能发电系统的最后安装工作,Activity,0,1,[+Durative],[+Dynamic]
进行探索,Activity,2,0,[+Durative],[+Dynamic]
进行讨论蒙古人民共和国和日本申请加入联合国的问题,Activity,1,0,[+Durative],[+Dynamic]
进行挑选遗象的工作,Activity,1,0,[+Durative],[+Dynamic]
进行歪曲和撒谎,Activity,1,0,[+Durative],[+Dynamic]
进行危险的政治赌博,Activity,0,1,[+Durative],[+Dynamic]
进行威胁,Activity,1,0,[+Durative],[+Dynamic]
进行维修施工,Activity,0,1,[+Durative],[+Dynamic]
进行伟大的事业,Activity,0,1,[+Durative],[+Dynamic]
进行位置维持,Activity,1,0,[+Durative],[+Dynamic]
进行武装攻击,Activity,0,1,[+Durative],[+Dynamic]
进行西藏部分河流的踏勘工作,Activity,0,1,[+Durative],[+Dynamic]
进行夏收预分工作,Activity,0,1,[+Durative],[+Dynamic]
进行许多基本建设,Activity,0,1,[+Durative],[+Dynamic]
进行研究,Activity,2,4,[+Durative],[+Dynamic]
进行一百一十三项新技术新工艺的科学研究,Activity,0,1,[+Durative],[+Dynamic]
进行一场仿佛很推心置腹的长谈,Activity,1,0,[+Durative],[+Dynamic]
进行一场坚决的自我救赎,Activity,0,1,[+Durative],[+Dynamic]
进行一场紧张的“后卫战”,Activity,0,1,[+Durative],[+Dynamic]
进行一场足球赛,Activity,0,1,[+Durative],[+Dynamic]
进行一次伟大的发明创造,Activity,0,1,[+Durative],[+Dynamic]
进行一次友好和亲善的访问,Activity,1,0,[+Durative],[+Dynamic]
进行一系列的工作来消除这些缺点,Activity,1,0,[+Durative],[+Dynamic]
进行一项工业、农业、电商等多产业融合的发展实践,Activity,0,1,[+Durative],[+Dynamic]
进行一些武思,Activity,1,0,[+Durative],[+Dynamic]
进行一种策划,Activity,0,1,[+Durative],[+Dynamic]
进行以县和国营林场为单位的勘测设计,Activity,0,1,[+Durative],[+Dynamic]
进行英勇机智斗争,Activity,0,1,[+Durative],[+Dynamic]
进行有力的斗争,Activity,0,1,[+Durative],[+Dynamic]
进行预分,Activity,0,1,[+Durative],[+Dynamic]
进行越海登陆作战大演习,Activity,0,1,[+Durative],[+Dynamic]
进行造林准备,Activity,0,1,[+Durative],[+Dynamic]
进行战斗,Activity,2,0,[+Durative],[+Dynamic]
进行战争,Activity,1,0,[+Durative],[+Dynamic]
进行战争叫嚣,Activity,1,0,[+Durative],[+Dynamic]
进行战争煽动和宣传,Activity,1,0,[+Durative],[+Dynamic]
进行招投标,Activity,0,1,[+Durative],[+Dynamic]
进行哲理性的对话,Activity,1,0,[+Durative],[+Dynamic]
进行争取和维护民族独立斗争的,Activity,1,0,[+Durative],[+Dynamic]
进行争取提前出产拖拉机的生产准备工作,Activity,0,1,[+Durative],[+Dynamic]
进行整体调试,Activity,0,1,[+Durative],[+Dynamic]
进行政治体制改革,Activity,1,0,[+Durative],[+Dynamic]
进行周密的准备,Activity,0,1,[+Durative],[+Dynamic]
进行周五聚礼,Activity,1,0,[+Durative],[+Dynamic]
进行装修,Activity,0,1,[+Durative],[+Dynamic]
进行追踪侦察,Activity,0,1,[+Durative],[+Dynamic]
进行卓有成效的经济、技术和劳务合作,Activity,0,1,[+Durative],[+Dynamic]
进行足球比赛,Activity,0,1,[+Durative],[+Dynamic]
进行最后的谈判,Activity,0,1,[+Durative],[+Dynamic]
怪你,State,1,1,[+Durative],[-Dynamic]
经营苗圃业生意,Activity,1,0,[+Durative],[+Dynamic]
经营最古职业,Activity,1,0,[+Durative],[+Dynamic]
警告,Activity,1,0,[+Durative],[+Dynamic]
警告他,Activity,1,0,[+Durative],[+Dynamic]
警告他们,Activity,1,0,[+Durative],[+Dynamic]
警告我,Activity,1,0,[+Durative],[+Dynamic]
敬酒,Activity,0,1,[+Durative],[+Dynamic]
纠正,Activity,1,2,[+Durative],[+Dynamic]
纠正农业社包产普遍过高的偏向,Activity,0,1,[+Durative],[+Dynamic]
纠正我,Activity,1,0,[+Durative],[+Dynamic]
救火,Activity,1,0,[+Durative],[+Dynamic]
救人,Activity,3,0,[+Durative],[+Dynamic]
鞠躬,Activity,1,0,[+Durative],[+Dynamic]
举办德国艺术家托比阿斯·瑞博格的装置展,Activity,0,1,[+Durative],[+Dynamic]
举办服务与发展上海浦东服务外包国际论坛,Activity,0,1,[+Durative],[+Dynamic]
举办讲演会,Activity,1,0,[+Durative],[+Dynamic]
举办题为“梨园第一人·梅兰芳与苏联戏剧”展览会,Activity,0,1,[+Durative],[+Dynamic]
举办一场丧礼,Activity,0,1,[+Durative],[+Dynamic]
举行,Activity,1,10,[+Durative],[+Dynamic]
举行测试,Activity,1,0,[+Durative],[+Dynamic]
举行第三次的跳舞,Activity,2,0,[+Durative],[+Dynamic]
举行二十六届世界乒乓球锦标赛,Activity,0,1,[+Durative],[+Dynamic]
举行各种会议,Activity,0,1,[+Durative],[+Dynamic]
举行古老而虔诚的祭奠,Activity,1,0,[+Durative],[+Dynamic]
举行国际晶体学协会全会,Activity,0,1,[+Durative],[+Dynamic]
举行红旗竞赛,Activity,0,1,[+Durative],[+Dynamic]
举行化装联欢晚会,Activity,0,1,[+Durative],[+Dynamic]
举行婚礼,Activity,0,1,[+Durative],[+Dynamic]
举行集会,Activity,1,1,[+Durative],[+Dynamic]
举行首发仪式,Activity,0,1,[+Durative],[+Dynamic]
举行一次记者招待会,Activity,0,1,[+Durative],[+Dynamic]
举行一项纪念活动,Activity,0,1,[+Durative],[+Dynamic]
举行有小乐队伴奏的酒会,Activity,0,1,[+Durative],[+Dynamic]
举行最后的裁判,Activity,1,0,[+Durative],[+Dynamic]
拒绝她,Transition,2,0,[-Durative],[+Dynamic]
卷门帘,Activity,1,0,[+Durative],[+Dynamic]
掘草根,Activity,0,1,[+Durative],[+Dynamic]
掘地,Activity,1,0,[+Durative],[+Dynamic]
掘笋,Activity,0,1,[+Durative],[+Dynamic]
掘自己的坟墓,Activity,1,0,[+Durative],[+Dynamic]
嚼点心,Activity,1,0,[+Durative],[+Dynamic]
开,Activity,0,1,[+Durative],[+Dynamic]
开班后会,Activity,0,1,[+Durative],[+Dynamic]
开办停学待业高中学生补习学校,Activity,0,1,[+Durative],[+Dynamic]
开辩论会,Activity,1,0,[+Durative],[+Dynamic]
开采,Activity,0,2,[+Durative],[+Dynamic]
开茶罐的盖子,Activity,1,0,[+Durative],[+Dynamic]
开车,Activity,3,0,[+Durative],[+Dynamic]
开创国产名牌,Activity,0,1,[+Durative],[+Dynamic]
开大会,Activity,0,1,[+Durative],[+Dynamic]
开大门,Activity,0,2,[+Durative],[+Dynamic]
开刀,Activity,0,1,[+Durative],[+Dynamic]
开动,Activity,2,0,[+Durative],[+Dynamic]
开革命,Activity,2,0,[+Durative],[+Dynamic]
开沟施肥准备播种,Activity,0,1,[+Durative],[+Dynamic]
开锅,Activity,2,0,[+Durative],[+Dynamic]
开黑名单,Activity,0,1,[+Durative],[+Dynamic]
开花,Activity,3,1,[+Durative],[+Dynamic]
开话匣子,Activity,1,0,[+Durative],[+Dynamic]
开荒,Activity,1,0,[+Durative],[+Dynamic]
开会,Activity,12,7,[+Durative],[+Dynamic]
开会讨论,Activity,0,1,[+Durative],[+Dynamic]
开会研究支前,Activity,1,0,[+Durative],[+Dynamic]
开火,Activity,2,1,[+Durative],[+Dynamic]
开家庭会,Activity,1,0,[+Durative],[+Dynamic]
开进市区,Activity,0,1,[+Durative],[+Dynamic]
开浚河道,Activity,1,0,[+Durative],[+Dynamic]
开门,Activity,2,0,[+Durative],[+Dynamic]
开炮,Activity,0,1,[+Durative],[+Dynamic]
开辟,Transition,3,0,[+Durative],[+Dynamic]
开辟道路,Transition,1,0,[+Durative],[+Dynamic]
开辟新的就业空间,Transition,1,0,[+Durative],[+Dynamic]
开屏,Activity,0,1,[+Durative],[+Dynamic]
开汽车,Activity,1,0,[+Durative],[+Dynamic]
开全国代表大会,Activity,1,0,[+Durative],[+Dynamic]
开什么玩笑,Activity,1,0,[+Durative],[+Dynamic]
开讨论会,Activity,0,1,[+Durative],[+Dynamic]
开玩笑,Activity,35,0,[+Durative],[+Dynamic]
开玩笑说,Activity,1,0,[+Durative],[+Dynamic]
开我的玩笑,Activity,1,0,[+Durative],[+Dynamic]
开信箱,Activity,1,0,[+Durative],[+Dynamic]
开药方,Activity,1,0,[+Durative],[+Dynamic]
开一个恶狠狠的玩笑,Activity,1,0,[+Durative],[+Dynamic]
开一箱新到的货,Activity,0,1,[+Durative],[+Dynamic]
开展,Activity,1,18,[+Durative],[+Dynamic]
开展“崇尚英雄，精忠报国”主题班会,Activity,0,1,[+Durative],[+Dynamic]
开展“堵管理漏洞、增经济效益”宣传计划,Activity,0,1,[+Durative],[+Dynamic]
开展“铁腕治霾行动”,Activity,0,1,[+Durative],[+Dynamic]
开展奥运总动员,Activity,0,1,[+Durative],[+Dynamic]
开展第四次治螟歼灭战,Activity,0,1,[+Durative],[+Dynamic]
开展多样性的生产,Activity,0,1,[+Durative],[+Dynamic]
开展防汛排涝工作,Activity,0,1,[+Durative],[+Dynamic]
开展高空作业,Activity,1,0,[+Durative],[+Dynamic]
开展工农业余教育运动,Activity,0,1,[+Durative],[+Dynamic]
开展规划设计,Activity,1,0,[+Durative],[+Dynamic]
开展和实施“堵管理漏洞增经济效益”宣传计划,Activity,0,1,[+Durative],[+Dynamic]
开展科学方法论这门学科的研究,Activity,0,1,[+Durative],[+Dynamic]
开展跨部门、跨行业、多层次、多学科的科技攻关,Activity,0,1,[+Durative],[+Dynamic]
开展劳动竞赛,Activity,0,1,[+Durative],[+Dynamic]
开展美丽乡村建设的许多村庄正清违建,Activity,0,1,[+Durative],[+Dynamic]
开展气象信息员、协理员管理系统研究,Activity,0,1,[+Durative],[+Dynamic]
开展社会主义竞赛,Activity,0,1,[+Durative],[+Dynamic]
开展肃反运动,Activity,0,1,[+Durative],[+Dynamic]
开展夏田深耕密植运动,Activity,0,1,[+Durative],[+Dynamic]
开展宣传,Activity,1,0,[+Durative],[+Dynamic]
开展学大寨的群众运动,Activity,0,1,[+Durative],[+Dynamic]
开展一场革命,Activity,1,0,[+Durative],[+Dynamic]
开展一场交通运输革命,Activity,0,1,[+Durative],[+Dynamic]
开展以抗旱春播和麦田管理为中心的春季生产活动,Activity,0,1,[+Durative],[+Dynamic]
开展在宇航中的磁屏蔽、磁保护等项目的研究,Activity,1,0,[+Durative],[+Dynamic]
开展这项工作,Activity,0,1,[+Durative],[+Dynamic]
开展职工生产竞赛,Activity,0,1,[+Durative],[+Dynamic]
开总结会,Activity,1,0,[+Durative],[+Dynamic]
砍柴,Activity,0,1,[+Durative],[+Dynamic]
砍树,Activity,1,0,[+Durative],[+Dynamic]
看,Activity,28,2,[+Durative],[+Dynamic]
看《晨报》,Activity,0,1,[+Durative],[+Dynamic]
看《大众哲学》,Activity,0,1,[+Durative],[+Dynamic]
看《牡丹亭》,Activity,1,0,[+Durative],[+Dynamic]
看《仙佛杂志》,Activity,0,1,[+Durative],[+Dynamic]
看报,Activity,2,0,[+Durative],[+Dynamic]
看报纸,Activity,0,1,[+Durative],[+Dynamic]
看病,Activity,1,1,[+Durative],[+Dynamic]
看博伊尔的《背叛之风》,Activity,1,0,[+Durative],[+Dynamic]
看菜单,Activity,1,0,[+Durative],[+Dynamic]
看楚地居里的房子,Activity,1,0,[+Durative],[+Dynamic]
看窗外的景物,Activity,1,0,[+Durative],[+Dynamic]
看村公司今年的财务收支情况,Activity,1,0,[+Durative],[+Dynamic]
看大势,Activity,1,0,[+Durative],[+Dynamic]
看地上的尸首,Activity,1,0,[+Durative],[+Dynamic]
看地图,Activity,1,0,[+Durative],[+Dynamic]
看的出神,Transition,0,1,[-Durative],[+Dynamic]
看电报,Activity,0,1,[+Durative],[+Dynamic]
看电视,Activity,1,3,[+Durative],[+Dynamic]
看电视里的连续剧,Activity,1,0,[+Durative],[+Dynamic]
看电影,Activity,0,1,[+Durative],[+Dynamic]
看电影广告,Activity,2,0,[+Durative],[+Dynamic]
看碟片,Activity,1,0,[+Durative],[+Dynamic]
看房子,Activity,1,0,[+Durative],[+Dynamic]
看放风筝,Activity,1,0,[+Durative],[+Dynamic]
看佛经,Activity,1,1,[+Durative],[+Dynamic]
看怪物,Activity,1,0,[+Durative],[+Dynamic]
看护她的病中的小宝宝,Activity,1,0,[+Durative],[+Dynamic]
看黄历,Activity,0,1,[+Durative],[+Dynamic]
看讲义,Activity,1,0,[+Durative],[+Dynamic]
看菊花,Activity,2,0,[+Durative],[+Dynamic]
看里面陈列的糖果点心,Activity,1,0,[+Durative],[+Dynamic]
看连长做示范动作似的,Activity,1,0,[+Durative],[+Dynamic]
看两份比例悬殊的地图,Activity,1,0,[+Durative],[+Dynamic]
看另一个世界里的活动,Activity,1,0,[+Durative],[+Dynamic]
看吕纯阳作的那篇《原道》,Activity,0,1,[+Durative],[+Dynamic]
看明辉局长有车不坐步行上班,Activity,1,0,[+Durative],[+Dynamic]
看哪里,Activity,1,0,[+Durative],[+Dynamic]
看那些日记,Activity,1,0,[+Durative],[+Dynamic]
看你,Activity,5,0,[+Durative],[+Dynamic]
看你的处理办法,Activity,1,0,[+Durative],[+Dynamic]
看你的演出录像,Activity,1,0,[+Durative],[+Dynamic]
看牌,Activity,2,0,[+Durative],[+Dynamic]
看旁人吃,Activity,1,0,[+Durative],[+Dynamic]
看墙壁上挂的那幅米勒底《晚祷》,Activity,1,0,[+Durative],[+Dynamic]
看热闹,Activity,1,0,[+Durative],[+Dynamic]
看什么,Activity,13,0,[+Durative],[+Dynamic]
看什么书,Activity,0,1,[+Durative],[+Dynamic]
看手腕上的表,Activity,1,0,[+Durative],[+Dynamic]
看守,Activity,0,1,[+Durative],[+Dynamic]
看书,Activity,16,5,[+Durative],[+Dynamic]
看树身上的什么东西,Activity,1,0,[+Durative],[+Dynamic]
看水,Activity,1,0,[+Durative],[+Dynamic]
看水鸭子打架,Activity,1,0,[+Durative],[+Dynamic]
看说明书,Activity,1,0,[+Durative],[+Dynamic]
看他,Activity,13,4,[+Durative],[+Dynamic]
看他的脑壳,Activity,0,1,[+Durative],[+Dynamic]
看它,Activity,2,0,[+Durative],[+Dynamic]
看她,Activity,7,1,[+Durative],[+Dynamic]
看她的脚,Activity,1,0,[+Durative],[+Dynamic]
看她剪的纸人儿,Activity,0,1,[+Durative],[+Dynamic]
看她那润白红亮的两眉间,Activity,1,0,[+Durative],[+Dynamic]
看太阳,Activity,0,1,[+Durative],[+Dynamic]
看天王塑像,Activity,0,1,[+Durative],[+Dynamic]
看碗里的东西,Activity,1,0,[+Durative],[+Dynamic]
看问題、想问题、说问题,Activity,1,0,[+Durative],[+Dynamic]
看我,Activity,3,0,[+Durative],[+Dynamic]
看我卡坏了的手,Activity,1,0,[+Durative],[+Dynamic]
看我扣在桌上的书,Activity,1,0,[+Durative],[+Dynamic]
看我们,Activity,2,0,[+Durative],[+Dynamic]
看戏,Activity,3,0,[+Durative],[+Dynamic]
看新到的《人民文学》二月号,Activity,0,1,[+Durative],[+Dynamic]
看新一代的阅读器会是什么样儿,Activity,1,0,[+Durative],[+Dynamic]
看信,Activity,3,0,[+Durative],[+Dynamic]
看一本航海的书,Activity,0,1,[+Durative],[+Dynamic]
看一本受到广泛吹捧的小说,Activity,1,0,[+Durative],[+Dynamic]
看一本英文书,Activity,1,0,[+Durative],[+Dynamic]
看一场滑稽戏,Activity,1,0,[+Durative],[+Dynamic]
看一份报纸,Activity,1,0,[+Durative],[+Dynamic]
看一封信,Activity,1,0,[+Durative],[+Dynamic]
看一个姑娘,Activity,1,0,[+Durative],[+Dynamic]
看一个朋友在做一个彩排,Activity,1,0,[+Durative],[+Dynamic]
看一个小癞蛤蟆,Activity,1,0,[+Durative],[+Dynamic]
看一形情节离奇的戏,Activity,1,0,[+Durative],[+Dynamic]
看一张请柬,Activity,0,1,[+Durative],[+Dynamic]
看一张纸,Activity,1,0,[+Durative],[+Dynamic]
看一座雪下的火山,Activity,1,0,[+Durative],[+Dynamic]
看遗嘱以及签名,Activity,0,1,[+Durative],[+Dynamic]
看油漆店,Activity,1,0,[+Durative],[+Dynamic]
看云,Activity,1,0,[+Durative],[+Dynamic]
看咱们,Activity,1,0,[+Durative],[+Dynamic]
看炸裂送上来的许多统计和表格,Activity,1,0,[+Durative],[+Dynamic]
看这个故事,Activity,0,1,[+Durative],[+Dynamic]
看这些,Activity,1,0,[+Durative],[+Dynamic]
看自己,Activity,1,0,[+Durative],[+Dynamic]
抗议,Activity,4,0,[+Durative],[+Dynamic]
抗议我的背时,Activity,1,0,[+Durative],[+Dynamic]
抗议一个夜晚的入侵者,Activity,1,0,[+Durative],[+Dynamic]
考路试,Activity,1,0,[+Durative],[+Dynamic]
考虑,Activity,13,2,[+Durative],[+Dynamic]
考虑“以退为进”,Activity,1,0,[+Durative],[+Dynamic]
考虑把石油美元用于发展石油化工工业或投资到较小的公司中,Activity,0,1,[+Durative],[+Dynamic]
考虑参加阿拉伯联盟,Activity,0,1,[+Durative],[+Dynamic]
考虑撤掉google.cn,Activity,1,0,[+Durative],[+Dynamic]
考虑承认叛乱分子地位,Activity,0,1,[+Durative],[+Dynamic]
考虑出牌的梁波,Activity,0,1,[+Durative],[+Dynamic]
考虑打开粮食业的投资渠道,Activity,0,1,[+Durative],[+Dynamic]
考虑代理副指导员的批评,Activity,1,0,[+Durative],[+Dynamic]
考虑第三次见面的地点,Activity,1,0,[+Durative],[+Dynamic]
考虑对伊朗的赔偿问题,Activity,0,1,[+Durative],[+Dynamic]
考虑访问莫斯科,Activity,1,0,[+Durative],[+Dynamic]
考虑改变耕作品种,Activity,0,1,[+Durative],[+Dynamic]
"考虑荷印总督穆
克所拟的建议",Activity,0,1,[+Durative],[+Dynamic]
考虑恢复巴以和谈新思路,Activity,0,1,[+Durative],[+Dynamic]
考虑回营房的事,Activity,1,0,[+Durative],[+Dynamic]
考虑经营一些国际服装品牌,Activity,0,1,[+Durative],[+Dynamic]
考虑黎殿选这第二个条,Activity,0,1,[+Durative],[+Dynamic]
考虑那样做,Activity,1,0,[+Durative],[+Dynamic]
考虑欧阳海和七班的问题,Activity,1,0,[+Durative],[+Dynamic]
考虑日后退逃台湾的事,Activity,1,0,[+Durative],[+Dynamic]
考虑如何把那个书桌也安放的不落“俗套”,Activity,0,1,[+Durative],[+Dynamic]
考虑如何写本,Activity,1,0,[+Durative],[+Dynamic]
考虑什么,Activity,2,0,[+Durative],[+Dynamic]
考虑什么别的问题,Activity,1,0,[+Durative],[+Dynamic]
考虑什么问题,Activity,1,0,[+Durative],[+Dynamic]
考虑是否截肢以保住患者的生命,Activity,1,0,[+Durative],[+Dynamic]
考虑是否扩军,Activity,0,1,[+Durative],[+Dynamic]
考虑是否要为美国运动员配备活性炭空气过滤面罩,Activity,0,1,[+Durative],[+Dynamic]
考虑四宝问题,Activity,0,1,[+Durative],[+Dynamic]
考虑他这场即将开始的斗争,Activity,1,0,[+Durative],[+Dynamic]
考虑通过中立机构来进行这项工作,Activity,0,1,[+Durative],[+Dynamic]
考虑为实现会议的决议而采取的进一步的步骤,Activity,0,1,[+Durative],[+Dynamic]
考虑未来的风险在哪里,Activity,1,0,[+Durative],[+Dynamic]
考虑未来的形势,Activity,0,1,[+Durative],[+Dynamic]
考虑问题,Activity,0,1,[+Durative],[+Dynamic]
考虑下面的话讲还是不讲,Activity,1,0,[+Durative],[+Dynamic]
考虑向联合国控诉美国侵犯领水,Activity,1,0,[+Durative],[+Dynamic]
考虑要不要把救火的事谈出来,Activity,1,0,[+Durative],[+Dynamic]
考虑要不要反悔,Activity,1,0,[+Durative],[+Dynamic]
考虑一个简单而又复杂的问题,Activity,1,0,[+Durative],[+Dynamic]
考虑一个严重的问题,Activity,1,0,[+Durative],[+Dynamic]
考虑引进自行车自助租赁服务,Activity,1,0,[+Durative],[+Dynamic]
考虑应该先吩咐哪一些事情,Activity,2,0,[+Durative],[+Dynamic]
考虑在发展和平利用原子能方面进行密切的合作,Activity,0,1,[+Durative],[+Dynamic]
考虑怎么才能让春芝站稳立场,Activity,1,0,[+Durative],[+Dynamic]
考虑怎么回答,Activity,1,0,[+Durative],[+Dynamic]
考虑怎样处理这个伪保长,Activity,0,1,[+Durative],[+Dynamic]
考虑战时学童疏,Activity,0,1,[+Durative],[+Dynamic]
考虑这个建议,Activity,0,1,[+Durative],[+Dynamic]
考虑这个问题,Activity,1,0,[+Durative],[+Dynamic]
考虑这句问话包含着什么意思,Activity,1,0,[+Durative],[+Dynamic]
考虑这两个问题,Activity,0,1,[+Durative],[+Dynamic]
考虑这台巨型挖土机的使用方案,Activity,0,1,[+Durative],[+Dynamic]
考虑这些,Activity,2,0,[+Durative],[+Dynamic]
考虑准备恢复生产的问题,Activity,1,0,[+Durative],[+Dynamic]
考虑自己的经济利益,Activity,1,0,[+Durative],[+Dynamic]
考验,Activity,2,0,[+Durative],[+Dynamic]
考验你是不是真心帮助同志,Activity,1,0,[+Durative],[+Dynamic]
考验他,Activity,1,0,[+Durative],[+Dynamic]
考验我的忍耐,Activity,1,0,[+Durative],[+Dynamic]
烤火,Activity,1,1,[+Durative],[+Dynamic]
烤什么肉,Activity,1,0,[+Durative],[+Dynamic]
靠近,Transition,1,2,[+Durative],[+Dynamic]
磕头,Activity,1,0,[+Durative],[+Dynamic]
磕头求饶,Activity,1,0,[+Durative],[+Dynamic]
怪我,State,1,0,[+Durative],[-Dynamic]
怪我那天在山上,State,1,0,[+Durative],[-Dynamic]
克服,Activity,1,0,[+Durative],[+Dynamic]
克服各种各样宗派的成见和限制,Activity,1,0,[+Durative],[+Dynamic]
克服工作中的缺点,Activity,0,1,[+Durative],[+Dynamic]
克服严重的自然灾害所造成的困难,Activity,0,1,[+Durative],[+Dynamic]
克服障碍为维护自己神圣领土而战斗,Activity,0,1,[+Durative],[+Dynamic]
啃,Activity,2,0,[+Durative],[+Dynamic]
啃北秃鲁江、南沸流江两座大桥,Activity,0,1,[+Durative],[+Dynamic]
啃吃食物,Activity,1,0,[+Durative],[+Dynamic]
啃甘蔗,Activity,1,0,[+Durative],[+Dynamic]
啃老,Activity,1,0,[+Durative],[+Dynamic]
啃老玉米棒子,Activity,1,0,[+Durative],[+Dynamic]
啃楼板,Activity,1,0,[+Durative],[+Dynamic]
啃那嫩草,Activity,1,0,[+Durative],[+Dynamic]
啃三文治,Activity,0,1,[+Durative],[+Dynamic]
啃桑叶,Activity,1,0,[+Durative],[+Dynamic]
啃桑叶的红茎,Activity,0,1,[+Durative],[+Dynamic]
啃树皮,Activity,1,0,[+Durative],[+Dynamic]
啃土地,Activity,1,0,[+Durative],[+Dynamic]
啃硬骨头,Activity,1,0,[+Durative],[+Dynamic]
啃纸头,Activity,1,0,[+Durative],[+Dynamic]
空喊口号,Activity,1,0,[+Durative],[+Dynamic]
控诉,Activity,1,0,[+Durative],[+Dynamic]
控诉日寇和国民党的罪恶,Activity,1,0,[+Durative],[+Dynamic]
"控制起伏的感
情",Activity,1,0,[+Durative],[+Dynamic]
扣留美商的货物,Activity,1,0,[+Durative],[+Dynamic]
扣衣服,Activity,0,1,[+Durative],[+Dynamic]
扣衣纽,Activity,1,0,[+Durative],[+Dynamic]
哭,Activity,74,2,[+Durative],[+Dynamic]
哭泣,Activity,17,1,[+Durative],[+Dynamic]
哭什么,Activity,1,0,[+Durative],[+Dynamic]
哭死去的四妹子,Activity,1,0,[+Durative],[+Dynamic]
哭他自己,Activity,1,0,[+Durative],[+Dynamic]
哭她,Activity,1,0,[+Durative],[+Dynamic]
哭我自己,Activity,1,0,[+Durative],[+Dynamic]
哭些什么,Activity,1,0,[+Durative],[+Dynamic]
哭自己,Activity,1,0,[+Durative],[+Dynamic]
夸陈家,Activity,1,0,[+Durative],[+Dynamic]
夸奖你,Activity,1,0,[+Durative],[+Dynamic]
夸奖他,Activity,1,0,[+Durative],[+Dynamic]
夸奖我,Activity,1,0,[+Durative],[+Dynamic]
夸你,Activity,1,0,[+Durative],[+Dynamic]
夸你炒的菜好吃,Activity,1,0,[+Durative],[+Dynamic]
夸他的算盘精明,Activity,1,0,[+Durative],[+Dynamic]
害羞,State,1,0,[+Durative],[-Dynamic]
好奇他为什么会到那个村子里去,State,1,0,[+Durative],[-Dynamic]
扩充军事力量,Activity,0,1,[+Durative],[+Dynamic]
扩充培养建筑工人的学校,Activity,0,1,[+Durative],[+Dynamic]
扩充台湾的机场,Activity,0,1,[+Durative],[+Dynamic]
扩大,Transition,24,11,[+Durative],[+Dynamic]
扩大队伍,Transition,0,1,[+Durative],[+Dynamic]
扩大对柬埔寨的武装进攻,Transition,0,1,[+Durative],[+Dynamic]
扩大甘蔗地的面积,Transition,0,1,[+Durative],[+Dynamic]
扩大耕地深翻面积,Transition,0,1,[+Durative],[+Dynamic]
扩大规模,Transition,1,0,[+Durative],[+Dynamic]
扩大金融业开放,Transition,0,1,[+Durative],[+Dynamic]
扩大自己的生产能力,Transition,1,0,[+Durative],[+Dynamic]
拉,Activity,2,0,[+Durative],[+Dynamic]
拉案,Activity,1,0,[+Durative],[+Dynamic]
拉扯,Activity,0,1,[+Durative],[+Dynamic]
拉抽屉,Activity,1,0,[+Durative],[+Dynamic]
拉大,Activity,4,1,[+Durative],[+Dynamic]
拉电杆,Activity,1,0,[+Durative],[+Dynamic]
拉肥,Activity,0,1,[+Durative],[+Dynamic]
拉弓,Activity,1,0,[+Durative],[+Dynamic]
拉胡琴,Activity,1,0,[+Durative],[+Dynamic]
拉家常,Activity,1,0,[+Durative],[+Dynamic]
拉开或合上,Activity,1,0,[+Durative],[+Dynamic]
拉开临时布置的障碍物,Activity,0,1,[+Durative],[+Dynamic]
拉门,Activity,1,0,[+Durative],[+Dynamic]
拉手风琴,Activity,2,0,[+Durative],[+Dynamic]
拉他的心,Activity,0,1,[+Durative],[+Dynamic]
拉她,Activity,1,0,[+Durative],[+Dynamic]
拉线操纵,Activity,1,0,[+Durative],[+Dynamic]
拉响警报,Activity,1,0,[+Durative],[+Dynamic]
拉一个破风箱,Activity,1,0,[+Durative],[+Dynamic]
来,Transition,1,3,[-Durative],[+Dynamic]
来往,Activity,0,1,[+Durative],[+Dynamic]
朗诵俄文,Activity,1,0,[+Durative],[+Dynamic]
劳动,Activity,5,0,[+Durative],[+Dynamic]
劳动改造,Activity,0,1,[+Durative],[+Dynamic]
了解机器人构造,Activity,0,1,[+Durative],[+Dynamic]
离开,Transition,1,0,[+Durative],[+Dynamic]
离开那里,Transition,1,0,[+Durative],[+Dynamic]
离开唯一的依靠,Transition,0,1,[+Durative],[+Dynamic]
离开自己,Transition,0,1,[+Durative],[+Dynamic]
利用布鲁塞尔谈判所提供的一切机会来搞掉长期来使它感到不痛快的英联邦的关税优惠,Activity,0,1,[+Durative],[+Dynamic]
利用当前的局势，努力要实现他们邪恶的目的,Activity,1,0,[+Durative],[+Dynamic]
利用豆类作物,Activity,1,0,[+Durative],[+Dynamic]
利用刚刚产生的各种有利条件,Activity,0,1,[+Durative],[+Dynamic]
利用国内局势的稳定和国际社会的支援两大有利因素，努力建设自己的国家,Activity,0,1,[+Durative],[+Dynamic]
利用嘉定伯府和锦衣都督田府对皇后和田贵妃暗中求情,Activity,0,1,[+Durative],[+Dynamic]
利用卡斯特洛公路一事“勒索”俄罗斯和叙利亚政府以换取更多的谈判筹码,Activity,0,1,[+Durative],[+Dynamic]
利用课余时间抬土、打坯,Activity,0,1,[+Durative],[+Dynamic]
利用联合国的招牌来实现它的新殖民主义的目的,Activity,1,0,[+Durative],[+Dynamic]
利用马三婆这条线,Activity,0,1,[+Durative],[+Dynamic]
利用区划成果指导发展农村商品经济,Activity,0,1,[+Durative],[+Dynamic]
利用人们的心理偏差,Activity,1,0,[+Durative],[+Dynamic]
利用他们的军事基地和影响打击阿拉伯穆斯林,Activity,0,1,[+Durative],[+Dynamic]
利用他们整掉自己,Activity,1,0,[+Durative],[+Dynamic]
利用她,Activity,1,0,[+Durative],[+Dynamic]
利用谈判大造反华舆论,Activity,1,0,[+Durative],[+Dynamic]
利用汛期到来之前的良好时机加紧施工,Activity,0,1,[+Durative],[+Dynamic]
利用一切水源、组织起来担水点种,Activity,1,0,[+Durative],[+Dynamic]
利用这一点行骗,Activity,1,0,[+Durative],[+Dynamic]
联合,Activity,1,0,[+Durative],[+Dynamic]
联合攻关,Activity,0,1,[+Durative],[+Dynamic]
联合行动,Activity,1,0,[+Durative],[+Dynamic]
联合有关部门制定相关机制专门为醉酒球迷提供紧急医疗服务,Activity,0,1,[+Durative],[+Dynamic]
联欢,Activity,1,0,[+Durative],[+Dynamic]
联系,Activity,2,0,[+Durative],[+Dynamic]
练八卦拳,Activity,1,0,[+Durative],[+Dynamic]
练兵,Activity,0,2,[+Durative],[+Dynamic]
练得兴起,Transition,0,1,[-Durative],[+Dynamic]
练对刺,Activity,1,0,[+Durative],[+Dynamic]
练功,Activity,2,0,[+Durative],[+Dynamic]
练功夫,Activity,1,0,[+Durative],[+Dynamic]
练节目,Activity,2,0,[+Durative],[+Dynamic]
练球,Activity,0,2,[+Durative],[+Dynamic]
练赛跑,Activity,1,0,[+Durative],[+Dynamic]
练投弹,Activity,1,0,[+Durative],[+Dynamic]
练习,Activity,0,2,[+Durative],[+Dynamic]
练习包装货物,Activity,0,1,[+Durative],[+Dynamic]
练习打飞机,Activity,1,0,[+Durative],[+Dynamic]
练习合唱,Activity,1,0,[+Durative],[+Dynamic]
练习投手榴弹,Activity,1,0,[+Durative],[+Dynamic]
练习瑜伽,Activity,0,1,[+Durative],[+Dynamic]
练瑜伽,Activity,1,0,[+Durative],[+Dynamic]
恋爱,Activity,5,1,[+Durative],[+Dynamic]
量米,Activity,1,0,[+Durative],[+Dynamic]
量那条石头墙,Activity,1,0,[+Durative],[+Dynamic]
晾衣服,Activity,1,0,[+Durative],[+Dynamic]
领取衣服,Transition,0,1,[-Durative],[+Dynamic]
领导,Activity,3,1,[+Durative],[+Dynamic]
领导波兰人民走向全面的繁荣的发展和祖国的幸福的前途,Activity,0,1,[+Durative],[+Dynamic]
领导九亿人民去实现四个现代化,Activity,0,1,[+Durative],[+Dynamic]
领导群众生产劲很大,Activity,1,0,[+Durative],[+Dynamic]
领导组织国民党军队从葫芦岛经锦州调赴沈阳,Activity,0,1,[+Durative],[+Dynamic]
领取民政部门免费提供的米饭、粽子、咸蛋等食品,Transition,0,1,[-Durative],[+Dynamic]
留活路,Activity,1,0,[+Durative],[+Dynamic]
忽视自己的家,State,0,1,[+Durative],[-Dynamic]
流,Activity,13,1,[+Durative],[+Dynamic]
流鼻血,Activity,1,0,[+Durative],[+Dynamic]
流传,Activity,1,0,[+Durative],[+Dynamic]
流传和泛滥,Activity,1,0,[+Durative],[+Dynamic]
流动,Activity,6,0,[+Durative],[+Dynamic]
流汗,Activity,1,0,[+Durative],[+Dynamic]
流进这个小房间,Transition,0,1,[+Durative],[+Dynamic]
流浪,Activity,0,1,[+Durative],[+Dynamic]
流泪,Activity,16,0,[+Durative],[+Dynamic]
流泪寻找他们的好支书朱华银,Activity,1,0,[+Durative],[+Dynamic]
流冷汗,Activity,1,0,[+Durative],[+Dynamic]
流脓,Activity,1,0,[+Durative],[+Dynamic]
流清鼻涕,Activity,1,0,[+Durative],[+Dynamic]
流淌,Activity,5,1,[+Durative],[+Dynamic]
怀疑,State,3,0,[+Durative],[-Dynamic]
怀疑是土匪干的,State,1,0,[+Durative],[-Dynamic]
怀疑我杨子荣是否能胜利完成这一任务,State,1,0,[+Durative],[-Dynamic]
流血,Activity,14,1,[+Durative],[+Dynamic]
流血化脓,Activity,1,0,[+Durative],[+Dynamic]
流血流汗,Activity,1,0,[+Durative],[+Dynamic]
乱收费,Activity,1,0,[+Durative],[+Dynamic]
落,Activity,3,0,[+Durative],[+Dynamic]
落泪,Activity,2,1,[+Durative],[+Dynamic]
落雨,Activity,1,0,[+Durative],[+Dynamic]
骂,Activity,7,0,[+Durative],[+Dynamic]
骂“老混蛋”,Activity,1,0,[+Durative],[+Dynamic]
骂范懿,Activity,1,0,[+Durative],[+Dynamic]
骂妇女落后,Activity,1,0,[+Durative],[+Dynamic]
骂街,Activity,1,0,[+Durative],[+Dynamic]
骂那轮船道,Activity,1,0,[+Durative],[+Dynamic]
骂那杀人的机器,Activity,1,0,[+Durative],[+Dynamic]
骂人,Activity,4,0,[+Durative],[+Dynamic]
骂谁,Activity,2,0,[+Durative],[+Dynamic]
骂四弟,Activity,1,0,[+Durative],[+Dynamic]
骂他,Activity,1,0,[+Durative],[+Dynamic]
骂他给难题别人做,Activity,1,0,[+Durative],[+Dynamic]
骂她,Activity,1,0,[+Durative],[+Dynamic]
骂我,Activity,5,0,[+Durative],[+Dynamic]
骂我们,Activity,0,1,[+Durative],[+Dynamic]
骂贼秃,Activity,1,0,[+Durative],[+Dynamic]
骂治安员娶了人家闺女,Activity,1,0,[+Durative],[+Dynamic]
骂自己,Activity,1,0,[+Durative],[+Dynamic]
埋东西,Activity,1,2,[+Durative],[+Dynamic]
埋伤兵,Activity,1,0,[+Durative],[+Dynamic]
埋头干活,Activity,1,0,[+Durative],[+Dynamic]
埋怨,Activity,2,1,[+Durative],[+Dynamic]
埋怨儿子,Activity,0,1,[+Durative],[+Dynamic]
埋怨合作化,Activity,1,0,[+Durative],[+Dynamic]
埋怨你,Activity,1,0,[+Durative],[+Dynamic]
埋怨社干部,Activity,1,0,[+Durative],[+Dynamic]
埋怨天气,Activity,1,0,[+Durative],[+Dynamic]
埋怨我,Activity,1,0,[+Durative],[+Dynamic]
买东西,Activity,1,0,[+Durative],[+Dynamic]
买房子,Activity,1,0,[+Durative],[+Dynamic]
买花线,Activity,0,1,[+Durative],[+Dynamic]
买教训,Activity,1,0,[+Durative],[+Dynamic]
买米,Activity,1,0,[+Durative],[+Dynamic]
买票,Activity,1,0,[+Durative],[+Dynamic]
买肉,Activity,0,1,[+Durative],[+Dynamic]
买田,Activity,1,0,[+Durative],[+Dynamic]
买土卖土,Activity,1,0,[+Durative],[+Dynamic]
买西瓜,Activity,0,1,[+Durative],[+Dynamic]
买小菜,Activity,1,0,[+Durative],[+Dynamic]
买烟抽,Activity,1,0,[+Durative],[+Dynamic]
买药,Activity,1,0,[+Durative],[+Dynamic]
迈进,Transition,1,5,[+Durative],[+Dynamic]
卖,Activity,3,0,[+Durative],[+Dynamic]
卖果子,Activity,1,0,[+Durative],[+Dynamic]
卖烤羊肉串,Activity,1,0,[+Durative],[+Dynamic]
卖书,Activity,1,0,[+Durative],[+Dynamic]
卖西瓜,Activity,1,0,[+Durative],[+Dynamic]
卖羊,Activity,1,0,[+Durative],[+Dynamic]
卖鱼,Activity,1,0,[+Durative],[+Dynamic]
满足人们的消遣和娱乐,Transition,1,0,[-Durative],[+Dynamic]
蔓延,Activity,8,4,[+Durative],[+Dynamic]
忙,Activity,8,2,[+Durative],[+Dynamic]
忙各人,Activity,1,0,[+Durative],[+Dynamic]
忙工作,Activity,1,0,[+Durative],[+Dynamic]
忙另外一件更“重要”的事,Activity,1,0,[+Durative],[+Dynamic]
忙碌,Activity,4,1,[+Durative],[+Dynamic]
忙什么,Activity,5,0,[+Durative],[+Dynamic]
忙生产,Activity,1,0,[+Durative],[+Dynamic]
忙些什么,Activity,2,0,[+Durative],[+Dynamic]
忙这个,Activity,1,0,[+Durative],[+Dynamic]
忙这事,Activity,1,0,[+Durative],[+Dynamic]
冒,Activity,1,0,[+Durative],[+Dynamic]
冒充伟大的先知,Activity,1,0,[+Durative],[+Dynamic]
冒出火苗,Transition,1,0,[+Durative],[+Dynamic]
冒火,Activity,1,0,[+Durative],[+Dynamic]
冒泡,Activity,1,0,[+Durative],[+Dynamic]
冒泡泡,Activity,1,0,[+Durative],[+Dynamic]
冒气,Activity,1,0,[+Durative],[+Dynamic]
冒热气,Activity,1,1,[+Durative],[+Dynamic]
冒酸水,Activity,1,0,[+Durative],[+Dynamic]
冒烟,Activity,6,2,[+Durative],[+Dynamic]
冒著汽流出,Activity,1,0,[+Durative],[+Dynamic]
怀疑自己是不是中了匪徒的诡计而误入歧途,State,1,0,[+Durative],[-Dynamic]
活,State,1,0,[+Durative],[-Dynamic]
描眉和化妆,Activity,0,1,[+Durative],[+Dynamic]
描他对面的那个裸体美人的轮廓,Activity,1,0,[+Durative],[+Dynamic]
灭亡,Transition,2,0,[+Durative],[+Dynamic]
摸牌,Activity,0,1,[+Durative],[+Dynamic]
摸索,Activity,4,0,[+Durative],[+Dynamic]
摸索和寻找自己在商业和市场上的位置,Activity,1,0,[+Durative],[+Dynamic]
摸索进行,Activity,1,0,[+Durative],[+Dynamic]
摸索研究制造冰毒,Activity,1,0,[+Durative],[+Dynamic]
摸索一条最有效的途径,Activity,1,0,[+Durative],[+Dynamic]
摸一个糖浆一样的小瓶子,Activity,1,0,[+Durative],[+Dynamic]
摸鱼,Activity,0,1,[+Durative],[+Dynamic]
磨刀,Activity,1,0,[+Durative],[+Dynamic]
磨斧子,Activity,1,0,[+Durative],[+Dynamic]
磨粮,Activity,1,0,[+Durative],[+Dynamic]
磨面,Activity,0,1,[+Durative],[+Dynamic]
抹脸,Activity,1,0,[+Durative],[+Dynamic]
抹墙壁上的洼点,Activity,1,0,[+Durative],[+Dynamic]
抹眼泪,Activity,2,1,[+Durative],[+Dynamic]
拿爱字来粉饰太平,Activity,1,0,[+Durative],[+Dynamic]
拿工资,Activity,1,0,[+Durative],[+Dynamic]
拿药,Activity,0,1,[+Durative],[+Dynamic]
拿自家的东西,Activity,1,0,[+Durative],[+Dynamic]
闹,Activity,4,1,[+Durative],[+Dynamic]
闹暴发火眼,Activity,1,0,[+Durative],[+Dynamic]
闹别扭,Activity,1,0,[+Durative],[+Dynamic]
闹辞职,Activity,1,0,[+Durative],[+Dynamic]
闹党争,Activity,2,0,[+Durative],[+Dynamic]
闹房,Activity,1,0,[+Durative],[+Dynamic]
闹革命,Activity,2,0,[+Durative],[+Dynamic]
闹鬼,Activity,1,0,[+Durative],[+Dynamic]
闹离婚,Activity,1,0,[+Durative],[+Dynamic]
闹男女同学,Activity,1,0,[+Durative],[+Dynamic]
闹穷,Activity,0,1,[+Durative],[+Dynamic]
闹三角恋爱,Activity,1,0,[+Durative],[+Dynamic]
闹伤风,Activity,0,1,[+Durative],[+Dynamic]
闹伤寒,Activity,0,1,[+Durative],[+Dynamic]
闹什么急性传染病,Activity,1,0,[+Durative],[+Dynamic]
闹什么情绪,Activity,0,1,[+Durative],[+Dynamic]
闹事,Activity,1,0,[+Durative],[+Dynamic]
闹思想,Activity,1,0,[+Durative],[+Dynamic]
闹腾,Activity,1,0,[+Durative],[+Dynamic]
闹笑话,Activity,1,0,[+Durative],[+Dynamic]
闹意见,Activity,1,0,[+Durative],[+Dynamic]
念别人的诗,Activity,1,0,[+Durative],[+Dynamic]
念大学,Activity,0,2,[+Durative],[+Dynamic]
念叨,Activity,2,0,[+Durative],[+Dynamic]
念叨你,Activity,1,0,[+Durative],[+Dynamic]
念佛,Activity,1,0,[+Durative],[+Dynamic]
念候选名单,Activity,1,0,[+Durative],[+Dynamic]
念经,Activity,0,1,[+Durative],[+Dynamic]
念经祈福,Activity,1,0,[+Durative],[+Dynamic]
念你,Activity,1,0,[+Durative],[+Dynamic]
念你们,Activity,1,0,[+Durative],[+Dynamic]
念诗,Activity,1,0,[+Durative],[+Dynamic]
念书,Activity,2,0,[+Durative],[+Dynamic]
念他写来的信,Activity,1,0,[+Durative],[+Dynamic]
念台湾艺术大学,Activity,1,0,[+Durative],[+Dynamic]
念中学二年级,Activity,0,1,[+Durative],[+Dynamic]
捏一把汗,Activity,1,0,[+Durative],[+Dynamic]
拧身上水溜,Activity,0,1,[+Durative],[+Dynamic]
扭屁股,Activity,1,0,[+Durative],[+Dynamic]
扭它,Activity,1,0,[+Durative],[+Dynamic]
扭秧歌,Activity,1,0,[+Durative],[+Dynamic]
弄,Activity,1,0,[+Durative],[+Dynamic]
弄菜,Activity,1,0,[+Durative],[+Dynamic]
弄坏自己的眼睛,Transition,1,0,[+Durative],[+Dynamic]
弄门闩,Activity,1,0,[+Durative],[+Dynamic]
弄女人,Activity,1,0,[+Durative],[+Dynamic]
弄什么玄虚,Activity,1,0,[+Durative],[+Dynamic]
弄什么艺术的制作,Activity,1,0,[+Durative],[+Dynamic]
弄甚么把戏,Activity,1,0,[+Durative],[+Dynamic]
弄药,Activity,1,0,[+Durative],[+Dynamic]
弄衣角,Activity,1,0,[+Durative],[+Dynamic]
弄照相机谈话,Activity,9,7,[+Durative],[+Dynamic]
努力,Activity,18,14,[+Durative],[+Dynamic]
努力把筹备工作做得更加完善,Activity,0,1,[+Durative],[+Dynamic]
努力保证政策的连续性,Activity,1,0,[+Durative],[+Dynamic]
努力涤磨以前苦痛的伤痕,Activity,0,1,[+Durative],[+Dynamic]
努力发展,Activity,1,0,[+Durative],[+Dynamic]
努力奋斗,Activity,0,1,[+Durative],[+Dynamic]
努力改善治安环境,Activity,1,0,[+Durative],[+Dynamic]
努力告别简单,Activity,0,1,[+Durative],[+Dynamic]
努力跟上步伐,Activity,1,0,[+Durative],[+Dynamic]
努力工作,Activity,1,0,[+Durative],[+Dynamic]
努力构建大数据产业生态圈,Activity,1,0,[+Durative],[+Dynamic]
努力恢复,Activity,0,1,[+Durative],[+Dynamic]
努力计划开辟环道,Activity,1,0,[+Durative],[+Dynamic]
努力建设我们自己的国家,Activity,1,0,[+Durative],[+Dynamic]
努力将农村工业化,Activity,1,0,[+Durative],[+Dynamic]
努力将现实主义的电影语言和观众审美需求相结合,Activity,1,0,[+Durative],[+Dynamic]
努力扩大巴格达条约成员国的数目,Activity,0,1,[+Durative],[+Dynamic]
努力劳动,Activity,0,1,[+Durative],[+Dynamic]
努力培植他,Activity,1,0,[+Durative],[+Dynamic]
努力取得一些东西,Activity,1,0,[+Durative],[+Dynamic]
努力生产,Activity,1,0,[+Durative],[+Dynamic]
努力实现大会的四大原则,Activity,1,0,[+Durative],[+Dynamic]
努力实现自己的“红薯梦”,Activity,0,1,[+Durative],[+Dynamic]
努力使台湾军事化,Activity,1,0,[+Durative],[+Dynamic]
努力试种别的植物,Activity,1,0,[+Durative],[+Dynamic]
努力提高企业的员工素质,Activity,1,0,[+Durative],[+Dynamic]
努力提高质量,Activity,1,0,[+Durative],[+Dynamic]
努力完成他们的历史任务,Activity,1,0,[+Durative],[+Dynamic]
努力往那方面学习,Activity,0,1,[+Durative],[+Dynamic]
努力为农民作事业,Activity,1,0,[+Durative],[+Dynamic]
努力稳住运价,Activity,1,0,[+Durative],[+Dynamic]
努力学习扮演“父亲”的角色,Activity,1,0,[+Durative],[+Dynamic]
努力寻求新的业务模式,Activity,1,0,[+Durative],[+Dynamic]
努力用造成新的战争恐怖的方法争取尽量推迟其国内经济危机之到来,Activity,1,0,[+Durative],[+Dynamic]
努力增加生产以实际行动推进争取协商和普选的斗争,Activity,1,0,[+Durative],[+Dynamic]
努力争取恢复关贸总协定缔约国地位,Activity,1,0,[+Durative],[+Dynamic]
努力争取基层党员投赞成票,Activity,0,1,[+Durative],[+Dynamic]
努力争取提早完成上半年生产万部双轮双铧犁的任务,Activity,0,1,[+Durative],[+Dynamic]
努力争取亚洲和世界和平,Activity,1,0,[+Durative],[+Dynamic]
努力准备,Activity,1,0,[+Durative],[+Dynamic]
爬,Activity,2,4,[+Durative],[+Dynamic]
爬坡,Activity,0,1,[+Durative],[+Dynamic]
爬山,Activity,0,1,[+Durative],[+Dynamic]
活的个什么,State,1,0,[+Durative],[-Dynamic]
活个什么劲,State,1,0,[+Durative],[-Dynamic]
坚持,State,1,0,[+Durative],[-Dynamic]
坚持斗争,State,2,0,[+Durative],[-Dynamic]
拍,Activity,2,0,[+Durative],[+Dynamic]
拍海滩夕照,Activity,1,0,[+Durative],[+Dynamic]
拍哪些新片子,Activity,0,1,[+Durative],[+Dynamic]
拍什么,Activity,1,0,[+Durative],[+Dynamic]
拍王秉钧底左肩,Activity,1,0,[+Durative],[+Dynamic]
拍一个大烟囱,Activity,1,0,[+Durative],[+Dynamic]
拍照,Activity,1,0,[+Durative],[+Dynamic]
拍自己内心的东西,Activity,1,0,[+Durative],[+Dynamic]
排,Activity,1,0,[+Durative],[+Dynamic]
排除,Transition,0,2,[-Durative],[+Dynamic]
排队,Activity,2,2,[+Durative],[+Dynamic]
排队等理发,Activity,1,0,[+Durative],[+Dynamic]
排练,Activity,2,1,[+Durative],[+Dynamic]
排练节目,Activity,1,0,[+Durative],[+Dynamic]
排练为访华准备的节目,Activity,0,1,[+Durative],[+Dynamic]
排水,Activity,0,1,[+Durative],[+Dynamic]
徘徊,Activity,2,0,[+Durative],[+Dynamic]
派遣几百名后备军人到近东去,Transition,1,0,[-Durative],[+Dynamic]
派人去参战,Transition,0,1,[-Durative],[+Dynamic]
盘算,Activity,5,3,[+Durative],[+Dynamic]
盘算全市有多少米面铺,Activity,1,0,[+Durative],[+Dynamic]
盘算如何攫取个人私利,Activity,1,0,[+Durative],[+Dynamic]
盘算他自己的那件重大事情,Activity,1,0,[+Durative],[+Dynamic]
盘算她婆家的地了,Activity,1,0,[+Durative],[+Dynamic]
盘算未来的奖赏,Activity,1,0,[+Durative],[+Dynamic]
盘算要卖我们的房子,Activity,1,0,[+Durative],[+Dynamic]
盘问,Activity,1,0,[+Durative],[+Dynamic]
坚持工作,State,1,0,[+Durative],[-Dynamic]
坚持马克思列宁主义的革命原则,State,1,0,[+Durative],[-Dynamic]
坚持我的原则,State,1,0,[+Durative],[-Dynamic]
坚持长跑,State,1,0,[+Durative],[-Dynamic]
接近,State,2,1,[+Durative],[-Dynamic]
接近两万米高度,State,0,1,[+Durative],[-Dynamic]
接近三万米,State,0,1,[+Durative],[-Dynamic]
抛篮球,Activity,1,0,[+Durative],[+Dynamic]
抛锚,Activity,0,1,[+Durative],[+Dynamic]
抛弃电视广告这种较难测量效果的营销方式,Transition,1,0,[-Durative],[+Dynamic]
抛球,Activity,1,0,[+Durative],[+Dynamic]
抛心力,Activity,1,0,[+Durative],[+Dynamic]
跑,Activity,17,2,[+Durative],[+Dynamic]
跑步,Activity,0,1,[+Durative],[+Dynamic]
跑上台阶,Transition,0,1,[+Durative],[+Dynamic]
跑运销,Activity,0,1,[+Durative],[+Dynamic]
泡茶,Activity,1,1,[+Durative],[+Dynamic]
泡方便面,Activity,0,1,[+Durative],[+Dynamic]
陪伴,Activity,1,0,[+Durative],[+Dynamic]
陪柳春江一块儿吃酒,Activity,2,0,[+Durative],[+Dynamic]
陪什么人吃饭喝酒,Activity,0,1,[+Durative],[+Dynamic]
陪苇弟坐,Activity,1,0,[+Durative],[+Dynamic]
陪资产阶级的子弟开开心,Activity,1,0,[+Durative],[+Dynamic]
培训银行和外贸方面的干部,Activity,0,1,[+Durative],[+Dynamic]
培养刚勇的气质,Activity,0,1,[+Durative],[+Dynamic]
培养和训练近两千名技术工人,Activity,0,1,[+Durative],[+Dynamic]
培养精神贵族,Activity,1,0,[+Durative],[+Dynamic]
培养数以千计的年青干部,Activity,0,1,[+Durative],[+Dynamic]
培养他,Activity,0,1,[+Durative],[+Dynamic]
培养我,Activity,1,1,[+Durative],[+Dynamic]
培养幸福的花果,Activity,1,0,[+Durative],[+Dynamic]
配合你,Activity,1,0,[+Durative],[+Dynamic]
蓬勃发展,Activity,0,1,[+Durative],[+Dynamic]
膨胀,Activity,3,0,[+Durative],[+Dynamic]
捧程再春,Activity,1,0,[+Durative],[+Dynamic]
碰杯,Activity,0,1,[+Durative],[+Dynamic]
批判错误的东西,Activity,1,0,[+Durative],[+Dynamic]
批判西方文化,Activity,0,1,[+Durative],[+Dynamic]
批评李老汉,Activity,1,0,[+Durative],[+Dynamic]
批评你这样那样,Activity,0,1,[+Durative],[+Dynamic]
批评您只喜欢两种电影,Activity,1,0,[+Durative],[+Dynamic]
批评他,Activity,1,0,[+Durative],[+Dynamic]
批评我,Activity,1,0,[+Durative],[+Dynamic]
批评我只喜欢两种电影,Activity,1,0,[+Durative],[+Dynamic]
批评杨重,Activity,0,1,[+Durative],[+Dynamic]
批尤清,Activity,0,1,[+Durative],[+Dynamic]
骗你,Activity,1,0,[+Durative],[+Dynamic]
骗人,Activity,6,1,[+Durative],[+Dynamic]
骗他,Activity,1,0,[+Durative],[+Dynamic]
骗她,Activity,2,0,[+Durative],[+Dynamic]
骗我,Activity,2,0,[+Durative],[+Dynamic]
骗我们,Activity,1,0,[+Durative],[+Dynamic]
飘,Activity,2,0,[+Durative],[+Dynamic]
飘荡,Activity,3,0,[+Durative],[+Dynamic]
飘扬,Activity,2,0,[+Durative],[+Dynamic]
评论,Activity,2,0,[+Durative],[+Dynamic]
破坏,Transition,1,1,[+Durative],[+Dynamic]
破坏阿拉伯各国人民的团结,Transition,1,0,[+Durative],[+Dynamic]
破坏阿拉伯团结,Transition,1,0,[+Durative],[+Dynamic]
破坏旧的,Transition,1,0,[+Durative],[+Dynamic]
破坏尼加拉瓜选举,Transition,1,0,[+Durative],[+Dynamic]
破坏你们的爱情,Transition,0,1,[+Durative],[+Dynamic]
破坏日内瓦会议规定的任务的执行,Transition,0,1,[+Durative],[+Dynamic]
破坏它,Transition,1,0,[+Durative],[+Dynamic]
破坏停火和制造边境紧张局势,Transition,2,0,[+Durative],[+Dynamic]
破坏我们的社会主义事业,Transition,0,1,[+Durative],[+Dynamic]
破坏武器,Transition,1,0,[+Durative],[+Dynamic]
破坏这一地区的稳定,Transition,0,1,[+Durative],[+Dynamic]
扑火,Activity,1,1,[+Durative],[+Dynamic]
扑灭已经发生的近东战火,Transition,0,1,[+Durative],[+Dynamic]
铺床,Activity,1,1,[+Durative],[+Dynamic]
铺平道路,Transition,1,0,[+Durative],[+Dynamic]
期待,Activity,2,0,[+Durative],[+Dynamic]
期待诺贝尔奖生理及医学奖获得者内尔教授与中国博士生亲切交谈,Activity,1,0,[+Durative],[+Dynamic]
期盼,Activity,1,0,[+Durative],[+Dynamic]
期盼他的电话,Activity,1,0,[+Durative],[+Dynamic]
期盼这次大会,Activity,1,0,[+Durative],[+Dynamic]
欺骗他,Activity,1,0,[+Durative],[+Dynamic]
欺骗她,Activity,1,0,[+Durative],[+Dynamic]
欺骗自己,Activity,2,0,[+Durative],[+Dynamic]
奇怪,State,1,6,[+Durative],[-Dynamic]
祈祷,Activity,7,0,[+Durative],[+Dynamic]
祈祷和平,Activity,1,0,[+Durative],[+Dynamic]
祈祷什么,Activity,1,0,[+Durative],[+Dynamic]
骑公共自行车,Activity,1,0,[+Durative],[+Dynamic]
骑马,Activity,1,0,[+Durative],[+Dynamic]
接近这个辉煌,State,0,1,[+Durative],[-Dynamic]
禁止他用任何动作来打搅这一幅静美的图画,State,1,0,[+Durative],[-Dynamic]
困扰,State,2,0,[+Durative],[-Dynamic]
困扰国家图书馆,State,1,0,[+Durative],[-Dynamic]
留恋刚刚走出的梦境,State,1,0,[+Durative],[-Dynamic]
流行,State,2,2,[+Durative],[-Dynamic]
流行什么,State,1,0,[+Durative],[-Dynamic]
启发她们,Activity,1,0,[+Durative],[+Dynamic]
起变化,Activity,0,2,[+Durative],[+Dynamic]
起古巴人的作用,Activity,0,1,[+Durative],[+Dynamic]
起糊涂心事,Activity,1,0,[+Durative],[+Dynamic]
起火,Activity,1,1,[+Durative],[+Dynamic]
起货,Activity,0,1,[+Durative],[+Dynamic]
起来,Transition,0,1,[-Durative],[+Dynamic]
起来斗争,Transition,0,1,[-Durative],[+Dynamic]
起破坏作用,Activity,1,0,[+Durative],[+Dynamic]
起网,Activity,0,1,[+Durative],[+Dynamic]
起雾,Activity,1,0,[+Durative],[+Dynamic]
起效,Activity,0,1,[+Durative],[+Dynamic]
起作用,Activity,11,0,[+Durative],[+Dynamic]
气他什么,Activity,1,0,[+Durative],[+Dynamic]
气通讯员,Activity,1,0,[+Durative],[+Dynamic]
牵出战马,Transition,0,1,[+Durative],[+Dynamic]
前进,Activity,74,14,[+Durative],[+Dynamic]
前进并向前看,Activity,1,0,[+Durative],[+Dynamic]
强迫约旦加入侵略性的巴格达条约,Activity,1,0,[+Durative],[+Dynamic]
抢,Activity,1,0,[+Durative],[+Dynamic]
抢时间,Activity,1,0,[+Durative],[+Dynamic]
抢他们口里的一根骨头,Activity,1,0,[+Durative],[+Dynamic]
敲,Activity,5,0,[+Durative],[+Dynamic]
敲打“核威慑”的破锣,Activity,1,0,[+Durative],[+Dynamic]
敲击他的头,Activity,1,0,[+Durative],[+Dynamic]
敲门,Activity,5,0,[+Durative],[+Dynamic]
敲门叫,Activity,1,0,[+Durative],[+Dynamic]
敲门问,Activity,0,2,[+Durative],[+Dynamic]
敲他的门,Activity,1,0,[+Durative],[+Dynamic]
敲他底房门,Activity,1,0,[+Durative],[+Dynamic]
敲她的窗子,Activity,1,0,[+Durative],[+Dynamic]
切煎蛋,Activity,0,1,[+Durative],[+Dynamic]
切面,Activity,0,1,[+Durative],[+Dynamic]
切猪草,Activity,1,0,[+Durative],[+Dynamic]
清理,Activity,0,2,[+Durative],[+Dynamic]
清理河道内的淤泥和从上游冲下来的树木,Activity,0,2,[+Durative],[+Dynamic]
清理火区余火,Activity,0,1,[+Durative],[+Dynamic]
清理书桌,Activity,0,2,[+Durative],[+Dynamic]
清理物件,Activity,1,0,[+Durative],[+Dynamic]
清理现场,Activity,0,1,[+Durative],[+Dynamic]
清理泄出的黄色培养液,Activity,0,1,[+Durative],[+Dynamic]
清理帐目,Activity,0,1,[+Durative],[+Dynamic]
清醒过来,Transition,0,1,[+Durative],[+Dynamic]
请教毛主席,Activity,1,0,[+Durative],[+Dynamic]
请教王琦瑶做大衣,Activity,1,0,[+Durative],[+Dynamic]
请教掌握充填电话时需要注意的事情,Activity,0,1,[+Durative],[+Dynamic]
请客,Activity,1,0,[+Durative],[+Dynamic]
请求补充枪支子弹,Activity,0,1,[+Durative],[+Dynamic]
庆祝,Activity,2,0,[+Durative],[+Dynamic]
庆祝“五一”国际劳动节,Activity,1,0,[+Durative],[+Dynamic]
庆祝胜利,Activity,0,1,[+Durative],[+Dynamic]
求进步,Activity,3,0,[+Durative],[+Dynamic]
求救,Activity,1,1,[+Durative],[+Dynamic]
求情,Activity,1,0,[+Durative],[+Dynamic]
求饶,Activity,1,0,[+Durative],[+Dynamic]
求他不要往下说,Activity,1,0,[+Durative],[+Dynamic]
求他什么事,Activity,1,0,[+Durative],[+Dynamic]
求他允许给趁这便船,Activity,1,0,[+Durative],[+Dynamic]
求她底宽恕,Activity,1,0,[+Durative],[+Dynamic]
求学,Activity,2,0,[+Durative],[+Dynamic]
求援,Activity,2,0,[+Durative],[+Dynamic]
驱逐别人,Transition,1,0,[-Durative],[+Dynamic]
驱逐难忍的瞌睡,Transition,1,0,[-Durative],[+Dynamic]
取出,Transition,0,1,[+Durative],[+Dynamic]
取得进展,Transition,0,1,[-Durative],[+Dynamic]
取得巨大的成就,Transition,0,1,[-Durative],[+Dynamic]
取得决定性的胜利,Transition,0,1,[-Durative],[+Dynamic]
取得联系,Transition,0,1,[-Durative],[+Dynamic]
取得令人瞩目的进展,Transition,0,1,[-Durative],[+Dynamic]
取得全国胜利,Transition,0,1,[-Durative],[+Dynamic]
取得实质性进展,Transition,0,2,[-Durative],[+Dynamic]
取得新的胜利,Transition,1,0,[-Durative],[+Dynamic]
取水,Activity,1,0,[+Durative],[+Dynamic]
去,Transition,1,0,[-Durative],[+Dynamic]
流行这首歌,State,1,0,[+Durative],[-Dynamic]
全体动员进行紧张的支前工作,Activity,0,1,[+Durative],[+Dynamic]
劝,Activity,1,0,[+Durative],[+Dynamic]
劝解,Activity,1,0,[+Durative],[+Dynamic]
劝开田,Activity,1,0,[+Durative],[+Dynamic]
劝说白莉苹什么,Activity,1,0,[+Durative],[+Dynamic]
劝说大家,Activity,1,0,[+Durative],[+Dynamic]
劝他,Activity,1,0,[+Durative],[+Dynamic]
劝他不要老是想反攻大陆,Activity,1,0,[+Durative],[+Dynamic]
劝他不要闹,Activity,1,0,[+Durative],[+Dynamic]
劝他们,Activity,0,1,[+Durative],[+Dynamic]
燃烧,Activity,40,9,[+Durative],[+Dynamic]
让菜,Activity,1,0,[+Durative],[+Dynamic]
绕圈子,Activity,1,0,[+Durative],[+Dynamic]
迷惑我们,State,1,0,[+Durative],[-Dynamic]
人吃人,Activity,1,0,[+Durative],[+Dynamic]
忍受残酷的刑罚,Activity,1,0,[+Durative],[+Dynamic]
忍受极大的痛楚,Activity,1,0,[+Durative],[+Dynamic]
忍受落在脸上身上的视线,Activity,1,0,[+Durative],[+Dynamic]
忍受那感情的鞭打,Activity,1,0,[+Durative],[+Dynamic]
忍受身体内部突然袭来的不适,Activity,1,0,[+Durative],[+Dynamic]
忍受一种锋利的刺痛,Activity,1,0,[+Durative],[+Dynamic]
认那位苏文纨,Activity,1,0,[+Durative],[+Dynamic]
认识到毛泽东的新民主主义及中国共产党和中国人民解放军扶助少数民族的政策乃是西藏人民的救星,Transition,0,1,[+Durative],[+Dynamic]
迷路,State,3,0,[+Durative],[-Dynamic]
扔炸弹,Activity,1,0,[+Durative],[+Dynamic]
扔砖头,Activity,1,0,[+Durative],[+Dynamic]
容忍,Activity,1,0,[+Durative],[+Dynamic]
融入人们的生产生活,Transition,0,1,[+Durative],[+Dynamic]
揉她,Activity,1,0,[+Durative],[+Dynamic]
揉眼睛,Activity,3,0,[+Durative],[+Dynamic]
入圈,Transition,0,1,[-Durative],[+Dynamic]
入睡,Transition,1,0,[-Durative],[+Dynamic]
撒粪,Activity,0,1,[+Durative],[+Dynamic]
撒花瓣和大米,Activity,1,0,[+Durative],[+Dynamic]
撒谎,Activity,12,0,[+Durative],[+Dynamic]
撒气,Activity,1,0,[+Durative],[+Dynamic]
洒水,Activity,1,0,[+Durative],[+Dynamic]
洒水和清扫路上的积物,Activity,1,0,[+Durative],[+Dynamic]
塞进一个猫脸的人的嘴里去,Transition,0,1,[+Durative],[+Dynamic]
散步,Activity,3,1,[+Durative],[+Dynamic]
散开,Transition,1,3,[+Durative],[+Dynamic]
散问题,Activity,0,1,[+Durative],[+Dynamic]
丧失,Transition,0,3,[+Durative],[+Dynamic]
丧失威信,Transition,0,1,[+Durative],[+Dynamic]
扫地,Activity,1,2,[+Durative],[+Dynamic]
扫描出来,Transition,0,1,[+Durative],[+Dynamic]
扫去,Transition,0,1,[+Durative],[+Dynamic]
扫雪,Activity,0,1,[+Durative],[+Dynamic]
杀人,Activity,4,0,[+Durative],[+Dynamic]
晒麦,Activity,1,0,[+Durative],[+Dynamic]
晒太阳,Activity,2,0,[+Durative],[+Dynamic]
晒阳光,Activity,1,0,[+Durative],[+Dynamic]
闪,Activity,1,0,[+Durative],[+Dynamic]
闪光,Activity,5,0,[+Durative],[+Dynamic]
闪亮,Activity,1,0,[+Durative],[+Dynamic]
闪烁,Activity,6,0,[+Durative],[+Dynamic]
扇他的嘴巴,Activity,0,1,[+Durative],[+Dynamic]
伤人,Activity,1,0,[+Durative],[+Dynamic]
伤心,Activity,1,2,[+Durative],[+Dynamic]
伤心落泪,Activity,1,1,[+Durative],[+Dynamic]
商量,Activity,3,3,[+Durative],[+Dynamic]
商量大家打伙儿去租用镇上那条”洋水车”,Activity,0,1,[+Durative],[+Dynamic]
商量建都洛阳和称王的事,Activity,1,0,[+Durative],[+Dynamic]
商量捐款救济震南村的水灾难民的事情,Activity,0,1,[+Durative],[+Dynamic]
商量梨云的后事,Activity,0,1,[+Durative],[+Dynamic]
商量清匪,Activity,0,1,[+Durative],[+Dynamic]
商量什么,Activity,1,0,[+Durative],[+Dynamic]
商量什么秘密军机,Activity,1,0,[+Durative],[+Dynamic]
商量事情,Activity,1,0,[+Durative],[+Dynamic]
商量应该给她一个什么样的处分,Activity,0,1,[+Durative],[+Dynamic]
商量在冰岛北部或东北部建一座全天候的空军基地,Activity,0,1,[+Durative],[+Dynamic]
上鞍子,Activity,1,0,[+Durative],[+Dynamic]
上班,Activity,9,0,[+Durative],[+Dynamic]
上班和下班,Activity,1,0,[+Durative],[+Dynamic]
上菜,Activity,0,1,[+Durative],[+Dynamic]
上车,Activity,1,2,[+Durative],[+Dynamic]
上船,Activity,0,1,[+Durative],[+Dynamic]
上大学,Activity,0,2,[+Durative],[+Dynamic]
上大学四年级,Activity,0,1,[+Durative],[+Dynamic]
上俄文课,Activity,0,1,[+Durative],[+Dynamic]
上辅导班,Activity,1,0,[+Durative],[+Dynamic]
上工,Activity,1,0,[+Durative],[+Dynamic]
上公开课,Activity,0,1,[+Durative],[+Dynamic]
上客,Activity,1,0,[+Durative],[+Dynamic]
上课,Activity,1,5,[+Durative],[+Dynamic]
上煤,Activity,0,1,[+Durative],[+Dynamic]
上升,Activity,18,5,[+Durative],[+Dynamic]
上网,Activity,1,0,[+Durative],[+Dynamic]
上小学,Activity,0,1,[+Durative],[+Dynamic]
上学,Activity,1,1,[+Durative],[+Dynamic]
烧,Activity,2,0,[+Durative],[+Dynamic]
烧饭,Activity,1,1,[+Durative],[+Dynamic]
烧锅,Activity,1,0,[+Durative],[+Dynamic]
烧火煮饭,Activity,1,0,[+Durative],[+Dynamic]
烧火做早饭,Activity,0,1,[+Durative],[+Dynamic]
烧她的脸,Activity,1,0,[+Durative],[+Dynamic]
烧铁,Activity,0,1,[+Durative],[+Dynamic]
烧香,Activity,1,0,[+Durative],[+Dynamic]
烧烟,Activity,1,1,[+Durative],[+Dynamic]
烧烟土,Activity,1,0,[+Durative],[+Dynamic]
烧衣舍饭,Activity,1,0,[+Durative],[+Dynamic]
烧早饭,Activity,0,1,[+Durative],[+Dynamic]
设计,Activity,0,4,[+Durative],[+Dynamic]
设计从装料到成材连续生产的工厂,Activity,0,1,[+Durative],[+Dynamic]
设计或施工,Activity,0,1,[+Durative],[+Dynamic]
设计鞋带造型,Activity,0,1,[+Durative],[+Dynamic]
设计新油印机,Activity,1,0,[+Durative],[+Dynamic]
申请,Activity,0,1,[+Durative],[+Dynamic]
申请孔子学院的奖学金,Activity,0,1,[+Durative],[+Dynamic]
申请要走的,Activity,0,1,[+Durative],[+Dynamic]
申请一个科技部科技基础资源调查专项,Activity,0,1,[+Durative],[+Dynamic]
申请一张张结婚需要的文件,Activity,1,0,[+Durative],[+Dynamic]
伸舌头,Activity,1,0,[+Durative],[+Dynamic]
呻吟,Activity,9,1,[+Durative],[+Dynamic]
呻吟、挣扎,Activity,1,0,[+Durative],[+Dynamic]
审,Activity,1,0,[+Durative],[+Dynamic]
审查,Activity,0,1,[+Durative],[+Dynamic]
审问,Activity,1,1,[+Durative],[+Dynamic]
审问郝摇旗,Activity,1,0,[+Durative],[+Dynamic]
审问两个人,Activity,0,1,[+Durative],[+Dynamic]
审问杨子荣捉来的小炉匠,Activity,1,0,[+Durative],[+Dynamic]
审问一个人,Activity,0,1,[+Durative],[+Dynamic]
渗,Activity,1,0,[+Durative],[+Dynamic]
渗血丝,Activity,1,0,[+Durative],[+Dynamic]
升出地平线,Transition,0,1,[+Durative],[+Dynamic]
升高,Activity,2,0,[+Durative],[+Dynamic]
升帐,Activity,0,1,[+Durative],[+Dynamic]
生病,Activity,2,1,[+Durative],[+Dynamic]
生产,Activity,4,3,[+Durative],[+Dynamic]
生产冰毒,Activity,1,0,[+Durative],[+Dynamic]
生产香料,Activity,1,0,[+Durative],[+Dynamic]
生产一种小巧玲珑、活泼可爱的儿童自行车,Activity,0,1,[+Durative],[+Dynamic]
生产自己的欣赏对象,Activity,1,0,[+Durative],[+Dynamic]
生孩子,Activity,1,0,[+Durative],[+Dynamic]
生很大的气,Activity,0,1,[+Durative],[+Dynamic]
企图“摆脱共产党的领导”,State,1,0,[+Durative],[-Dynamic]
生闷气,Activity,2,0,[+Durative],[+Dynamic]
生气,Activity,20,5,[+Durative],[+Dynamic]
生谁的气,Activity,1,1,[+Durative],[+Dynamic]
生四姑娘的气,Activity,0,1,[+Durative],[+Dynamic]
生他的气,Activity,1,0,[+Durative],[+Dynamic]
生我的气,Activity,3,0,[+Durative],[+Dynamic]
生我什么气,Activity,1,0,[+Durative],[+Dynamic]
生小猪,Activity,0,1,[+Durative],[+Dynamic]
企图从他身边撬走李嘉诚,State,1,0,[+Durative],[-Dynamic]
生自己气,Activity,1,0,[+Durative],[+Dynamic]
盛饭,Activity,1,0,[+Durative],[+Dynamic]
失败,Transition,2,0,[-Durative],[+Dynamic]
失去,Transition,1,0,[-Durative],[+Dynamic]
失去生命力与活力,Transition,0,1,[-Durative],[+Dynamic]
失去自己的斗志,Transition,0,1,[-Durative],[+Dynamic]
失去自信,Transition,1,0,[-Durative],[+Dynamic]
实现,Transition,3,6,[+Durative],[+Dynamic]
实现保共第十三次代表大会所制订的战略方针,Transition,0,1,[+Durative],[+Dynamic]
实现工作重点的转,Transition,0,1,[+Durative],[+Dynamic]
实现全面机械化和自动化,Transition,0,1,[+Durative],[+Dynamic]
实现中国人民从站起来到富起来、强起来的伟大飞跃,Transition,0,1,[+Durative],[+Dynamic]
实现自动售货,Transition,1,0,[+Durative],[+Dynamic]
实现自己的诺言,Transition,1,0,[+Durative],[+Dynamic]
实行,Activity,3,1,[+Durative],[+Dynamic]
实行管制,Activity,2,0,[+Durative],[+Dynamic]
实行倾销,Activity,1,0,[+Durative],[+Dynamic]
拾地上的玉兰花片,Activity,1,0,[+Durative],[+Dynamic]
使劲,Activity,1,0,[+Durative],[+Dynamic]
使性子,Activity,1,0,[+Durative],[+Dynamic]
使用,Activity,3,2,[+Durative],[+Dynamic]
使用粗暴的武力,Activity,0,1,[+Durative],[+Dynamic]
使用毒气残杀老挝苗族人民,Activity,0,1,[+Durative],[+Dynamic]
使用很大的力量,Activity,0,1,[+Durative],[+Dynamic]
使用金兰湾,Activity,0,1,[+Durative],[+Dynamic]
使用联想电脑,Activity,2,0,[+Durative],[+Dynamic]
使用两只手,Activity,0,1,[+Durative],[+Dynamic]
使用坦克、枪炮,Activity,0,1,[+Durative],[+Dynamic]
使用一切方法希望在社会主义国家的大家庭中散布不和,Activity,1,0,[+Durative],[+Dynamic]
使用油性涂料,Activity,1,0,[+Durative],[+Dynamic]
使用早期的木制车厢,Activity,1,0,[+Durative],[+Dynamic]
驶出港湾,Transition,0,1,[+Durative],[+Dynamic]
驶入新筑车站货场,Transition,0,1,[+Durative],[+Dynamic]
试验,Activity,1,3,[+Durative],[+Dynamic]
试验什么东西,Activity,1,0,[+Durative],[+Dynamic]
试验他,Activity,1,0,[+Durative],[+Dynamic]
试验他的刀锋,Activity,1,0,[+Durative],[+Dynamic]
试验这一模式,Activity,0,1,[+Durative],[+Dynamic]
试衣服,Activity,1,0,[+Durative],[+Dynamic]
试营业,Activity,1,0,[+Durative],[+Dynamic]
适应和熟悉增值税,Activity,0,1,[+Durative],[+Dynamic]
适应沙漠的日子,Activity,1,0,[+Durative],[+Dynamic]
适应突来的亮光,Activity,1,0,[+Durative],[+Dynamic]
适应这个新的现实,Activity,1,0,[+Durative],[+Dynamic]
适应正常重力,Activity,0,1,[+Durative],[+Dynamic]
释放出现代观念的热能,Transition,1,0,[+Durative],[+Dynamic]
收回它的光芒,Transition,0,1,[+Durative],[+Dynamic]
收获,Activity,0,1,[+Durative],[+Dynamic]
收获谷物,Activity,1,0,[+Durative],[+Dynamic]
收获故事和感动,Activity,2,0,[+Durative],[+Dynamic]
收获小麦,Activity,0,1,[+Durative],[+Dynamic]
收获一年来的劳动果实,Activity,0,1,[+Durative],[+Dynamic]
收集材料,Activity,0,1,[+Durative],[+Dynamic]
收集一些骂他的文章,Activity,0,1,[+Durative],[+Dynamic]
收集资料,Activity,0,1,[+Durative],[+Dynamic]
收拾,Activity,1,0,[+Durative],[+Dynamic]
收拾残乱的餐桌,Activity,1,0,[+Durative],[+Dynamic]
收拾东西,Activity,0,6,[+Durative],[+Dynamic]
收拾房间,Activity,0,1,[+Durative],[+Dynamic]
收拾刚才翻乱的东西,Activity,0,2,[+Durative],[+Dynamic]
收拾隔壁房间,Activity,0,1,[+Durative],[+Dynamic]
收拾花草,Activity,1,0,[+Durative],[+Dynamic]
收拾回去的东西,Activity,1,0,[+Durative],[+Dynamic]
收拾镜奁,Activity,1,0,[+Durative],[+Dynamic]
收拾卢象升和杨陆凯尸首,Activity,0,1,[+Durative],[+Dynamic]
收拾箩担,Activity,0,1,[+Durative],[+Dynamic]
收拾那些吸烟的家具,Activity,1,0,[+Durative],[+Dynamic]
收拾晒在岸边草地上花花绿绿的衣服和床单,Activity,0,1,[+Durative],[+Dynamic]
收拾什么东西,Activity,1,0,[+Durative],[+Dynamic]
收拾锁锁剩下来的杂物,Activity,0,1,[+Durative],[+Dynamic]
收拾碗,Activity,1,0,[+Durative],[+Dynamic]
收拾屋子,Activity,0,1,[+Durative],[+Dynamic]
收拾新装修的屋子,Activity,0,1,[+Durative],[+Dynamic]
收拾行李,Activity,1,0,[+Durative],[+Dynamic]
收拾行装,Activity,1,0,[+Durative],[+Dynamic]
收拾一大堆废纸,Activity,0,1,[+Durative],[+Dynamic]
收拾一小包行装,Activity,0,1,[+Durative],[+Dynamic]
收拾桌子,Activity,1,1,[+Durative],[+Dynamic]
收摊儿,Activity,0,1,[+Durative],[+Dynamic]
收早稻,Activity,1,0,[+Durative],[+Dynamic]
守夜,Activity,1,0,[+Durative],[+Dynamic]
守寨,Activity,1,0,[+Durative],[+Dynamic]
受管制,Activity,1,0,[+Durative],[+Dynamic]
受过,Activity,0,1,[+Durative],[+Dynamic]
受苦,Activity,9,0,[+Durative],[+Dynamic]
受苦受难,Activity,2,0,[+Durative],[+Dynamic]
受难,Activity,3,0,[+Durative],[+Dynamic]
受群众的审查,Activity,1,0,[+Durative],[+Dynamic]
受社会的残酷的待遇,Activity,1,0,[+Durative],[+Dynamic]
受审,Activity,0,1,[+Durative],[+Dynamic]
受训,Activity,0,1,[+Durative],[+Dynamic]
受折磨,Activity,1,0,[+Durative],[+Dynamic]
受这三种力的压迫,Activity,1,0,[+Durative],[+Dynamic]
受罪,Activity,5,0,[+Durative],[+Dynamic]
梳头,Activity,3,3,[+Durative],[+Dynamic]
梳头发,Activity,1,0,[+Durative],[+Dynamic]
输液,Activity,1,0,[+Durative],[+Dynamic]
输液治疗,Activity,0,1,[+Durative],[+Dynamic]
企图对美国政府的某些代表人物施行压力,State,0,1,[+Durative],[-Dynamic]
数和,Activity,1,0,[+Durative],[+Dynamic]
数快板,Activity,1,0,[+Durative],[+Dynamic]
数落荷西,Activity,1,0,[+Durative],[+Dynamic]
数洋钱,Activity,0,1,[+Durative],[+Dynamic]
刷锅洗碗,Activity,1,0,[+Durative],[+Dynamic]
刷牙,Activity,1,0,[+Durative],[+Dynamic]
甩掉“雾都”帽子,Transition,0,1,[+Durative],[+Dynamic]
睡,Activity,5,0,[+Durative],[+Dynamic]
睡觉,Activity,5,2,[+Durative],[+Dynamic]
睡懒觉,Activity,1,0,[+Durative],[+Dynamic]
睡午觉,Activity,2,1,[+Durative],[+Dynamic]
说,Activity,143,3,[+Durative],[+Dynamic]
说"老头子""老太婆",Activity,1,0,[+Durative],[+Dynamic]
说：“要努力、要努力”,Activity,1,0,[+Durative],[+Dynamic]
说：这儿就是你的家,Activity,1,0,[+Durative],[+Dynamic]
说“胡说八道，没有的事”,Activity,1,0,[+Durative],[+Dynamic]
说“离婚”这件事,Activity,1,0,[+Durative],[+Dynamic]
说“思想解放”、“创新”,Activity,1,0,[+Durative],[+Dynamic]
说“死了”、“警察”之类的词,Activity,1,0,[+Durative],[+Dynamic]
说「希望龙打几个好仗，早日得胜，好回家乡」,Activity,1,0,[+Durative],[+Dynamic]
说白话,Activity,1,0,[+Durative],[+Dynamic]
说不贞的女子,Activity,1,0,[+Durative],[+Dynamic]
说成“非常危险”,Transition,1,0,[-Durative],[+Dynamic]
说创业之后你有多大把握去成功,Activity,1,0,[+Durative],[+Dynamic]
说大话、空话,Activity,1,0,[+Durative],[+Dynamic]
说二太太,Activity,1,0,[+Durative],[+Dynamic]
说疯话,Activity,2,0,[+Durative],[+Dynamic]
说服教育,Transition,0,1,[+Durative],[+Dynamic]
说服刘胜能够同意他的意见,Transition,1,0,[+Durative],[+Dynamic]
说服妈妈,Transition,1,0,[+Durative],[+Dynamic]
说服谁,Transition,1,0,[+Durative],[+Dynamic]
说服淘气的不听话的小弟弟,Transition,1,0,[+Durative],[+Dynamic]
说胡话,Activity,1,0,[+Durative],[+Dynamic]
说话,Activity,99,13,[+Durative],[+Dynamic]
说话儿,Activity,1,0,[+Durative],[+Dynamic]
说黄太太,Activity,1,0,[+Durative],[+Dynamic]
说谎,Activity,9,0,[+Durative],[+Dynamic]
说老三,Activity,1,0,[+Durative],[+Dynamic]
说老三怎么好几天没来了呢,Activity,0,1,[+Durative],[+Dynamic]
说离婚的事儿,Activity,0,1,[+Durative],[+Dynamic]
说罗辑,Activity,1,0,[+Durative],[+Dynamic]
说梦话,Activity,2,0,[+Durative],[+Dynamic]
说明,Activity,1,0,[+Durative],[+Dynamic]
说明“这事有边”,Activity,1,0,[+Durative],[+Dynamic]
说明日本政府积极调整国际关系的起点,Activity,1,0,[+Durative],[+Dynamic]
说明他对中国人民的影响,Activity,1,0,[+Durative],[+Dynamic]
说明他租的是外村地,Activity,1,0,[+Durative],[+Dynamic]
说明这老屋难免易主的原因,Activity,0,1,[+Durative],[+Dynamic]
说哪个,Activity,2,0,[+Durative],[+Dynamic]
说你,Activity,2,0,[+Durative],[+Dynamic]
说你的坏话,Activity,1,0,[+Durative],[+Dynamic]
说你老丈人家中出了怪事,Activity,1,0,[+Durative],[+Dynamic]
说朋友感情上的话,Activity,1,0,[+Durative],[+Dynamic]
说气话,Activity,1,0,[+Durative],[+Dynamic]
说球,Activity,1,0,[+Durative],[+Dynamic]
说人家的事情,Activity,1,0,[+Durative],[+Dynamic]
说啥,Activity,1,0,[+Durative],[+Dynamic]
说傻话,Activity,1,0,[+Durative],[+Dynamic]
说上海话,Activity,1,0,[+Durative],[+Dynamic]
说尚太太,Activity,1,0,[+Durative],[+Dynamic]
说谁,Activity,3,0,[+Durative],[+Dynamic]
说什么,Activity,58,4,[+Durative],[+Dynamic]
说什么跟谁说,Activity,1,0,[+Durative],[+Dynamic]
说什么金银地主,Activity,1,0,[+Durative],[+Dynamic]
说神刀一出，神剑无光了,Activity,1,0,[+Durative],[+Dynamic]
说树生,Activity,1,0,[+Durative],[+Dynamic]
说他,Activity,1,0,[+Durative],[+Dynamic]
说他这一来乃是多事,Activity,1,0,[+Durative],[+Dynamic]
说她的坏话,Activity,1,0,[+Durative],[+Dynamic]
说她的男朋友,Activity,0,1,[+Durative],[+Dynamic]
说她的朋友多,Activity,1,0,[+Durative],[+Dynamic]
说为除消人类的病敌而努力,Activity,1,0,[+Durative],[+Dynamic]
说我,Activity,4,2,[+Durative],[+Dynamic]
说我“精力充沛”,Activity,1,0,[+Durative],[+Dynamic]
说我好棒,Activity,1,0,[+Durative],[+Dynamic]
说我就是要为了挣钱,Activity,1,0,[+Durative],[+Dynamic]
说我什么闲话,Activity,1,0,[+Durative],[+Dynamic]
说我做什么,Activity,1,0,[+Durative],[+Dynamic]
说瞎话,Activity,1,0,[+Durative],[+Dynamic]
说闲话,Activity,1,0,[+Durative],[+Dynamic]
说萧明的坏话,Activity,1,0,[+Durative],[+Dynamic]
说笑话,Activity,2,2,[+Durative],[+Dynamic]
说些什么,Activity,13,0,[+Durative],[+Dynamic]
说一个道理,Activity,2,0,[+Durative],[+Dynamic]
说一个女神,Activity,1,0,[+Durative],[+Dynamic]
说一件绝大的秘密,Activity,1,0,[+Durative],[+Dynamic]
说一篇复杂离奇的《东周列国》,Activity,1,0,[+Durative],[+Dynamic]
说一些什么,Activity,1,0,[+Durative],[+Dynamic]
说遗传说基因,Activity,1,0,[+Durative],[+Dynamic]
说这个,Activity,1,0,[+Durative],[+Dynamic]
说这种爱情没有结果,Activity,1,0,[+Durative],[+Dynamic]
说真的,Activity,2,0,[+Durative],[+Dynamic]
说真话,Activity,2,0,[+Durative],[+Dynamic]
说正经话,Activity,3,0,[+Durative],[+Dynamic]
说祝福的话,Activity,1,0,[+Durative],[+Dynamic]
说自己,Activity,1,0,[+Durative],[+Dynamic]
说自己的话,Activity,1,0,[+Durative],[+Dynamic]
说祖父,Activity,1,0,[+Durative],[+Dynamic]
思考,Activity,10,2,[+Durative],[+Dynamic]
思考别的,Activity,1,0,[+Durative],[+Dynamic]
思考对策,Activity,1,0,[+Durative],[+Dynamic]
思考防守的对策,Activity,1,0,[+Durative],[+Dynamic]
思考今天如果又等不到工怎么办,Activity,0,1,[+Durative],[+Dynamic]
思考某个深奥的问题,Activity,1,0,[+Durative],[+Dynamic]
思考欧阳海的问题,Activity,1,0,[+Durative],[+Dynamic]
思考如何将企业长远发展与中国的国家发展战略结合在一起,Activity,1,0,[+Durative],[+Dynamic]
思考什么,Activity,1,0,[+Durative],[+Dynamic]
思考什么「大道理」,Activity,0,1,[+Durative],[+Dynamic]
思考脱身的方法,Activity,1,0,[+Durative],[+Dynamic]
思考问题,Activity,2,1,[+Durative],[+Dynamic]
思考些什么,Activity,1,0,[+Durative],[+Dynamic]
思考一个问题,Activity,1,0,[+Durative],[+Dynamic]
思考怎么办,Activity,1,0,[+Durative],[+Dynamic]
思考这个问题,Activity,2,0,[+Durative],[+Dynamic]
思考这些问题,Activity,1,0,[+Durative],[+Dynamic]
思考自己的发展问题,Activity,2,0,[+Durative],[+Dynamic]
思考自己可以有何作为,Activity,1,0,[+Durative],[+Dynamic]
思考自己能从大湾区的建设中发现什么机遇,Activity,1,0,[+Durative],[+Dynamic]
思索,Activity,29,6,[+Durative],[+Dynamic]
思索道静的话,Activity,1,0,[+Durative],[+Dynamic]
思索刚才淑华说的一句话,Activity,1,0,[+Durative],[+Dynamic]
思索离间之策,Activity,0,1,[+Durative],[+Dynamic]
思索什么,Activity,5,0,[+Durative],[+Dynamic]
思索什么事情,Activity,1,0,[+Durative],[+Dynamic]
思索问题,Activity,0,1,[+Durative],[+Dynamic]
思索一件事情,Activity,1,0,[+Durative],[+Dynamic]
思索一件重大的事情,Activity,1,0,[+Durative],[+Dynamic]
思索有什么解围的办法,Activity,0,1,[+Durative],[+Dynamic]
思索再加另外什么字,Activity,1,0,[+Durative],[+Dynamic]
思索这个问题,Activity,1,0,[+Durative],[+Dynamic]
思索这件事情,Activity,1,0,[+Durative],[+Dynamic]
思索这些问题,Activity,1,0,[+Durative],[+Dynamic]
撕裂一块布,Transition,1,0,[-Durative],[+Dynamic]
撕碎,Transition,1,0,[+Durative],[+Dynamic]
死,Transition,2,1,[-Durative],[+Dynamic]
松开,Transition,0,1,[+Durative],[+Dynamic]
送饭,Activity,0,1,[+Durative],[+Dynamic]
送来,Transition,1,0,[+Durative],[+Dynamic]
送穷,Activity,1,0,[+Durative],[+Dynamic]
送信,Activity,1,0,[+Durative],[+Dynamic]
搜查,Activity,0,1,[+Durative],[+Dynamic]
搜查《挺进报》,Activity,1,0,[+Durative],[+Dynamic]
搜查他的同伙,Activity,0,1,[+Durative],[+Dynamic]
搜查一个黄脸的商人模样的人,Activity,0,1,[+Durative],[+Dynamic]
搜集兵器谱上的各种知名兵刃,Activity,1,0,[+Durative],[+Dynamic]
"搜集关于
「新港」的材料",Activity,0,1,[+Durative],[+Dynamic]
搜集秘方,Activity,1,0,[+Durative],[+Dynamic]
搜集名器谱上的各种名器,Activity,1,0,[+Durative],[+Dynamic]
搜集我的材料,Activity,0,1,[+Durative],[+Dynamic]
搜集衣裳或是鞋袜,Activity,1,0,[+Durative],[+Dynamic]
搜索,Activity,0,1,[+Durative],[+Dynamic]
搜索并欲消灭他,Activity,1,0,[+Durative],[+Dynamic]
搜索她的行踪,Activity,0,1,[+Durative],[+Dynamic]
搜索谈话的材料,Activity,1,0,[+Durative],[+Dynamic]
搜寻那些渐渐被忘却的往事,Activity,1,0,[+Durative],[+Dynamic]
搜寻谁的身影,Activity,1,0,[+Durative],[+Dynamic]
搜寻幸存者,Activity,0,1,[+Durative],[+Dynamic]
搜寻遇难者的下落,Activity,0,1,[+Durative],[+Dynamic]
算地主的地亩,Activity,1,0,[+Durative],[+Dynamic]
算计别人,Activity,2,0,[+Durative],[+Dynamic]
算计对方,Activity,1,0,[+Durative],[+Dynamic]
算计钱钱钱,Activity,2,0,[+Durative],[+Dynamic]
算计三个村庄谁家会投他的票,Activity,1,0,[+Durative],[+Dynamic]
算江世荣的租子帐,Activity,1,0,[+Durative],[+Dynamic]
算账,Activity,2,0,[+Durative],[+Dynamic]
损害澳大利亚的国际贸易,Activity,0,1,[+Durative],[+Dynamic]
损害未来的合作机会,Activity,0,1,[+Durative],[+Dynamic]
损失宝贵的市场份额,Transition,0,1,[-Durative],[+Dynamic]
缩肩膀,Activity,1,0,[+Durative],[+Dynamic]
缩小,Transition,14,7,[+Durative],[+Dynamic]
缩小它的危害,Transition,0,1,[+Durative],[+Dynamic]
缩小同发达国家的差别,Transition,1,0,[+Durative],[+Dynamic]
锁门,Activity,1,0,[+Durative],[+Dynamic]
塌,Activity,1,0,[+Durative],[+Dynamic]
踏,Activity,1,0,[+Durative],[+Dynamic]
踏大水车,Activity,1,0,[+Durative],[+Dynamic]
踏入一个梦境,Transition,1,0,[+Durative],[+Dynamic]
踏上一个新的台阶,Transition,0,1,[+Durative],[+Dynamic]
踏蹄,Activity,1,0,[+Durative],[+Dynamic]
抬电杆上山抢修,Activity,1,0,[+Durative],[+Dynamic]
抬杠,Activity,1,0,[+Durative],[+Dynamic]
抬麻翻的三个日本兵和孙毛旦,Activity,0,1,[+Durative],[+Dynamic]
抬木头,Activity,1,0,[+Durative],[+Dynamic]
抬头,Activity,1,1,[+Durative],[+Dynamic]
摊饼,Activity,0,1,[+Durative],[+Dynamic]
摊平,Transition,0,1,[+Durative],[+Dynamic]
谈,Activity,6,1,[+Durative],[+Dynamic]
谈爱,Activity,1,0,[+Durative],[+Dynamic]
谈夫妻,Activity,1,0,[+Durative],[+Dynamic]
谈个人切身的事,Activity,1,0,[+Durative],[+Dynamic]
谈工作,Activity,0,1,[+Durative],[+Dynamic]
谈共产党,Activity,1,0,[+Durative],[+Dynamic]
谈古论今,Activity,0,1,[+Durative],[+Dynamic]
谈规划,Activity,1,0,[+Durative],[+Dynamic]
谈话,Activity,2,1,[+Durative],[+Dynamic]
谈火把节留下来的值得纪念的回忆,Activity,1,0,[+Durative],[+Dynamic]
谈君子境界,Activity,1,0,[+Durative],[+Dynamic]
谈恋爱,Activity,5,1,[+Durative],[+Dynamic]
谈论,Activity,3,3,[+Durative],[+Dynamic]
谈论“北大荒”正经历着的巨大变革,Activity,1,0,[+Durative],[+Dynamic]
谈论“人”,Activity,1,0,[+Durative],[+Dynamic]
谈论陈家的事情,Activity,1,0,[+Durative],[+Dynamic]
谈论村里的账,Activity,0,1,[+Durative],[+Dynamic]
谈论房子,Activity,1,0,[+Durative],[+Dynamic]
谈论经济大转型,Activity,0,1,[+Durative],[+Dynamic]
谈论救亡问题,Activity,1,0,[+Durative],[+Dynamic]
谈论军国大计,Activity,0,1,[+Durative],[+Dynamic]
谈论连长太太的事情,Activity,1,0,[+Durative],[+Dynamic]
谈论那本书的印象,Activity,1,0,[+Durative],[+Dynamic]
谈论强台风“妮妲”,Activity,1,0,[+Durative],[+Dynamic]
谈论少爷的病,Activity,0,1,[+Durative],[+Dynamic]
谈论什么,Activity,3,0,[+Durative],[+Dynamic]
谈论什么事,Activity,0,1,[+Durative],[+Dynamic]
谈论时局,Activity,2,0,[+Durative],[+Dynamic]
谈论颂莲让雁儿吞草纸的事情,Activity,1,0,[+Durative],[+Dynamic]
谈论她的事情,Activity,2,0,[+Durative],[+Dynamic]
谈论她的嗣子脾气古怪,Activity,0,1,[+Durative],[+Dynamic]
谈论田地上的事情,Activity,1,0,[+Durative],[+Dynamic]
谈论通信班长的问题,Activity,0,1,[+Durative],[+Dynamic]
谈论我,Activity,0,1,[+Durative],[+Dynamic]
谈论我和奥尼尔,Activity,1,0,[+Durative],[+Dynamic]
谈论我和我的二妹利狄亚,Activity,1,0,[+Durative],[+Dynamic]
谈论雾霾这个话题,Activity,1,0,[+Durative],[+Dynamic]
谈论些什么,Activity,1,0,[+Durative],[+Dynamic]
谈论学习与争红旗的计划,Activity,1,0,[+Durative],[+Dynamic]
谈论一本刚看过的对我国目前经济形势及未来发展趋势进行评估的书,Activity,0,1,[+Durative],[+Dynamic]
谈论政治,Activity,1,0,[+Durative],[+Dynamic]
谈论织毛衣的事,Activity,0,1,[+Durative],[+Dynamic]
谈论种植、庄稼,Activity,1,0,[+Durative],[+Dynamic]
谈论重要题目,Activity,0,1,[+Durative],[+Dynamic]
谈鸣凤的事情,Activity,1,0,[+Durative],[+Dynamic]
谈那种可以说是……就是整个社会意义，情感上阴阳和谐的问题,Activity,1,0,[+Durative],[+Dynamic]
谈男女大防,Activity,1,0,[+Durative],[+Dynamic]
谈钱,Activity,1,0,[+Durative],[+Dynamic]
谈人类的初始状态,Activity,1,0,[+Durative],[+Dynamic]
谈什么,Activity,5,0,[+Durative],[+Dynamic]
谈死,Activity,1,0,[+Durative],[+Dynamic]
谈她生命中的最后时刻,Activity,1,0,[+Durative],[+Dynamic]
谈她在冯家的生活情形,Activity,0,1,[+Durative],[+Dynamic]
谈天,Activity,1,0,[+Durative],[+Dynamic]
谈我打得多么好,Activity,1,0,[+Durative],[+Dynamic]
谈闲话,Activity,3,0,[+Durative],[+Dynamic]
谈笑,Activity,4,3,[+Durative],[+Dynamic]
谈心,Activity,2,2,[+Durative],[+Dynamic]
谈学校,Activity,1,0,[+Durative],[+Dynamic]
谈药学里一个很重要的一个特点,Activity,1,0,[+Durative],[+Dynamic]
谈影片上的故事,Activity,1,0,[+Durative],[+Dynamic]
谈枣庄杀鬼子、夺枪的故事,Activity,1,0,[+Durative],[+Dynamic]
谈这方面的合作,Activity,1,0,[+Durative],[+Dynamic]
谈中国文化里面一个很重要的元素,Activity,1,0,[+Durative],[+Dynamic]
谈重要的事,Activity,1,0,[+Durative],[+Dynamic]
叹气,Activity,5,1,[+Durative],[+Dynamic]
叹气、流泪,Activity,1,0,[+Durative],[+Dynamic]
叹人心之不古,Activity,1,0,[+Durative],[+Dynamic]
探索,Activity,3,2,[+Durative],[+Dynamic]
探索“更深一层”的艺术手法,Activity,1,0,[+Durative],[+Dynamic]
探索符合本国国情的发展道路,Activity,0,1,[+Durative],[+Dynamic]
探索共建生态城市,Activity,0,1,[+Durative],[+Dynamic]
探索剑波的判断,Activity,1,0,[+Durative],[+Dynamic]
探索路子,Activity,1,0,[+Durative],[+Dynamic]
探索绿色发展,Activity,1,0,[+Durative],[+Dynamic]
探索区校合作,Activity,0,1,[+Durative],[+Dynamic]
探索适合本国国情的发展道路,Activity,0,1,[+Durative],[+Dynamic]
探索文学艺术的作用,Activity,1,0,[+Durative],[+Dynamic]
探索新的途径,Activity,0,1,[+Durative],[+Dynamic]
烫发,Activity,0,1,[+Durative],[+Dynamic]
逃,Transition,3,0,[-Durative],[+Dynamic]
逃难,Activity,2,0,[+Durative],[+Dynamic]
淘米,Activity,0,1,[+Durative],[+Dynamic]
讨吃过日子,Activity,1,0,[+Durative],[+Dynamic]
讨功,Activity,1,0,[+Durative],[+Dynamic]
讨论,Activity,5,5,[+Durative],[+Dynamic]
讨论陈若狂身后,Activity,0,1,[+Durative],[+Dynamic]
讨论到底是什么东西,Activity,1,0,[+Durative],[+Dynamic]
讨论工作,Activity,1,0,[+Durative],[+Dynamic]
讨论合作拍片的事,Activity,1,0,[+Durative],[+Dynamic]
讨论和交谈,Activity,1,0,[+Durative],[+Dynamic]
讨论刘宝善的事,Activity,0,2,[+Durative],[+Dynamic]
讨论明天吃啥儿,Activity,1,0,[+Durative],[+Dynamic]
讨论什么问题,Activity,1,0,[+Durative],[+Dynamic]
讨论是否建立一个“亲人搜索”的产品,Activity,1,0,[+Durative],[+Dynamic]
讨论是否需要炸坝,Activity,1,0,[+Durative],[+Dynamic]
讨论四月份生产计划,Activity,0,1,[+Durative],[+Dynamic]
讨论塑胶花上市后可能产生的经济效益,Activity,1,0,[+Durative],[+Dynamic]
讨论燕西的婚事,Activity,2,0,[+Durative],[+Dynamic]
讨论应付办法,Activity,0,1,[+Durative],[+Dynamic]
讨论怎样增产,Activity,1,0,[+Durative],[+Dynamic]
讨论这个事情,Activity,1,0,[+Durative],[+Dynamic]
讨论这些事,Activity,0,1,[+Durative],[+Dynamic]
讨论中国古典戏剧的象征主义,Activity,1,0,[+Durative],[+Dynamic]
讨论作品,Activity,1,0,[+Durative],[+Dynamic]
讨米、饿饭、砍柴、挖煤,Activity,1,0,[+Durative],[+Dynamic]
企图发动全国性的内战,State,1,0,[+Durative],[-Dynamic]
企图和中国谈判和平,State,1,0,[+Durative],[-Dynamic]
踢我,Activity,1,0,[+Durative],[+Dynamic]
踢足球,Activity,1,0,[+Durative],[+Dynamic]
提高,Transition,18,3,[+Durative],[+Dynamic]
提高它的军队的士气,Transition,0,1,[+Durative],[+Dynamic]
提高质量,Transition,1,1,[+Durative],[+Dynamic]
提供“坚实的翅膀”和“聪明的脑袋”,Activity,1,0,[+Durative],[+Dynamic]
提供安全,Activity,1,0,[+Durative],[+Dynamic]
提供更多更好的公共产品,Activity,0,1,[+Durative],[+Dynamic]
提供新的“案例”,Activity,0,1,[+Durative],[+Dynamic]
提供一个新例子,Activity,1,0,[+Durative],[+Dynamic]
提海水,Activity,1,0,[+Durative],[+Dynamic]
提脚,Activity,1,0,[+Durative],[+Dynamic]
提人,Activity,1,0,[+Durative],[+Dynamic]
提速,Activity,1,0,[+Durative],[+Dynamic]
提醒人们,Activity,1,0,[+Durative],[+Dynamic]
提醒人们被遗忘的粮仓,Activity,1,0,[+Durative],[+Dynamic]
提醒他,Activity,2,0,[+Durative],[+Dynamic]
提醒他和催促他快快偿还积年老债,Activity,1,0,[+Durative],[+Dynamic]
提醒我们,Activity,1,0,[+Durative],[+Dynamic]
提醒我自己,Activity,1,0,[+Durative],[+Dynamic]
提醒自己,Activity,2,0,[+Durative],[+Dynamic]
提议,Transition,1,0,[-Durative],[+Dynamic]
体会,Activity,1,0,[+Durative],[+Dynamic]
企图破坏近几年来所取得的国际紧张局势的某些缓和,State,0,1,[+Durative],[-Dynamic]
体验阿里巴巴“购物项目”,Activity,1,0,[+Durative],[+Dynamic]
体验拔“火罐”的疗效,Activity,1,0,[+Durative],[+Dynamic]
体验不同的“游戏”,Activity,1,0,[+Durative],[+Dynamic]
体验社会冷暖,Activity,1,0,[+Durative],[+Dynamic]
体验一种前所未有的激动,Activity,0,1,[+Durative],[+Dynamic]
替代传统的交通工具,Activity,0,1,[+Durative],[+Dynamic]
替代工业经济,Activity,0,1,[+Durative],[+Dynamic]
替他作传,Activity,1,0,[+Durative],[+Dynamic]
替我们“保存国粹”之恩故也,Activity,0,1,[+Durative],[+Dynamic]
添草,Activity,0,1,[+Durative],[+Dynamic]
填对一张表格,Transition,0,2,[-Durative],[+Dynamic]
填海,Activity,1,0,[+Durative],[+Dynamic]
舔他煮好的糨糊,Activity,0,1,[+Durative],[+Dynamic]
挑,Activity,1,0,[+Durative],[+Dynamic]
挑男人,Activity,1,0,[+Durative],[+Dynamic]
挑水,Activity,1,0,[+Durative],[+Dynamic]
挑选花布,Activity,1,0,[+Durative],[+Dynamic]
挑选教师和编制教学计划,Activity,0,1,[+Durative],[+Dynamic]
跳,Activity,31,0,[+Durative],[+Dynamic]
跳动,Activity,27,0,[+Durative],[+Dynamic]
跳个不停,Activity,1,0,[+Durative],[+Dynamic]
跳集体舞,Activity,1,0,[+Durative],[+Dynamic]
跳绳,Activity,1,0,[+Durative],[+Dynamic]
跳贴面舞,Activity,1,0,[+Durative],[+Dynamic]
跳舞,Activity,6,1,[+Durative],[+Dynamic]
跳舞唱歌,Activity,0,1,[+Durative],[+Dynamic]
贴春联,Activity,0,1,[+Durative],[+Dynamic]
贴金,Activity,1,0,[+Durative],[+Dynamic]
听,Activity,26,0,[+Durative],[+Dynamic]
听电话,Activity,0,1,[+Durative],[+Dynamic]
听对方讲话,Activity,1,0,[+Durative],[+Dynamic]
听广播,Activity,1,0,[+Durative],[+Dynamic]
听广播剧,Activity,1,0,[+Durative],[+Dynamic]
听和,Activity,1,0,[+Durative],[+Dynamic]
听蕙讲话,Activity,0,1,[+Durative],[+Dynamic]
听剑云对淑贞讲话,Activity,0,1,[+Durative],[+Dynamic]
听讲,Activity,2,0,[+Durative],[+Dynamic]
听觉新谈他离家的事,Activity,1,0,[+Durative],[+Dynamic]
听老唱片,Activity,1,0,[+Durative],[+Dynamic]
听你,Activity,2,0,[+Durative],[+Dynamic]
听你讲的东西,Activity,1,0,[+Durative],[+Dynamic]
听琴讲故事,Activity,1,0,[+Durative],[+Dynamic]
听琴讲话,Activity,0,1,[+Durative],[+Dynamic]
听什么,Activity,1,0,[+Durative],[+Dynamic]
听什么响声,Activity,1,0,[+Durative],[+Dynamic]
听说话,Activity,0,1,[+Durative],[+Dynamic]
听他底话,Activity,1,0,[+Durative],[+Dynamic]
听他讲政治课,Activity,1,0,[+Durative],[+Dynamic]
听他们那喝醉了的站长说疯话,Activity,1,0,[+Durative],[+Dynamic]
听他们说,Activity,1,0,[+Durative],[+Dynamic]
听他们说些什么,Activity,0,1,[+Durative],[+Dynamic]
听他说,Activity,2,0,[+Durative],[+Dynamic]
听她们讲话,Activity,1,0,[+Durative],[+Dynamic]
听她说话,Activity,0,1,[+Durative],[+Dynamic]
听堂屋的动静,Activity,1,0,[+Durative],[+Dynamic]
听我讲,Activity,1,0,[+Durative],[+Dynamic]
听我说,Activity,1,0,[+Durative],[+Dynamic]
听演讲,Activity,1,0,[+Durative],[+Dynamic]
听一场有关微电子的讲座,Activity,0,1,[+Durative],[+Dynamic]
听一个别人家的故事,Activity,1,0,[+Durative],[+Dynamic]
听一堂“弘扬长征精神、走好改革新长征”的主题课,Activity,0,1,[+Durative],[+Dynamic]
听音乐,Activity,1,0,[+Durative],[+Dynamic]
听张小川讲话,Activity,0,1,[+Durative],[+Dynamic]
听昭华讲日间所遇到的故事,Activity,1,0,[+Durative],[+Dynamic]
听周外婆讲话,Activity,0,1,[+Durative],[+Dynamic]
停电,Transition,1,0,[-Durative],[+Dynamic]
同意孙达得的说法,Transition,1,0,[-Durative],[+Dynamic]
偷他的吃剩的晚餐,Activity,0,1,[+Durative],[+Dynamic]
投入反殖民主义的斗争,Transition,0,1,[+Durative],[+Dynamic]
透一口大气,Activity,0,1,[+Durative],[+Dynamic]
涂上朱红袈裟,Transition,1,0,[+Durative],[+Dynamic]
吐,Activity,2,0,[+Durative],[+Dynamic]
吐白沫,Activity,1,0,[+Durative],[+Dynamic]
吐出火焰,Transition,1,0,[+Durative],[+Dynamic]
吐气,Activity,2,0,[+Durative],[+Dynamic]
吐血,Activity,2,0,[+Durative],[+Dynamic]
吐血生病,Activity,1,0,[+Durative],[+Dynamic]
吐紫烟,Activity,1,0,[+Durative],[+Dynamic]
推广,Activity,0,2,[+Durative],[+Dynamic]
推广“快锄低铲”的甘蔗收获法,Activity,0,1,[+Durative],[+Dynamic]
推广铲工组的“全面质量管理”经验,Activity,0,1,[+Durative],[+Dynamic]
推广各种节省钢材和水泥的措施,Activity,0,1,[+Durative],[+Dynamic]
推广惠安县乡邮改革的成功经验,Activity,0,1,[+Durative],[+Dynamic]
推广我栽培水稻的经验,Activity,1,0,[+Durative],[+Dynamic]
推广这种先进采煤法,Activity,0,1,[+Durative],[+Dynamic]
推门,Activity,1,0,[+Durative],[+Dynamic]
推磨,Activity,2,0,[+Durative],[+Dynamic]
推牌九,Activity,1,0,[+Durative],[+Dynamic]
推他,Activity,2,0,[+Durative],[+Dynamic]
推她,Activity,1,0,[+Durative],[+Dynamic]
退,Activity,4,0,[+Durative],[+Dynamic]
托人找职业,Activity,0,1,[+Durative],[+Dynamic]
托什么人买船票,Activity,1,0,[+Durative],[+Dynamic]
拖,Activity,1,0,[+Durative],[+Dynamic]
拖炮车,Activity,1,0,[+Durative],[+Dynamic]
拖延,Activity,1,0,[+Durative],[+Dynamic]
拖延对日和约的订立,Activity,0,1,[+Durative],[+Dynamic]
拖延谈判,Activity,1,0,[+Durative],[+Dynamic]
脱鞋,Activity,0,1,[+Durative],[+Dynamic]
脱衣服,Activity,0,1,[+Durative],[+Dynamic]
挖,Activity,2,0,[+Durative],[+Dynamic]
挖工事,Activity,1,0,[+Durative],[+Dynamic]
挖何首乌,Activity,1,0,[+Durative],[+Dynamic]
挖开我的回忆的坟墓,Transition,1,0,[+Durative],[+Dynamic]
挖坑,Activity,1,0,[+Durative],[+Dynamic]
挖苦你,Activity,1,0,[+Durative],[+Dynamic]
挖苦她,Activity,2,0,[+Durative],[+Dynamic]
挖泥,Activity,1,0,[+Durative],[+Dynamic]
挖墙洞,Activity,0,1,[+Durative],[+Dynamic]
挖沙,Activity,1,0,[+Durative],[+Dynamic]
挖树桩子,Activity,1,0,[+Durative],[+Dynamic]
挖同盟者的墙脚,Activity,1,0,[+Durative],[+Dynamic]
挖土,Activity,1,0,[+Durative],[+Dynamic]
挖土筑路、架设桥梁,Activity,1,0,[+Durative],[+Dynamic]
挖一只手电筒,Activity,1,0,[+Durative],[+Dynamic]
挖战壕、战斗工事、修军事公路,Activity,1,0,[+Durative],[+Dynamic]
完成量的积累,Transition,0,1,[-Durative],[+Dynamic]
完成她们解放斗争的各国妇女们的初步成就,Transition,0,1,[-Durative],[+Dynamic]
完成一种自我挑战,Transition,1,0,[-Durative],[+Dynamic]
玩,Activity,7,1,[+Durative],[+Dynamic]
玩“摔炮”,Activity,1,0,[+Durative],[+Dynamic]
玩《三体》,Activity,1,0,[+Durative],[+Dynamic]
玩把戏,Activity,1,0,[+Durative],[+Dynamic]
玩猴子戏,Activity,1,0,[+Durative],[+Dynamic]
玩火,Activity,2,0,[+Durative],[+Dynamic]
玩扑克牌,Activity,0,1,[+Durative],[+Dynamic]
玩什么,Activity,1,0,[+Durative],[+Dynamic]
玩什么花样,Activity,1,0,[+Durative],[+Dynamic]
玩什么花招,Activity,1,0,[+Durative],[+Dynamic]
玩耍,Activity,6,0,[+Durative],[+Dynamic]
玩台球,Activity,0,1,[+Durative],[+Dynamic]
"玩同样的把
戏",Activity,0,1,[+Durative],[+Dynamic]
玩雪,Activity,1,0,[+Durative],[+Dynamic]
玩野兽派,Activity,1,0,[+Durative],[+Dynamic]
玩这个,Activity,1,0,[+Durative],[+Dynamic]
玩政治,Activity,1,0,[+Durative],[+Dynamic]
挽救别人的生命,Transition,1,0,[-Durative],[+Dynamic]
挽救自己的生命,Transition,1,0,[-Durative],[+Dynamic]
企图使台湾和中国分离,State,1,0,[+Durative],[-Dynamic]
忘记你,Transition,1,0,[-Durative],[+Dynamic]
望,Activity,3,0,[+Durative],[+Dynamic]
望窗外,Activity,1,0,[+Durative],[+Dynamic]
望梨园,Activity,2,0,[+Durative],[+Dynamic]
望哪里,Activity,1,0,[+Durative],[+Dynamic]
望你,Activity,1,0,[+Durative],[+Dynamic]
望什么,Activity,2,0,[+Durative],[+Dynamic]
望她,Activity,1,0,[+Durative],[+Dynamic]
望未来的远景,Activity,1,0,[+Durative],[+Dynamic]
望我,Activity,2,0,[+Durative],[+Dynamic]
望一朵残花,Activity,1,0,[+Durative],[+Dynamic]
望一个美丽的梦景,Activity,1,0,[+Durative],[+Dynamic]
望一个梦景,Activity,1,0,[+Durative],[+Dynamic]
望月,Activity,1,0,[+Durative],[+Dynamic]
威胁,Activity,1,0,[+Durative],[+Dynamic]
威胁和平,Activity,1,0,[+Durative],[+Dynamic]
威胁人民和平的生活文化与福利,Activity,1,0,[+Durative],[+Dynamic]
威胁他们的国家和民族的命运,Activity,1,0,[+Durative],[+Dynamic]
威胁她,Activity,1,0,[+Durative],[+Dynamic]
威胁泰国,Activity,1,0,[+Durative],[+Dynamic]
维持,Activity,1,0,[+Durative],[+Dynamic]
维持大局,Activity,1,0,[+Durative],[+Dynamic]
维持秩序,Activity,1,0,[+Durative],[+Dynamic]
维护其独立发展任何军备的权利,Activity,1,0,[+Durative],[+Dynamic]
维护他,Activity,1,0,[+Durative],[+Dynamic]
为世界上好战的人在说话,Activity,1,0,[+Durative],[+Dynamic]
去挣钱,State,1,0,[+Durative],[-Dynamic]
喂饭,Activity,0,1,[+Durative],[+Dynamic]
喂马,Activity,0,2,[+Durative],[+Dynamic]
喂磨,Activity,1,0,[+Durative],[+Dynamic]
喂兔子,Activity,2,0,[+Durative],[+Dynamic]
喂叶,Activity,0,1,[+Durative],[+Dynamic]
喂猪,Activity,1,0,[+Durative],[+Dynamic]
温习功课,Activity,0,1,[+Durative],[+Dynamic]
稳定情绪,Activity,0,1,[+Durative],[+Dynamic]
问,Activity,42,0,[+Durative],[+Dynamic]
问保润的近况,Activity,1,0,[+Durative],[+Dynamic]
问病,Activity,1,0,[+Durative],[+Dynamic]
问大濂来信没有,Activity,1,0,[+Durative],[+Dynamic]
问高福,Activity,1,0,[+Durative],[+Dynamic]
问给狗“那轻薄男子还不值得叫”,Activity,1,0,[+Durative],[+Dynamic]
问荷西,Activity,1,0,[+Durative],[+Dynamic]
问候什么,Activity,2,0,[+Durative],[+Dynamic]
问欢欢,Activity,1,0,[+Durative],[+Dynamic]
问柳若松,Activity,0,1,[+Durative],[+Dynamic]
问那个岁的自己,Activity,1,0,[+Durative],[+Dynamic]
问那个下跪求爱者,Activity,1,0,[+Durative],[+Dynamic]
问你,Activity,9,0,[+Durative],[+Dynamic]
问你的工资关系转过来没有,Activity,1,0,[+Durative],[+Dynamic]
问你话,Activity,1,0,[+Durative],[+Dynamic]
问你知不知道,Activity,1,0,[+Durative],[+Dynamic]
问青青,Activity,1,0,[+Durative],[+Dynamic]
问三爹这几天怎么没来,Activity,1,0,[+Durative],[+Dynamic]
问谁,Activity,1,0,[+Durative],[+Dynamic]
问什么,Activity,1,0,[+Durative],[+Dynamic]
问宋思明的情况,Activity,1,0,[+Durative],[+Dynamic]
问他,Activity,2,0,[+Durative],[+Dynamic]
问他的话,Activity,1,0,[+Durative],[+Dynamic]
问同一个问题,Activity,1,0,[+Durative],[+Dynamic]
问问题,Activity,1,0,[+Durative],[+Dynamic]
问我什么,Activity,1,0,[+Durative],[+Dynamic]
问询染思成和林徽因的住处,Activity,0,1,[+Durative],[+Dynamic]
问一个老同学,Activity,1,0,[+Durative],[+Dynamic]
问长问短,Activity,0,1,[+Durative],[+Dynamic]
问这个问题,Activity,1,0,[+Durative],[+Dynamic]
问这问那,Activity,1,0,[+Durative],[+Dynamic]
问著,Activity,1,0,[+Durative],[+Dynamic]
问自己,Activity,7,0,[+Durative],[+Dynamic]
吸收养份、希望,Activity,1,0,[+Durative],[+Dynamic]
吸香烟,Activity,1,0,[+Durative],[+Dynamic]
吸烟,Activity,6,1,[+Durative],[+Dynamic]
吸烟斗,Activity,1,0,[+Durative],[+Dynamic]
认识这个小镇,State,0,1,[+Durative],[-Dynamic]
生活,State,3,1,[+Durative],[-Dynamic]
生长,State,8,4,[+Durative],[-Dynamic]
熟悉机器设备情况,State,1,0,[+Durative],[-Dynamic]
牺牲朝鲜民主主义人民共和国的利益来讨好朴正熙集团,Transition,0,1,[-Durative],[+Dynamic]
洗,Activity,1,0,[+Durative],[+Dynamic]
洗厕所,Activity,1,0,[+Durative],[+Dynamic]
洗脚,Activity,2,2,[+Durative],[+Dynamic]
洗脸,Activity,2,4,[+Durative],[+Dynamic]
洗脸、擦粉抹胭脂,Activity,0,1,[+Durative],[+Dynamic]
洗笼布,Activity,0,1,[+Durative],[+Dynamic]
洗米煮饭,Activity,1,0,[+Durative],[+Dynamic]
洗内衣,Activity,1,0,[+Durative],[+Dynamic]
洗牌,Activity,1,0,[+Durative],[+Dynamic]
洗扫工作,Activity,1,0,[+Durative],[+Dynamic]
洗手摆脚,Activity,1,0,[+Durative],[+Dynamic]
洗头,Activity,0,1,[+Durative],[+Dynamic]
洗碗,Activity,1,0,[+Durative],[+Dynamic]
洗衣服,Activity,3,0,[+Durative],[+Dynamic]
洗澡,Activity,4,0,[+Durative],[+Dynamic]
下,Activity,6,1,[+Durative],[+Dynamic]
下车,Activity,0,1,[+Durative],[+Dynamic]
下大雨,Activity,1,0,[+Durative],[+Dynamic]
下工夫,Activity,1,0,[+Durative],[+Dynamic]
下沟,Activity,0,1,[+Durative],[+Dynamic]
下火车,Activity,1,0,[+Durative],[+Dynamic]
下降,Transition,15,1,[+Durative],[+Dynamic]
下决心,Activity,1,0,[+Durative],[+Dynamic]
下令,Transition,0,1,[-Durative],[+Dynamic]
下露水,Activity,0,2,[+Durative],[+Dynamic]
下棋,Activity,4,2,[+Durative],[+Dynamic]
下青浪滩,Activity,0,1,[+Durative],[+Dynamic]
下什么棋,Activity,2,0,[+Durative],[+Dynamic]
下跳棋,Activity,1,0,[+Durative],[+Dynamic]
下围棋,Activity,1,1,[+Durative],[+Dynamic]
下象棋,Activity,1,1,[+Durative],[+Dynamic]
下雪,Activity,7,0,[+Durative],[+Dynamic]
下雨,Activity,8,1,[+Durative],[+Dynamic]
掀开,Transition,1,0,[+Durative],[+Dynamic]
显露出来,Transition,1,0,[+Durative],[+Dynamic]
显现出来,Transition,0,1,[+Durative],[+Dynamic]
陷入困境,Transition,0,1,[+Durative],[+Dynamic]
陷入片面,Transition,0,1,[+Durative],[+Dynamic]
疼,State,1,0,[+Durative],[-Dynamic]
疼你,State,1,0,[+Durative],[-Dynamic]
惋惜,State,1,0,[+Durative],[-Dynamic]
献花,Activity,1,0,[+Durative],[+Dynamic]
相对而坐,Activity,0,1,[+Durative],[+Dynamic]
享受,Activity,2,0,[+Durative],[+Dynamic]
享受“超值”游,Activity,1,0,[+Durative],[+Dynamic]
享受“清闲”,Activity,1,0,[+Durative],[+Dynamic]
享受奥运火炬传递带来的喜悦和快乐,Activity,1,0,[+Durative],[+Dynamic]
享受到社会主义的好处,Activity,0,1,[+Durative],[+Dynamic]
享受坎儿井带来的清凉,Activity,0,1,[+Durative],[+Dynamic]
享受他的报纸,Activity,1,0,[+Durative],[+Dynamic]
享受特权,Activity,1,0,[+Durative],[+Dynamic]
响,Activity,42,1,[+Durative],[+Dynamic]
想,Activity,185,5,[+Durative],[+Dynamic]
想《天地一沙鸥》那本讲的一些境界,Activity,1,0,[+Durative],[+Dynamic]
想「享福」,Activity,1,0,[+Durative],[+Dynamic]
想巴菲特一夜之间醒来，诧异间发现有这么多财富的时候，他怎么来理解这个财富,Activity,1,0,[+Durative],[+Dynamic]
想办法,Activity,2,2,[+Durative],[+Dynamic]
想办法把小孩转到其他幼儿园去,Activity,0,1,[+Durative],[+Dynamic]
想办法生火,Activity,0,1,[+Durative],[+Dynamic]
想办法与下游企业和政府监管部门合作,Activity,0,1,[+Durative],[+Dynamic]
想宝藏,Activity,1,0,[+Durative],[+Dynamic]
想别的事情,Activity,1,0,[+Durative],[+Dynamic]
想打烂‘三角’地区,Activity,0,1,[+Durative],[+Dynamic]
想大上海何幸而得如此一位现代化的民主市长,Activity,1,0,[+Durative],[+Dynamic]
想代乳粉,Activity,1,0,[+Durative],[+Dynamic]
想法,Activity,1,0,[+Durative],[+Dynamic]
想法救灾,Activity,0,1,[+Durative],[+Dynamic]
想法子,Activity,2,3,[+Durative],[+Dynamic]
想法子对付,Activity,1,0,[+Durative],[+Dynamic]
想法子减少他们的贫穷和不幸,Activity,1,0,[+Durative],[+Dynamic]
想方法去请他们合而爲一,Activity,1,0,[+Durative],[+Dynamic]
想分别以后还能不能有重见的机会,Activity,1,0,[+Durative],[+Dynamic]
"想赶
快解救他们",Activity,0,1,[+Durative],[+Dynamic]
想干什么,Activity,1,0,[+Durative],[+Dynamic]
想各人的心事,Activity,1,0,[+Durative],[+Dynamic]
想各人的心思,Activity,1,0,[+Durative],[+Dynamic]
想过去的时光,Activity,1,0,[+Durative],[+Dynamic]
想还有没有别的办法,Activity,0,1,[+Durative],[+Dynamic]
想核弹在哪里,Activity,1,0,[+Durative],[+Dynamic]
想黑布之下的那张面孔究竟有多么丑陋、恐怖,Activity,1,0,[+Durative],[+Dynamic]
想惠子,Activity,1,0,[+Durative],[+Dynamic]
想继续读那本撞到手里的书,Activity,0,1,[+Durative],[+Dynamic]
想家,Activity,1,0,[+Durative],[+Dynamic]
想尽一切方法把印度变成为侵略战争的主要基地,Activity,0,1,[+Durative],[+Dynamic]
想扩张,Activity,2,0,[+Durative],[+Dynamic]
想了解日本对华政策的真意,Activity,1,0,[+Durative],[+Dynamic]
想两年前的旧事,Activity,1,0,[+Durative],[+Dynamic]
想另外一个事情,Activity,1,0,[+Durative],[+Dynamic]
想明年开春种子发芽的事,Activity,1,0,[+Durative],[+Dynamic]
想谋和平,Activity,1,0,[+Durative],[+Dynamic]
想那个问题,Activity,1,0,[+Durative],[+Dynamic]
想那女的用手拍那男子头部的动,Activity,1,0,[+Durative],[+Dynamic]
想那些词儿,Activity,1,0,[+Durative],[+Dynamic]
想你,Activity,8,2,[+Durative],[+Dynamic]
想你今天和谁在一起,Activity,1,0,[+Durative],[+Dynamic]
想你们,Activity,1,0,[+Durative],[+Dynamic]
想念,Activity,1,0,[+Durative],[+Dynamic]
想念儿子,Activity,1,0,[+Durative],[+Dynamic]
想念芳林嫂,Activity,1,0,[+Durative],[+Dynamic]
想念妈妈,Activity,1,0,[+Durative],[+Dynamic]
想念你,Activity,1,0,[+Durative],[+Dynamic]
想念少奶奶,Activity,1,0,[+Durative],[+Dynamic]
想念水生,Activity,0,1,[+Durative],[+Dynamic]
想念他,Activity,1,0,[+Durative],[+Dynamic]
想念他的阿菊,Activity,1,0,[+Durative],[+Dynamic]
想念他的团长,Activity,1,0,[+Durative],[+Dynamic]
想念一个人,Activity,1,0,[+Durative],[+Dynamic]
想女人,Activity,2,0,[+Durative],[+Dynamic]
想爬上去,Activity,0,1,[+Durative],[+Dynamic]
想七想八,Activity,0,1,[+Durative],[+Dynamic]
想如何使我的话说得让她们懂得,Activity,1,0,[+Durative],[+Dynamic]
想什么,Activity,80,2,[+Durative],[+Dynamic]
想什么、干什么,Activity,1,0,[+Durative],[+Dynamic]
想什么、关心什么、有什么困难、要求解决什么问题,Activity,1,0,[+Durative],[+Dynamic]
想什么都看得清清楚楚,Activity,1,0,[+Durative],[+Dynamic]
想什么法子,Activity,2,0,[+Durative],[+Dynamic]
想什么干什么,Activity,1,0,[+Durative],[+Dynamic]
想什么干什么盼什么,Activity,1,0,[+Durative],[+Dynamic]
想什么事,Activity,1,0,[+Durative],[+Dynamic]
想什么事情,Activity,3,0,[+Durative],[+Dynamic]
想什么问题,Activity,1,0,[+Durative],[+Dynamic]
想什么心事,Activity,3,0,[+Durative],[+Dynamic]
想什么做什么,Activity,1,0,[+Durative],[+Dynamic]
想是不是就满足他的要求,Activity,0,1,[+Durative],[+Dynamic]
想树生的事情,Activity,1,0,[+Durative],[+Dynamic]
想说,Activity,1,0,[+Durative],[+Dynamic]
想说什么,Activity,2,0,[+Durative],[+Dynamic]
想说中国文化太美到底包不包含这一部分东西,Activity,1,0,[+Durative],[+Dynamic]
想他,Activity,3,1,[+Durative],[+Dynamic]
想他的父亲的事,Activity,1,0,[+Durative],[+Dynamic]
想他的立功计划,Activity,0,1,[+Durative],[+Dynamic]
想他的内部快要被病菌吃光,Activity,1,0,[+Durative],[+Dynamic]
想他这么早路过这里要到哪里去,Activity,1,0,[+Durative],[+Dynamic]
想她,Activity,2,0,[+Durative],[+Dynamic]
想她为什么就不能够做一个像琴那样的女子,Activity,1,0,[+Durative],[+Dynamic]
想逃不逃的问题,Activity,1,0,[+Durative],[+Dynamic]
想跳出这个文人的圈子,Activity,0,1,[+Durative],[+Dynamic]
想吞并较弱的朱吟秋,Activity,0,1,[+Durative],[+Dynamic]
想脱身之计,Activity,1,0,[+Durative],[+Dynamic]
想未成婚的女婿算不算“亲人”,Activity,0,1,[+Durative],[+Dynamic]
想我,Activity,1,0,[+Durative],[+Dynamic]
想我的前途,Activity,1,0,[+Durative],[+Dynamic]
想我跟树生吵架的事,Activity,1,0,[+Durative],[+Dynamic]
想我们的斗争,Activity,1,0,[+Durative],[+Dynamic]
想我们一起生活过的那套很小的房子,Activity,1,0,[+Durative],[+Dynamic]
想我什么时候也去创业,Activity,1,0,[+Durative],[+Dynamic]
想我说的事,Activity,1,0,[+Durative],[+Dynamic]
想我转到美国学校,Activity,1,0,[+Durative],[+Dynamic]
想现代化,Activity,1,0,[+Durative],[+Dynamic]
想象,Activity,2,0,[+Durative],[+Dynamic]
想象你外边拍了几个月的片子,Activity,1,0,[+Durative],[+Dynamic]
想象他就要同她见面的情景,Activity,1,0,[+Durative],[+Dynamic]
想象这个时候公馆里的情景,Activity,1,0,[+Durative],[+Dynamic]
想象中国,Activity,1,0,[+Durative],[+Dynamic]
想些啥,Activity,1,0,[+Durative],[+Dynamic]
想些什么,Activity,12,1,[+Durative],[+Dynamic]
想些什么事,Activity,1,0,[+Durative],[+Dynamic]
想心事,Activity,11,3,[+Durative],[+Dynamic]
想心思,Activity,2,0,[+Durative],[+Dynamic]
想许许多多的人经过先觉者的开导，一个个昂首挺胸觉悟起来的可喜情形,Activity,1,0,[+Durative],[+Dynamic]
想眼前的现实,Activity,1,0,[+Durative],[+Dynamic]
想要不要过去理他,Activity,1,0,[+Durative],[+Dynamic]
想要怎样才能够把那一幕戏演得好,Activity,1,0,[+Durative],[+Dynamic]
想一些安慰她的话,Activity,0,1,[+Durative],[+Dynamic]
想以前的事,Activity,1,0,[+Durative],[+Dynamic]
想应该说些什么话来解决他们的问题,Activity,1,0,[+Durative],[+Dynamic]
想拥他复辟,Activity,1,0,[+Durative],[+Dynamic]
想有关帮助刘延生的问题,Activity,1,0,[+Durative],[+Dynamic]
想喻嘉言为什么这么做,Activity,1,0,[+Durative],[+Dynamic]
想运动过去了，广大农民怎样对付冯老兰,Activity,1,0,[+Durative],[+Dynamic]
想造成科班,Activity,1,0,[+Durative],[+Dynamic]
想怎么办,Activity,1,0,[+Durative],[+Dynamic]
想找个机会,Activity,1,0,[+Durative],[+Dynamic]
想这段心事,Activity,1,0,[+Durative],[+Dynamic]
想这个,Activity,1,0,[+Durative],[+Dynamic]
想这个問題,Activity,1,0,[+Durative],[+Dynamic]
想这件事,Activity,1,0,[+Durative],[+Dynamic]
想这样的问题,Activity,1,0,[+Durative],[+Dynamic]
想这样炫耀的办法未免有些杀风景,Activity,0,1,[+Durative],[+Dynamic]
想钟老的事情,Activity,1,0,[+Durative],[+Dynamic]
想主意,Activity,1,0,[+Durative],[+Dynamic]
想子子孙孙能永远如此不能？,Activity,1,0,[+Durative],[+Dynamic]
想自己,Activity,1,0,[+Durative],[+Dynamic]
想自己的命运,Activity,1,0,[+Durative],[+Dynamic]
想自己的前途,Activity,0,1,[+Durative],[+Dynamic]
想自己的心事,Activity,0,1,[+Durative],[+Dynamic]
想自己还有多少地方需要改进的,Activity,1,0,[+Durative],[+Dynamic]
想自己如何消极到如此田地苦到如此如此,Activity,1,0,[+Durative],[+Dynamic]
想自己下一步的计划,Activity,1,0,[+Durative],[+Dynamic]
想自已永远能如此不能？,Activity,1,0,[+Durative],[+Dynamic]
想做什么,Activity,1,0,[+Durative],[+Dynamic]
想做一首诗,Activity,0,2,[+Durative],[+Dynamic]
为未来着想,State,1,0,[+Durative],[-Dynamic]
向往,State,2,0,[+Durative],[-Dynamic]
消除,Transition,1,2,[+Durative],[+Dynamic]
消化,Activity,1,0,[+Durative],[+Dynamic]
消灭,Transition,1,0,[+Durative],[+Dynamic]
消灭废品,Transition,1,0,[+Durative],[+Dynamic]
消失,Transition,8,3,[+Durative],[+Dynamic]
校对,Activity,0,1,[+Durative],[+Dynamic]
笑,Activity,94,1,[+Durative],[+Dynamic]
笑啊、说啊,Activity,0,1,[+Durative],[+Dynamic]
笑陆涛幼稚,Activity,1,0,[+Durative],[+Dynamic]
笑你,Activity,1,0,[+Durative],[+Dynamic]
笑人,Activity,1,0,[+Durative],[+Dynamic]
笑谁,Activity,1,0,[+Durative],[+Dynamic]
笑什么,Activity,6,0,[+Durative],[+Dynamic]
笑他,Activity,1,0,[+Durative],[+Dynamic]
笑他说了违心话,Activity,1,0,[+Durative],[+Dynamic]
笑他自己,Activity,1,0,[+Durative],[+Dynamic]
笑她,Activity,1,0,[+Durative],[+Dynamic]
笑我,Activity,2,1,[+Durative],[+Dynamic]
笑我即将重蹈他人覆辙,Activity,1,0,[+Durative],[+Dynamic]
笑自己那得意的妙算,Activity,1,0,[+Durative],[+Dynamic]
笑昨天上火车时碰见了一个老兵,Activity,1,0,[+Durative],[+Dynamic]
协商,Activity,0,1,[+Durative],[+Dynamic]
协助厂方设法解决这个困难,Activity,0,1,[+Durative],[+Dynamic]
写,Activity,8,5,[+Durative],[+Dynamic]
写《回忆录》,Activity,1,0,[+Durative],[+Dynamic]
写《金刚经》,Activity,2,0,[+Durative],[+Dynamic]
写榜,Activity,1,0,[+Durative],[+Dynamic]
写大量文学作品,Activity,0,1,[+Durative],[+Dynamic]
写第三本,Activity,0,1,[+Durative],[+Dynamic]
写读书报告,Activity,0,1,[+Durative],[+Dynamic]
写稿,Activity,0,1,[+Durative],[+Dynamic]
写关于我的书,Activity,1,0,[+Durative],[+Dynamic]
写关于自己家庭的第三本书,Activity,0,1,[+Durative],[+Dynamic]
写回忆录,Activity,1,0,[+Durative],[+Dynamic]
写家书,Activity,1,0,[+Durative],[+Dynamic]
写历史,Activity,1,0,[+Durative],[+Dynamic]
写两张纸条贴在两方手帕上,Activity,0,1,[+Durative],[+Dynamic]
写流水帐,Activity,1,0,[+Durative],[+Dynamic]
写日记,Activity,2,0,[+Durative],[+Dynamic]
写什么,Activity,8,2,[+Durative],[+Dynamic]
写什么东西,Activity,1,0,[+Durative],[+Dynamic]
写什么鬼东西,Activity,1,0,[+Durative],[+Dynamic]
写什么文字,Activity,1,0,[+Durative],[+Dynamic]
写生内心的热烈,Activity,1,0,[+Durative],[+Dynamic]
写诗,Activity,1,0,[+Durative],[+Dynamic]
写诗歌和散文,Activity,1,0,[+Durative],[+Dynamic]
写他一生的故事,Activity,0,1,[+Durative],[+Dynamic]
写文章,Activity,0,1,[+Durative],[+Dynamic]
写戏,Activity,1,0,[+Durative],[+Dynamic]
写小说,Activity,1,1,[+Durative],[+Dynamic]
写些什么,Activity,1,0,[+Durative],[+Dynamic]
写信,Activity,3,4,[+Durative],[+Dynamic]
写一部小说,Activity,0,1,[+Durative],[+Dynamic]
写一个更长、更富有文学性的作品,Activity,0,1,[+Durative],[+Dynamic]
写一个先驱者与群众思想冲突的悲剧,Activity,1,0,[+Durative],[+Dynamic]
写一篇文章,Activity,0,1,[+Durative],[+Dynamic]
写一首挽歌,Activity,1,0,[+Durative],[+Dynamic]
写一首赞曲,Activity,1,0,[+Durative],[+Dynamic]
写遗书,Activity,1,0,[+Durative],[+Dynamic]
写冤狱,Activity,1,0,[+Durative],[+Dynamic]
写长篇小说,Activity,1,0,[+Durative],[+Dynamic]
写这部著作,Activity,1,0,[+Durative],[+Dynamic]
写自己,Activity,1,0,[+Durative],[+Dynamic]
写字,Activity,4,4,[+Durative],[+Dynamic]
欣赏,Activity,1,0,[+Durative],[+Dynamic]
欣赏劳动者照片,Activity,0,1,[+Durative],[+Dynamic]
欣赏他妹妹的事业家风度,Activity,1,0,[+Durative],[+Dynamic]
欣赏一件不小心弄坏了的艺术品,Activity,1,0,[+Durative],[+Dynamic]
形成,Transition,2,23,[+Durative],[+Dynamic]
形成崇尚高雅艺术的风气,Transition,0,1,[+Durative],[+Dynamic]
形成高潮,Transition,0,1,[+Durative],[+Dynamic]
形成加快农村经济社会发展的长效机制,Transition,0,1,[+Durative],[+Dynamic]
形成所谓的寒蝉效应,Transition,0,1,[+Durative],[+Dynamic]
形成一支洪流,Transition,0,1,[+Durative],[+Dynamic]
形成之民主政治奠一最令人满意之基础,Transition,0,1,[+Durative],[+Dynamic]
形成之民主政治奠一最足令人满意之基础,Transition,0,1,[+Durative],[+Dynamic]
形成中国航企真正的全球覆盖,Transition,0,1,[+Durative],[+Dynamic]
向往激烈的战斗生活,State,1,0,[+Durative],[-Dynamic]
休息,Activity,7,1,[+Durative],[+Dynamic]
修,Activity,0,1,[+Durative],[+Dynamic]
修地埂,Activity,0,1,[+Durative],[+Dynamic]
修改他和土屋芳雄合著的《人鬼的角逐》,Activity,1,0,[+Durative],[+Dynamic]
修改一本以《水浒》为题材的京剧脚本,Activity,0,1,[+Durative],[+Dynamic]
修改自己,Activity,1,0,[+Durative],[+Dynamic]
修改自己的武侠小说,Activity,0,1,[+Durative],[+Dynamic]
修公园,Activity,1,0,[+Durative],[+Dynamic]
修剪,Activity,1,0,[+Durative],[+Dynamic]
修理,Activity,0,2,[+Durative],[+Dynamic]
修理菊花枝叶,Activity,0,1,[+Durative],[+Dynamic]
修理排灌设备,Activity,1,0,[+Durative],[+Dynamic]
修马路,Activity,2,0,[+Durative],[+Dynamic]
修滩地,Activity,0,1,[+Durative],[+Dynamic]
绣花,Activity,2,0,[+Durative],[+Dynamic]
叙述,Activity,1,0,[+Durative],[+Dynamic]
叙述别人的事情,Activity,1,0,[+Durative],[+Dynamic]
叙述来作壮丁的经过,Activity,1,0,[+Durative],[+Dynamic]
叙述一件重大的事,Activity,1,0,[+Durative],[+Dynamic]
宣布,Activity,0,1,[+Durative],[+Dynamic]
宣布戒严,Activity,1,0,[+Durative],[+Dynamic]
宣布伊朗是个中立区,Activity,1,0,[+Durative],[+Dynamic]
宣传,Activity,0,1,[+Durative],[+Dynamic]
宣传党的政策,Activity,0,1,[+Durative],[+Dynamic]
宣传什么,Activity,1,0,[+Durative],[+Dynamic]
旋转,Activity,12,0,[+Durative],[+Dynamic]
选食堂的炊事员和管理员,Activity,1,0,[+Durative],[+Dynamic]
选择和世界上最先锋的艺术家进行合作,Activity,1,0,[+Durative],[+Dynamic]
选择生活,Activity,2,0,[+Durative],[+Dynamic]
削皮,Activity,0,1,[+Durative],[+Dynamic]
削苹果,Activity,1,0,[+Durative],[+Dynamic]
削弱,Transition,1,0,[+Durative],[+Dynamic]
削弱美国的军事和政治力量,Transition,0,1,[+Durative],[+Dynamic]
学,Activity,1,0,[+Durative],[+Dynamic]
学交际舞,Activity,0,1,[+Durative],[+Dynamic]
学昆曲,Activity,0,2,[+Durative],[+Dynamic]
学什么,Activity,1,0,[+Durative],[+Dynamic]
学外文,Activity,1,0,[+Durative],[+Dynamic]
学我,Activity,1,0,[+Durative],[+Dynamic]
学武术,Activity,0,1,[+Durative],[+Dynamic]
学习,Activity,8,4,[+Durative],[+Dynamic]
学习裁缝,Activity,0,1,[+Durative],[+Dynamic]
学习各国人民的长处和有益经验,Activity,1,0,[+Durative],[+Dynamic]
学习官木生,Activity,1,0,[+Durative],[+Dynamic]
学习贯彻习近平新时代中国特色社会主义思想,Activity,0,1,[+Durative],[+Dynamic]
学习光学、美术和面部解剖等知识,Activity,1,0,[+Durative],[+Dynamic]
学习汉语,Activity,0,1,[+Durative],[+Dynamic]
学习汉语国际教育专业,Activity,0,1,[+Durative],[+Dynamic]
学习和贯彻十四届五中全会精神,Activity,0,1,[+Durative],[+Dynamic]
学习技术,Activity,1,0,[+Durative],[+Dynamic]
学习驾驶技术,Activity,0,1,[+Durative],[+Dynamic]
学习焦裕禄同志的事迹,Activity,1,0,[+Durative],[+Dynamic]
学习毛主席的著作,Activity,1,0,[+Durative],[+Dynamic]
学习苗族鸟笼制作,Activity,1,0,[+Durative],[+Dynamic]
学习民间音乐,Activity,1,0,[+Durative],[+Dynamic]
学习皮肤构造和脚病种类等知识,Activity,0,1,[+Durative],[+Dynamic]
学习上网,Activity,0,1,[+Durative],[+Dynamic]
学习书法,Activity,1,0,[+Durative],[+Dynamic]
学习他们的经验,Activity,0,1,[+Durative],[+Dynamic]
"学习团体的工作和
组织的方法",Activity,1,0,[+Durative],[+Dynamic]
学习刑法中有关重婚罪的条目,Activity,0,1,[+Durative],[+Dynamic]
学习怎样在NBA打球,Activity,1,0,[+Durative],[+Dynamic]
学习这个,Activity,0,1,[+Durative],[+Dynamic]
学习专业技术,Activity,1,0,[+Durative],[+Dynamic]
学习走路,Activity,1,0,[+Durative],[+Dynamic]
学样瞎帮忙,Activity,1,0,[+Durative],[+Dynamic]
学医,Activity,1,0,[+Durative],[+Dynamic]
学怎么用中文说“对不起”,Activity,1,0,[+Durative],[+Dynamic]
学织毛衣,Activity,1,0,[+Durative],[+Dynamic]
学直透事物本质的能力,Activity,1,0,[+Durative],[+Dynamic]
学中国话,Activity,1,0,[+Durative],[+Dynamic]
寻回久已失去了的思想,Transition,0,1,[+Durative],[+Dynamic]
寻找,Activity,5,0,[+Durative],[+Dynamic]
寻找“非分工”的途径,Activity,1,0,[+Durative],[+Dynamic]
寻找“智慧型中年专家”做深度栏目的主持人,Activity,1,0,[+Durative],[+Dynamic]
寻找白小姐,Activity,0,1,[+Durative],[+Dynamic]
寻找出路,Activity,1,0,[+Durative],[+Dynamic]
寻找反抗的出路,Activity,1,1,[+Durative],[+Dynamic]
寻找公鸡、袋鼠和小兔,Activity,1,0,[+Durative],[+Dynamic]
寻找狗官,Activity,0,1,[+Durative],[+Dynamic]
寻找官兵主将,Activity,0,1,[+Durative],[+Dynamic]
寻找话题,Activity,1,0,[+Durative],[+Dynamic]
寻找机会,Activity,2,0,[+Durative],[+Dynamic]
寻找机会试图“回潮”,Activity,1,0,[+Durative],[+Dynamic]
寻找记忆里熟悉的面容,Activity,1,0,[+Durative],[+Dynamic]
寻找解放和进步道路,Activity,0,1,[+Durative],[+Dynamic]
寻找那颗已逝去的星辰,Activity,1,0,[+Durative],[+Dynamic]
寻找什么,Activity,5,1,[+Durative],[+Dynamic]
寻找什么东西,Activity,1,0,[+Durative],[+Dynamic]
寻找尸首,Activity,0,1,[+Durative],[+Dynamic]
寻找诗,Activity,1,0,[+Durative],[+Dynamic]
寻找思想,Activity,0,1,[+Durative],[+Dynamic]
寻找他的抗议的反应,Activity,1,0,[+Durative],[+Dynamic]
寻找她,Activity,0,1,[+Durative],[+Dynamic]
寻找我的父亲,Activity,1,0,[+Durative],[+Dynamic]
寻找我的下落,Activity,1,0,[+Durative],[+Dynamic]
寻找习惯围绕在他身边的那颗「行星」,Activity,1,0,[+Durative],[+Dynamic]
寻找新的投资,Activity,0,1,[+Durative],[+Dynamic]
寻找一个人,Activity,1,0,[+Durative],[+Dynamic]
寻找一个途径,Activity,1,0,[+Durative],[+Dynamic]
寻找一件什么东西,Activity,1,0,[+Durative],[+Dynamic]
寻找一件世界上最宝贵的东,Activity,1,0,[+Durative],[+Dynamic]
寻找一种陌生感,Activity,1,0,[+Durative],[+Dynamic]
寻找这类方法,Activity,1,0,[+Durative],[+Dynamic]
寻找这种感觉,Activity,1,0,[+Durative],[+Dynamic]
寻找真正可靠的商业模式,Activity,1,0,[+Durative],[+Dynamic]
寻找职业规划机构做员工职业规划设计,Activity,1,0,[+Durative],[+Dynamic]
寻找中国文化和西方文化的交叉点,Activity,1,0,[+Durative],[+Dynamic]
寻找自己,Activity,1,0,[+Durative],[+Dynamic]
寻找最好的发型,Activity,1,0,[+Durative],[+Dynamic]
询问,Activity,7,0,[+Durative],[+Dynamic]
询问、谈论为什么把副排长调走,Activity,1,0,[+Durative],[+Dynamic]
询问渐川一带的灾荒情况,Activity,0,1,[+Durative],[+Dynamic]
训练,Activity,2,0,[+Durative],[+Dynamic]
训练沙湾拿吉集团的军官,Activity,1,0,[+Durative],[+Dynamic]
训练跳远,Activity,1,0,[+Durative],[+Dynamic]
训练吴庭艳集团掌握反游击战术、突击战术和使用战斗机,Activity,0,1,[+Durative],[+Dynamic]
训练西德海陆空军的骨干,Activity,0,1,[+Durative],[+Dynamic]
训练越南部队,Activity,0,1,[+Durative],[+Dynamic]
压迫本国的人民,Activity,1,0,[+Durative],[+Dynamic]
压迫他,Activity,1,0,[+Durative],[+Dynamic]
压迫她,Activity,1,0,[+Durative],[+Dynamic]
压迫我们,Activity,1,0,[+Durative],[+Dynamic]
压迫亚洲人民,Activity,0,1,[+Durative],[+Dynamic]
压我们年轻,Activity,1,0,[+Durative],[+Dynamic]
压制,Activity,1,0,[+Durative],[+Dynamic]
压制自己的火气,Activity,1,0,[+Durative],[+Dynamic]
压制自己的恼怒,Activity,1,0,[+Durative],[+Dynamic]
压制自己的情感,Activity,1,0,[+Durative],[+Dynamic]
研究,Activity,6,2,[+Durative],[+Dynamic]
研究、观察,Activity,1,0,[+Durative],[+Dynamic]
研究阿里亚斯总统的和平建议,Activity,0,1,[+Durative],[+Dynamic]
研究把“万国化油器”铸造成功,Activity,1,0,[+Durative],[+Dynamic]
研究把这种技术和目前的电讯网结合起来,Activity,0,1,[+Durative],[+Dynamic]
研究办法,Activity,1,0,[+Durative],[+Dynamic]
研究包括重新考虑对越南提供经济援助在内的对策,Activity,0,1,[+Durative],[+Dynamic]
研究波兰倡议,Activity,0,1,[+Durative],[+Dynamic]
研究敌情,Activity,1,0,[+Durative],[+Dynamic]
研究第二天的施工问题,Activity,1,0,[+Durative],[+Dynamic]
研究对这个问题的处理意见,Activity,0,1,[+Durative],[+Dynamic]
研究多份协议草案,Activity,1,0,[+Durative],[+Dynamic]
研究改进《华北新华书店最新批发办法》,Activity,1,0,[+Durative],[+Dynamic]
研究戈尔巴乔夫提出的建议,Activity,0,1,[+Durative],[+Dynamic]
研究各种方法,Activity,0,1,[+Durative],[+Dynamic]
研究关于解散政党的建议,Activity,0,1,[+Durative],[+Dynamic]
研究规划,Activity,0,1,[+Durative],[+Dynamic]
研究和试制小马力动力机械,Activity,0,1,[+Durative],[+Dynamic]
研究厚黑这种学理,Activity,1,0,[+Durative],[+Dynamic]
研究接应,Activity,1,0,[+Durative],[+Dynamic]
研究解决,Activity,0,1,[+Durative],[+Dynamic]
研究解决办法,Activity,0,1,[+Durative],[+Dynamic]
研究解决新形势下出现的新问题,Activity,0,1,[+Durative],[+Dynamic]
研究今后让美国的投资商人怎样在炸裂快活和挣钱,Activity,0,1,[+Durative],[+Dynamic]
研究进一步加强投资管理人员管理的办法,Activity,0,1,[+Durative],[+Dynamic]
研究军队改革,Activity,0,1,[+Durative],[+Dynamic]
研究劳动力调配问题,Activity,0,1,[+Durative],[+Dynamic]
研究雷锋是真是假,Activity,1,0,[+Durative],[+Dynamic]
研究利用南极虾作食品的问题,Activity,1,0,[+Durative],[+Dynamic]
研究联合国秘书长的通告,Activity,0,1,[+Durative],[+Dynamic]
研究密裁计划,Activity,0,1,[+Durative],[+Dynamic]
研究模特儿相片,Activity,0,1,[+Durative],[+Dynamic]
研究谋划“银行港澳青年之家”的建设模式,Activity,0,1,[+Durative],[+Dynamic]
研究那帽子,Activity,1,0,[+Durative],[+Dynamic]
研究其他国家的经验,Activity,1,0,[+Durative],[+Dynamic]
研究情况,Activity,1,0,[+Durative],[+Dynamic]
研究如何说好现代长篇书目,Activity,0,1,[+Durative],[+Dynamic]
研究三年国民经济计划,Activity,0,1,[+Durative],[+Dynamic]
研究三体问题,Activity,1,0,[+Durative],[+Dynamic]
"研究设计之防空
工具",Activity,1,0,[+Durative],[+Dynamic]
研究社会问题,Activity,1,0,[+Durative],[+Dynamic]
研究什么,Activity,1,0,[+Durative],[+Dynamic]
研究什么问题,Activity,1,0,[+Durative],[+Dynamic]
研究生命课题,Activity,1,0,[+Durative],[+Dynamic]
"研究试
验之死光机(怪力线)",Activity,0,1,[+Durative],[+Dynamic]
研究数十种对付美国,Activity,0,1,[+Durative],[+Dynamic]
研究四川能否种热带植物,Activity,0,1,[+Durative],[+Dynamic]
研究苏联和越南签订条约的政治含意,Activity,0,1,[+Durative],[+Dynamic]
研究它的历史作用和地位等问题,Activity,1,0,[+Durative],[+Dynamic]
研究她的腹部,Activity,1,0,[+Durative],[+Dynamic]
研究她的所有物品,Activity,1,0,[+Durative],[+Dynamic]
研究台湾情况的问题,Activity,0,1,[+Durative],[+Dynamic]
研究探索建立支持推进节能减排的长效机制,Activity,0,1,[+Durative],[+Dynamic]
研究推行公开发行和上市证券的保荐制度,Activity,0,1,[+Durative],[+Dynamic]
研究小纸条上的字句,Activity,0,1,[+Durative],[+Dynamic]
研究新的治安整顿方案,Activity,0,1,[+Durative],[+Dynamic]
研究修订原有的中成药价格管理办法,Activity,0,1,[+Durative],[+Dynamic]
研究一种叫路由器的新产品,Activity,0,1,[+Durative],[+Dynamic]
研究有关法律,Activity,0,1,[+Durative],[+Dynamic]
研究有关各方就解决中东问题所提出的方案,Activity,0,1,[+Durative],[+Dynamic]
研究这个东西,Activity,1,0,[+Durative],[+Dynamic]
研究这个问题,Activity,0,2,[+Durative],[+Dynamic]
研究制造光子火箭,Activity,1,0,[+Durative],[+Dynamic]
研究制作一种精巧的工艺作物,Activity,0,1,[+Durative],[+Dynamic]
研究中国的经史的,Activity,1,0,[+Durative],[+Dynamic]
研究中国政府的这个复照,Activity,0,1,[+Durative],[+Dynamic]
研究准备搞一个不要石油的工厂,Activity,0,1,[+Durative],[+Dynamic]
研究作出答复,Activity,0,1,[+Durative],[+Dynamic]
研制,Activity,0,1,[+Durative],[+Dynamic]
研制光子计算机,Activity,0,1,[+Durative],[+Dynamic]
研制另一代的新的四种洲际弹道导弹,Activity,1,0,[+Durative],[+Dynamic]
研制蚂蚱酱,Activity,1,0,[+Durative],[+Dynamic]
研制新型核武器,Activity,1,0,[+Durative],[+Dynamic]
研制新型坦克,Activity,1,0,[+Durative],[+Dynamic]
研制一种能发射远程巡航导弹的新型潜艇,Activity,0,1,[+Durative],[+Dynamic]
研制用于通讯的玻璃纤维导线,Activity,0,1,[+Durative],[+Dynamic]
掩盖推行反动政策,Activity,1,0,[+Durative],[+Dynamic]
掩护别的部队往小山上撤退,Activity,0,1,[+Durative],[+Dynamic]
掩饰,Activity,2,0,[+Durative],[+Dynamic]
掩饰其内战罪行,Activity,1,0,[+Durative],[+Dynamic]
演,Activity,1,0,[+Durative],[+Dynamic]
演《沙家浜》,Activity,1,0,[+Durative],[+Dynamic]
演《胭脂虎》,Activity,0,1,[+Durative],[+Dynamic]
演《英雄》,Activity,1,0,[+Durative],[+Dynamic]
演《玉堂春》,Activity,2,0,[+Durative],[+Dynamic]
演电影,Activity,3,0,[+Durative],[+Dynamic]
演电影《跟踪追击》,Activity,1,0,[+Durative],[+Dynamic]
演恐怖片,Activity,1,0,[+Durative],[+Dynamic]
演希腊一个喜剧,Activity,1,0,[+Durative],[+Dynamic]
演戏,Activity,7,0,[+Durative],[+Dynamic]
演小天鹅,Activity,1,0,[+Durative],[+Dynamic]
演一出戏,Activity,1,0,[+Durative],[+Dynamic]
演游园惊梦,Activity,0,1,[+Durative],[+Dynamic]
演这些很边缘的角色,Activity,1,0,[+Durative],[+Dynamic]
养花草,Activity,1,0,[+Durative],[+Dynamic]
邀请,Activity,1,0,[+Durative],[+Dynamic]
邀请他去总部面试,Activity,1,0,[+Durative],[+Dynamic]
邀请已经住在杭州多年的黄宾虹回到学校,Activity,1,0,[+Durative],[+Dynamic]
摇晃,Activity,8,0,[+Durative],[+Dynamic]
摇铃,Activity,1,0,[+Durative],[+Dynamic]
摇头,Activity,4,0,[+Durative],[+Dynamic]
咬,Activity,1,0,[+Durative],[+Dynamic]
咬耳朵谈心,Activity,1,0,[+Durative],[+Dynamic]
咬瓜,Activity,1,0,[+Durative],[+Dynamic]
咬他的皮鞋,Activity,2,0,[+Durative],[+Dynamic]
咬他的心,Activity,1,0,[+Durative],[+Dynamic]
咬他底脑筋,Activity,1,0,[+Durative],[+Dynamic]
咬嘴唇,Activity,1,0,[+Durative],[+Dynamic]
兴奋,State,1,0,[+Durative],[-Dynamic]
要把联合国变成它们干涉匈牙利内政进行冷战的工具,State,0,1,[+Durative],[-Dynamic]
要东西吃,Activity,1,0,[+Durative],[+Dynamic]
要饭催菜,Activity,1,0,[+Durative],[+Dynamic]
要保持现状,State,0,1,[+Durative],[-Dynamic]
要咳出它来,State,1,0,[+Durative],[-Dynamic]
要求,State,1,0,[+Durative],[-Dynamic]
要求“公平”,State,1,0,[+Durative],[-Dynamic]
要求不可能得到的东西,State,0,1,[+Durative],[-Dynamic]
要求发配粮,State,1,0,[+Durative],[-Dynamic]
要求割让突尼斯,State,1,0,[+Durative],[-Dynamic]
要求各国停止与伊朗经贸往来,State,1,0,[+Durative],[-Dynamic]
要求民主、反对独裁,State,1,0,[+Durative],[-Dynamic]
要求它不可能得到的东西,State,0,1,[+Durative],[-Dynamic]
要人,Activity,1,0,[+Durative],[+Dynamic]
要求装饭下去,State,1,0,[+Durative],[-Dynamic]
要我向他靠拢,State,1,0,[+Durative],[-Dynamic]
依靠科学研究工作来推,Activity,0,1,[+Durative],[+Dynamic]
移出,Transition,0,1,[+Durative],[+Dynamic]
移动,Activity,14,4,[+Durative],[+Dynamic]
要想一句话转圜,State,0,2,[+Durative],[-Dynamic]
议论,Activity,21,2,[+Durative],[+Dynamic]
议论“许三多艺术形象”的审美价值,Activity,1,0,[+Durative],[+Dynamic]
议论辩驳「无产阶级的文艺」的问题,Activity,0,1,[+Durative],[+Dynamic]
议论厂里开除了三个人,Activity,1,0,[+Durative],[+Dynamic]
议论纷纷,Activity,1,0,[+Durative],[+Dynamic]
议论工作重点转移问题,Activity,1,0,[+Durative],[+Dynamic]
议论今年好收成,Activity,0,1,[+Durative],[+Dynamic]
议论开田凭啥能上电视,Activity,1,0,[+Durative],[+Dynamic]
议论你们两个的没脸事,Activity,1,0,[+Durative],[+Dynamic]
议论山楂树现象,Activity,1,0,[+Durative],[+Dynamic]
议论什么,Activity,3,0,[+Durative],[+Dynamic]
议论十五那天日本兵要来收白面和猪,Activity,1,0,[+Durative],[+Dynamic]
议论树与钱的关系,Activity,1,0,[+Durative],[+Dynamic]
议论他和巧珍的“不正经”,Activity,0,1,[+Durative],[+Dynamic]
议论他们,Activity,1,0,[+Durative],[+Dynamic]
议论他们两个,Activity,1,0,[+Durative],[+Dynamic]
议论同样的事,Activity,2,0,[+Durative],[+Dynamic]
议论我,Activity,1,0,[+Durative],[+Dynamic]
议论这本书,Activity,1,0,[+Durative],[+Dynamic]
议论这次湖心之游,Activity,1,0,[+Durative],[+Dynamic]
隐藏自己的宇宙,Activity,1,0,[+Durative],[+Dynamic]
隐入历史深处,Transition,0,1,[+Durative],[+Dynamic]
印《挺进报》,Activity,1,0,[+Durative],[+Dynamic]
印一盒檀香,Activity,1,0,[+Durative],[+Dynamic]
应用,Activity,1,0,[+Durative],[+Dynamic]
应用到生产领域中去,Transition,0,1,[+Durative],[+Dynamic]
迎接八方来客,Activity,0,1,[+Durative],[+Dynamic]
迎接咱们,Activity,1,0,[+Durative],[+Dynamic]
迎接准备参加第十六届奥林匹克运动会的中国运动员们,Activity,0,1,[+Durative],[+Dynamic]
迎来第三次创作高潮,Transition,0,1,[+Durative],[+Dynamic]
映出好模范,Transition,2,0,[+Durative],[+Dynamic]
拥抱,Activity,1,0,[+Durative],[+Dynamic]
涌进停泊区,Transition,0,1,[+Durative],[+Dynamic]
涌现出,Transition,0,1,[+Durative],[+Dynamic]
用,Activity,3,0,[+Durative],[+Dynamic]
用“蚕网”“替蚕砂”,Activity,0,1,[+Durative],[+Dynamic]
用“利普斯的功德无量的德译本《人性论》”,Activity,1,0,[+Durative],[+Dynamic]
用“一国营，二集体，倒霉也不去当个体”的标准选择职业,Activity,1,0,[+Durative],[+Dynamic]
用「勿令再失」的老话来掩丑,Activity,1,0,[+Durative],[+Dynamic]
用2009年谷歌的各种技术去谈恋爱,Activity,1,0,[+Durative],[+Dynamic]
用北大西洋公约,Activity,1,0,[+Durative],[+Dynamic]
用餐,Activity,0,1,[+Durative],[+Dynamic]
用大木桩撞门,Activity,1,0,[+Durative],[+Dynamic]
用刀叉,Activity,1,0,[+Durative],[+Dynamic]
用电灯代替煤油灯,Activity,0,1,[+Durative],[+Dynamic]
用废电池换鲜花绿植,Activity,1,0,[+Durative],[+Dynamic]
用更准确的能携带大量弹头的发射系统取代了较老的陆基导弹,Activity,0,1,[+Durative],[+Dynamic]
用公款大量买书订报发给个人,Activity,1,0,[+Durative],[+Dynamic]
用古巴青年的鲜血偿还苏联的债务,Activity,0,1,[+Durative],[+Dynamic]
用谷歌的整合搜索查询信息,Activity,1,0,[+Durative],[+Dynamic]
用话套我,Activity,1,0,[+Durative],[+Dynamic]
用尖头的竹筷拣“头眠”,Activity,0,1,[+Durative],[+Dynamic]
用力,Activity,1,0,[+Durative],[+Dynamic]
用柳枝扎一个不大的花圈架,Activity,0,1,[+Durative],[+Dynamic]
用茅草扎成长束,Activity,0,1,[+Durative],[+Dynamic]
用少妇扮少女、用晚春代早春,Activity,1,0,[+Durative],[+Dynamic]
用施莱尔马赫翻译的《柏拉图全集》,Activity,1,0,[+Durative],[+Dynamic]
用实际的行动证实它在日内瓦说过的话,Activity,1,0,[+Durative],[+Dynamic]
用数字说明，谷歌的市场份额在迅速滑落,Activity,1,0,[+Durative],[+Dynamic]
用思,Activity,0,1,[+Durative],[+Dynamic]
用他们的卖身钱办这样杂志,Activity,1,0,[+Durative],[+Dynamic]
用他们自己的眼睛来看问题,Activity,1,0,[+Durative],[+Dynamic]
用他自己的作品来推翻,Activity,1,0,[+Durative],[+Dynamic]
用她的钱,Activity,1,0,[+Durative],[+Dynamic]
用她多年苦练的“无相神功”，来伤自己五脏六腑,Activity,1,0,[+Durative],[+Dynamic]
用她破了皮肤的手，将线放在小小的木架上，缕成直而有条理的形式,Activity,0,1,[+Durative],[+Dynamic]
用午餐,Activity,0,1,[+Durative],[+Dynamic]
用鲜血和愤怒的示威来抵抗美军在东京郊外扩大原子弹飞机机场的暴政,Activity,1,0,[+Durative],[+Dynamic]
用心思,Activity,1,0,[+Durative],[+Dynamic]
用心听,Activity,1,0,[+Durative],[+Dynamic]
用虚伪的态度来对待这个毫无保留爱着他的人,Activity,1,0,[+Durative],[+Dynamic]
用一串新名词活埋,Activity,1,0,[+Durative],[+Dynamic]
用音乐反对战争,Activity,1,0,[+Durative],[+Dynamic]
用银行卡,Activity,1,0,[+Durative],[+Dynamic]
用早餐,Activity,1,0,[+Durative],[+Dynamic]
用这个词,Activity,1,0,[+Durative],[+Dynamic]
用这样的词汇互相试探和鼓励,Activity,1,0,[+Durative],[+Dynamic]
疑惑,State,1,1,[+Durative],[-Dynamic]
犹豫,Activity,5,6,[+Durative],[+Dynamic]
犹豫担心,Activity,1,0,[+Durative],[+Dynamic]
犹豫是否要跟他上汽车,Activity,0,1,[+Durative],[+Dynamic]
犹豫是否应该进去,Activity,0,1,[+Durative],[+Dynamic]
犹豫要不要洗澡,Activity,1,0,[+Durative],[+Dynamic]
犹豫怎么办,Activity,0,1,[+Durative],[+Dynamic]
犹豫怎么介绍柳生,Activity,0,1,[+Durative],[+Dynamic]
游,Activity,1,0,[+Durative],[+Dynamic]
游弋,Activity,1,0,[+Durative],[+Dynamic]
游泳,Activity,1,0,[+Durative],[+Dynamic]
预备讲义,Activity,0,1,[+Durative],[+Dynamic]
预备拿《圣经》到市场去卖,Activity,0,1,[+Durative],[+Dynamic]
预备泥房土和垫圈土,Activity,1,0,[+Durative],[+Dynamic]
预备入美国籍,Activity,1,0,[+Durative],[+Dynamic]
预备烧晚饭,Activity,0,1,[+Durative],[+Dynamic]
预备英语,Activity,0,2,[+Durative],[+Dynamic]
预备早饭,Activity,1,0,[+Durative],[+Dynamic]
遇到严重的补给问题,Transition,0,1,[-Durative],[+Dynamic]
怨我,Activity,1,0,[+Durative],[+Dynamic]
阅读,Activity,2,0,[+Durative],[+Dynamic]
阅读“中国关键词”,Activity,1,0,[+Durative],[+Dynamic]
阅读《人民日报》,Activity,1,0,[+Durative],[+Dynamic]
阅读评论新星的文章,Activity,0,1,[+Durative],[+Dynamic]
阅读一份开城前线的战报,Activity,0,1,[+Durative],[+Dynamic]
阅读赠阅的《人民日报》,Activity,0,1,[+Durative],[+Dynamic]
运粪,Activity,1,0,[+Durative],[+Dynamic]
运来矿区,Transition,0,1,[+Durative],[+Dynamic]
运料,Activity,0,1,[+Durative],[+Dynamic]
运输谷物,Activity,0,1,[+Durative],[+Dynamic]
运输应用材料等,Activity,0,1,[+Durative],[+Dynamic]
运送一批枪枝,Activity,0,1,[+Durative],[+Dynamic]
运行,Activity,3,1,[+Durative],[+Dynamic]
运用,Activity,1,0,[+Durative],[+Dynamic]
运用“互联网”思维,Activity,1,0,[+Durative],[+Dynamic]
运用武力,Activity,0,1,[+Durative],[+Dynamic]
运用直接法测定单晶体结构问题著书,Activity,0,1,[+Durative],[+Dynamic]
酝酿,Activity,5,3,[+Durative],[+Dynamic]
酝酿北大西洋集团垮台后自立门户,Activity,1,0,[+Durative],[+Dynamic]
酝酿庇护印度侵略的新丑剧,Activity,1,0,[+Durative],[+Dynamic]
酝酿别人为代表候选人,Activity,1,0,[+Durative],[+Dynamic]
酝酿采取必要反报复措施,Activity,0,1,[+Durative],[+Dynamic]
酝酿成立全美武术协会,Activity,1,0,[+Durative],[+Dynamic]
酝酿成立统一的学联,Activity,0,1,[+Durative],[+Dynamic]
酝酿成立学生自治会,Activity,1,0,[+Durative],[+Dynamic]
酝酿和发展,Activity,1,0,[+Durative],[+Dynamic]
酝酿近期给职工普调工资,Activity,0,1,[+Durative],[+Dynamic]
酝酿巨变,Activity,0,1,[+Durative],[+Dynamic]
酝酿什么新的人生计划,Activity,1,0,[+Durative],[+Dynamic]
酝酿响应支援,Activity,1,0,[+Durative],[+Dynamic]
酝酿新的斗争,Activity,1,0,[+Durative],[+Dynamic]
酝酿一次朝鲜式的战争,Activity,0,1,[+Durative],[+Dynamic]
酝酿一个政治解决的方案,Activity,0,1,[+Durative],[+Dynamic]
酝酿一系列贸易保护法案,Activity,1,0,[+Durative],[+Dynamic]
酝酿战争,Activity,1,0,[+Durative],[+Dynamic]
酝酿支援惨遭火灾的工人的斗争,Activity,1,0,[+Durative],[+Dynamic]
酝酿转向经营,Activity,1,0,[+Durative],[+Dynamic]
砸石头,Activity,1,0,[+Durative],[+Dynamic]
砸她的锅,Activity,1,0,[+Durative],[+Dynamic]
砸一柄剑,Activity,0,1,[+Durative],[+Dynamic]
栽红薯,Activity,1,0,[+Durative],[+Dynamic]
尽一切必要的努力,Activity,1,0,[+Durative],[+Dynamic]
赞美他,Activity,1,0,[+Durative],[+Dynamic]
赞美她的容貌,Activity,1,0,[+Durative],[+Dynamic]
糟蹋老百姓,Activity,1,0,[+Durative],[+Dynamic]
造饭,Activity,0,1,[+Durative],[+Dynamic]
造谣,Activity,2,0,[+Durative],[+Dynamic]
责备他,Activity,2,0,[+Durative],[+Dynamic]
责备他怕死,Activity,1,0,[+Durative],[+Dynamic]
责备她,Activity,1,0,[+Durative],[+Dynamic]
责备她底心爱的孩子,Activity,1,0,[+Durative],[+Dynamic]
责备她那次不该挺身而出,Activity,1,0,[+Durative],[+Dynamic]
责备我,Activity,2,0,[+Durative],[+Dynamic]
责备兄弟,Activity,1,0,[+Durative],[+Dynamic]
责备燕西,Activity,4,0,[+Durative],[+Dynamic]
责备丈夫,Activity,1,0,[+Durative],[+Dynamic]
责备自己,Activity,2,0,[+Durative],[+Dynamic]
责备自己的失职,Activity,0,1,[+Durative],[+Dynamic]
忧虑,State,4,0,[+Durative],[-Dynamic]
增加,Transition,42,7,[+Durative],[+Dynamic]
增加大家的风险,Transition,1,0,[+Durative],[+Dynamic]
增加防御能力,Transition,0,1,[+Durative],[+Dynamic]
增加军备,Transition,1,0,[+Durative],[+Dynamic]
增加收入节省开支,Transition,1,0,[+Durative],[+Dynamic]
增加新的混乱,Transition,1,0,[+Durative],[+Dynamic]
增长,Activity,31,7,[+Durative],[+Dynamic]
增长还是放缓,Activity,1,0,[+Durative],[+Dynamic]
增长和巩固,Activity,0,1,[+Durative],[+Dynamic]
增长和加强,Activity,0,1,[+Durative],[+Dynamic]
扎大红花,Activity,1,0,[+Durative],[+Dynamic]
扎花,Activity,1,0,[+Durative],[+Dynamic]
扎皮带,Activity,0,1,[+Durative],[+Dynamic]
炸卡赛,Activity,0,1,[+Durative],[+Dynamic]
炸我们,Activity,0,1,[+Durative],[+Dynamic]
粘贴邮票,Activity,0,1,[+Durative],[+Dynamic]
展开,Transition,0,14,[-Durative],[+Dynamic]
展开不屈不挠的斗争,Transition,0,1,[-Durative],[+Dynamic]
展开大规模的销售,Transition,0,1,[-Durative],[+Dynamic]
展开调查,Transition,0,2,[-Durative],[+Dynamic]
展开斗争,Transition,0,1,[-Durative],[+Dynamic]
展开攻势机动灵活消灭敌人,Transition,0,1,[-Durative],[+Dynamic]
展开广泛的讨论来总结经验,Transition,0,1,[-Durative],[+Dynamic]
展开活动,Transition,0,1,[-Durative],[+Dynamic]
展开机动作战,Transition,1,0,[-Durative],[+Dynamic]
展开剧烈斗争,Transition,1,0,[-Durative],[+Dynamic]
展开抗震救灾工作,Transition,0,1,[-Durative],[+Dynamic]
展开免费培训活动,Transition,1,0,[-Durative],[+Dynamic]
展开募捐运动,Transition,0,1,[-Durative],[+Dynamic]
展开全面节约工作,Transition,0,1,[-Durative],[+Dynamic]
展览,Activity,0,1,[+Durative],[+Dynamic]
战斗,Activity,19,1,[+Durative],[+Dynamic]
战斗得火热,Transition,0,1,[-Durative],[+Dynamic]
张望,Activity,3,4,[+Durative],[+Dynamic]
长,Activity,2,1,[+Durative],[+Dynamic]
长出来,Transition,0,1,[+Durative],[+Dynamic]
长高,Activity,1,0,[+Durative],[+Dynamic]
长劲,Activity,2,0,[+Durative],[+Dynamic]
长毛,Activity,1,0,[+Durative],[+Dynamic]
长身体,Activity,0,2,[+Durative],[+Dynamic]
掌握广大农民,Activity,0,1,[+Durative],[+Dynamic]
掌握这一庞大的信息系统,Activity,1,0,[+Durative],[+Dynamic]
招打扫卫生的大妈,Activity,1,0,[+Durative],[+Dynamic]
招待客,Activity,2,0,[+Durative],[+Dynamic]
招待客人,Activity,1,0,[+Durative],[+Dynamic]
招待一桌来自上海的客人,Activity,0,1,[+Durative],[+Dynamic]
招呼,Activity,1,0,[+Durative],[+Dynamic]
招呼辅导员,Activity,1,0,[+Durative],[+Dynamic]
招呼你,Activity,2,0,[+Durative],[+Dynamic]
招呼他,Activity,2,1,[+Durative],[+Dynamic]
招呼她,Activity,1,0,[+Durative],[+Dynamic]
招呼我,Activity,1,0,[+Durative],[+Dynamic]
招呼自己,Activity,1,0,[+Durative],[+Dynamic]
招手,Activity,12,4,[+Durative],[+Dynamic]
招我,Activity,1,0,[+Durative],[+Dynamic]
招洗头工,Activity,0,2,[+Durative],[+Dynamic]
找,Activity,5,1,[+Durative],[+Dynamic]
找‘静老师’,Activity,1,0,[+Durative],[+Dynamic]
找错误,Activity,1,0,[+Durative],[+Dynamic]
找到宿命的借口,Activity,1,0,[+Durative],[+Dynamic]
找典型,Activity,0,1,[+Durative],[+Dynamic]
找东西,Activity,1,0,[+Durative],[+Dynamic]
找东西吃,Activity,1,0,[+Durative],[+Dynamic]
找方法让别人懂他,Activity,1,0,[+Durative],[+Dynamic]
找方向,Activity,1,0,[+Durative],[+Dynamic]
找房,Activity,1,0,[+Durative],[+Dynamic]
找房子,Activity,1,0,[+Durative],[+Dynamic]
找父亲,Activity,1,0,[+Durative],[+Dynamic]
找工作,Activity,2,1,[+Durative],[+Dynamic]
找回平衡,Transition,0,1,[+Durative],[+Dynamic]
找机会想与陈家鹄聊聊天,Activity,1,0,[+Durative],[+Dynamic]
找机会由沙哈拉威（意思就是沙漠里的居民）带我一路经过大漠到西非去,Activity,0,1,[+Durative],[+Dynamic]
找酒喝,Activity,1,0,[+Durative],[+Dynamic]
找梁英,Activity,1,0,[+Durative],[+Dynamic]
找矛盾,Activity,1,0,[+Durative],[+Dynamic]
找帽子,Activity,2,0,[+Durative],[+Dynamic]
找弥补的招,Activity,1,0,[+Durative],[+Dynamic]
找摸,Activity,1,0,[+Durative],[+Dynamic]
找墓地,Activity,1,0,[+Durative],[+Dynamic]
找你,Activity,9,1,[+Durative],[+Dynamic]
找你们,Activity,1,0,[+Durative],[+Dynamic]
找破译师,Activity,1,0,[+Durative],[+Dynamic]
找人,Activity,3,0,[+Durative],[+Dynamic]
找人办一份关于书籍的杂志,Activity,0,1,[+Durative],[+Dynamic]
找什么,Activity,4,0,[+Durative],[+Dynamic]
找什么东西,Activity,1,0,[+Durative],[+Dynamic]
找什么人家,Activity,1,0,[+Durative],[+Dynamic]
找他,Activity,5,1,[+Durative],[+Dynamic]
找他们,Activity,0,1,[+Durative],[+Dynamic]
找他谈话,Activity,1,0,[+Durative],[+Dynamic]
找她,Activity,2,0,[+Durative],[+Dynamic]
找她自己的影子,Activity,1,0,[+Durative],[+Dynamic]
找特别顾问商量,Activity,0,1,[+Durative],[+Dynamic]
找王琦瑶,Activity,1,0,[+Durative],[+Dynamic]
找我,Activity,1,1,[+Durative],[+Dynamic]
找我们的党,Activity,1,0,[+Durative],[+Dynamic]
找洗手间,Activity,1,0,[+Durative],[+Dynamic]
找寻俘虏,Activity,1,0,[+Durative],[+Dynamic]
找寻另外一个人,Activity,1,0,[+Durative],[+Dynamic]
找寻陆校长,Activity,0,1,[+Durative],[+Dynamic]
找寻什么,Activity,2,0,[+Durative],[+Dynamic]
找寻什么线索,Activity,1,0,[+Durative],[+Dynamic]
找寻他,Activity,1,0,[+Durative],[+Dynamic]
找一个好的销路和稳定的销售渠道,Activity,1,0,[+Durative],[+Dynamic]
找一种感觉,Activity,1,0,[+Durative],[+Dynamic]
找这块牌子,Activity,1,0,[+Durative],[+Dynamic]
召开,Activity,0,3,[+Durative],[+Dynamic]
召开华北电信会议,Activity,0,1,[+Durative],[+Dynamic]
召开全县三级干部会议,Activity,0,1,[+Durative],[+Dynamic]
召开团代会和学代会,Activity,0,1,[+Durative],[+Dynamic]
召开支委会,Activity,0,1,[+Durative],[+Dynamic]
照顾她,Activity,1,0,[+Durative],[+Dynamic]
照顾媳妇生孩子,Activity,0,1,[+Durative],[+Dynamic]
照顾志刚,Activity,1,0,[+Durative],[+Dynamic]
照镜子,Activity,1,0,[+Durative],[+Dynamic]
折磨胡浩,Activity,1,0,[+Durative],[+Dynamic]
折磨他,Activity,3,0,[+Durative],[+Dynamic]
折磨她,Activity,1,0,[+Durative],[+Dynamic]
折磨我,Activity,1,0,[+Durative],[+Dynamic]
折腾,Activity,1,0,[+Durative],[+Dynamic]
怎样虐待马来亚人民和华侨,State,0,1,[+Durative],[-Dynamic]
着急,State,0,1,[+Durative],[-Dynamic]
镇压阿富汗人,Activity,0,1,[+Durative],[+Dynamic]
镇压刚果人民,Activity,1,0,[+Durative],[+Dynamic]
争,Activity,1,0,[+Durative],[+Dynamic]
争吵,Activity,2,3,[+Durative],[+Dynamic]
争吵轿价,Activity,1,0,[+Durative],[+Dynamic]
争夺“话语权”,Activity,1,0,[+Durative],[+Dynamic]
争夺地盘,Activity,1,0,[+Durative],[+Dynamic]
争夺矿产资源,Activity,1,0,[+Durative],[+Dynamic]
争夺市场,Activity,1,0,[+Durative],[+Dynamic]
争夺这几秒,Activity,1,0,[+Durative],[+Dynamic]
争夺中原,Activity,1,0,[+Durative],[+Dynamic]
争论,Activity,7,2,[+Durative],[+Dynamic]
争论巩俐和刘晓庆到底谁更漂亮,Activity,1,0,[+Durative],[+Dynamic]
争论究竟那种正确,Activity,1,0,[+Durative],[+Dynamic]
争论你是否该进NBA,Activity,1,0,[+Durative],[+Dynamic]
争论一件事情,Activity,1,0,[+Durative],[+Dynamic]
争抢鱼食,Activity,1,0,[+Durative],[+Dynamic]
争取,Activity,1,1,[+Durative],[+Dynamic]
争取喘息机会,Activity,1,0,[+Durative],[+Dynamic]
争取喘息时间,Activity,0,1,[+Durative],[+Dynamic]
争取和平,Activity,1,0,[+Durative],[+Dynamic]
争取和平解放台湾,Activity,0,1,[+Durative],[+Dynamic]
争取尽力改进和精简国家机关以及保证最严格地遵守法制,Activity,1,0,[+Durative],[+Dynamic]
争取进步联盟,Activity,1,0,[+Durative],[+Dynamic]
争取美好的前程,Activity,1,0,[+Durative],[+Dynamic]
争取民族解放和阶级解放,Activity,1,0,[+Durative],[+Dynamic]
争取入党,Activity,0,1,[+Durative],[+Dynamic]
争取申请国家项目的试点,Activity,0,1,[+Durative],[+Dynamic]
争取提前和超额完成第一个五年计划,Activity,1,0,[+Durative],[+Dynamic]
争取在雨季之前稳定地控制全柬埔寨,Activity,0,1,[+Durative],[+Dynamic]
争议研究与证明和直觉式的“知道”,Activity,1,0,[+Durative],[+Dynamic]
征求会员,Activity,0,1,[+Durative],[+Dynamic]
征求意见,Activity,2,0,[+Durative],[+Dynamic]
征求有关部门和各地区的意见,Activity,0,1,[+Durative],[+Dynamic]
挣扎,Activity,24,4,[+Durative],[+Dynamic]
挣扎出来,Activity,0,1,[+Durative],[+Dynamic]
挣扎于问题丛脞中,Activity,0,1,[+Durative],[+Dynamic]
蒸蛋,Activity,0,1,[+Durative],[+Dynamic]
蒸发出来,Transition,0,1,[+Durative],[+Dynamic]
蒸干粮,Activity,0,1,[+Durative],[+Dynamic]
蒸馍,Activity,0,1,[+Durative],[+Dynamic]
蒸气,Activity,1,0,[+Durative],[+Dynamic]
蒸桑拿,Activity,1,0,[+Durative],[+Dynamic]
整顿地方武装,Activity,0,1,[+Durative],[+Dynamic]
整顿秩序,Activity,0,1,[+Durative],[+Dynamic]
整理,Activity,1,0,[+Durative],[+Dynamic]
整理、分析今年的小麦资料,Activity,0,1,[+Durative],[+Dynamic]
整理被搞乱的本册信笺,Activity,1,0,[+Durative],[+Dynamic]
整理冰箱,Activity,1,0,[+Durative],[+Dynamic]
整理财政,Activity,1,0,[+Durative],[+Dynamic]
整理救护箱,Activity,0,1,[+Durative],[+Dynamic]
整理你的东西,Activity,1,0,[+Durative],[+Dynamic]
整理瓶口几枝山茶的红花绿叶,Activity,1,0,[+Durative],[+Dynamic]
整理她的书桌,Activity,1,0,[+Durative],[+Dynamic]
整理厅堂,Activity,0,1,[+Durative],[+Dynamic]
整理文件,Activity,1,0,[+Durative],[+Dynamic]
整理我的小说,Activity,1,0,[+Durative],[+Dynamic]
整理箱子,Activity,0,1,[+Durative],[+Dynamic]
整理向大会提交的提案,Activity,1,0,[+Durative],[+Dynamic]
整理徐志摩的遗作,Activity,0,1,[+Durative],[+Dynamic]
整理研究我国已故的杰出京剧表演艺术家周信芳和盖叫天在长期的艺术实践中各自形成的麒派和盖派表演艺术,Activity,0,1,[+Durative],[+Dynamic]
整理遗体,Activity,1,0,[+Durative],[+Dynamic]
整理自己的头发,Activity,0,1,[+Durative],[+Dynamic]
利用柬埔寨叛乱分子,Activity,0,1,[+Durative],[+Dynamic]
支持埃及人民为要求英法侵略军队撤出埃及领土和尊重埃及在苏伊士运河的主权而进行的正义斗争,Activity,0,1,[+Durative],[+Dynamic]
支持国家发挥它的潜力,Activity,1,0,[+Durative],[+Dynamic]
支持叛军垂死挣扎,Activity,1,0,[+Durative],[+Dynamic]
支持叛乱分子,Activity,0,1,[+Durative],[+Dynamic]
支持他,Activity,1,0,[+Durative],[+Dynamic]
支持他们,Activity,1,0,[+Durative],[+Dynamic]
着想,State,1,0,[+Durative],[-Dynamic]
支配,State,1,0,[+Durative],[-Dynamic]
织鱼网,Activity,1,0,[+Durative],[+Dynamic]
执行,Activity,1,1,[+Durative],[+Dynamic]
执行跟踪,Activity,0,1,[+Durative],[+Dynamic]
执行解放军的命令,Activity,0,1,[+Durative],[+Dynamic]
执行命令,Activity,1,1,[+Durative],[+Dynamic]
执行某种任务不能按时退伍,Activity,0,1,[+Durative],[+Dynamic]
执行潜伏任务,Activity,0,1,[+Durative],[+Dynamic]
执行所司,Activity,1,0,[+Durative],[+Dynamic]
执行一项保密任务,Activity,0,1,[+Durative],[+Dynamic]
执行一项长期计划,Activity,0,1,[+Durative],[+Dynamic]
执行这个恶毒阴谋,Activity,1,0,[+Durative],[+Dynamic]
执行这任务,Activity,0,1,[+Durative],[+Dynamic]
指导纪检监察工作,Activity,0,1,[+Durative],[+Dynamic]
指导艰苦的战斗,Activity,0,1,[+Durative],[+Dynamic]
指导试点企业有序实施,Activity,0,1,[+Durative],[+Dynamic]
指导乡人,Activity,1,0,[+Durative],[+Dynamic]
指导自己的思想、学习和工作,Activity,1,0,[+Durative],[+Dynamic]
指挥,Activity,5,0,[+Durative],[+Dynamic]
指挥捕食和逃跑,Activity,1,0,[+Durative],[+Dynamic]
指挥操练,Activity,0,1,[+Durative],[+Dynamic]
指挥操演阵法,Activity,0,1,[+Durative],[+Dynamic]
指挥操纵,Activity,1,0,[+Durative],[+Dynamic]
指挥攻击,Activity,0,1,[+Durative],[+Dynamic]
指挥几个人一起抢抄一份“险报”,Activity,1,0,[+Durative],[+Dynamic]
指挥开炮,Activity,0,1,[+Durative],[+Dynamic]
指挥排除第八、九号墩子底下的定时炸弹，,Activity,0,1,[+Durative],[+Dynamic]
指挥骑兵变化队形,Activity,0,1,[+Durative],[+Dynamic]
指挥同学们演出,Activity,1,0,[+Durative],[+Dynamic]
指挥土匪,Activity,1,0,[+Durative],[+Dynamic]
指挥我们战斗、学习,Activity,1,0,[+Durative],[+Dynamic]
指挥越南部队侵略柬埔寨,Activity,1,0,[+Durative],[+Dynamic]
指挥作战的光景,Activity,1,0,[+Durative],[+Dynamic]
指路,Activity,0,1,[+Durative],[+Dynamic]
知道特鲁多总裁是带着一张大得吓人的订单而,State,1,0,[+Durative],[-Dynamic]
指维德,Activity,1,0,[+Durative],[+Dynamic]
制定,Activity,0,2,[+Durative],[+Dynamic]
制定从现在到一九八五年的全国哲学社会科学发展规划,Activity,0,1,[+Durative],[+Dynamic]
制定发展埃及经济的计划,Activity,0,1,[+Durative],[+Dynamic]
制定发展太空技术的计划,Activity,0,1,[+Durative],[+Dynamic]
制定法令,Activity,0,1,[+Durative],[+Dynamic]
制定工作规划,Activity,0,1,[+Durative],[+Dynamic]
制定全方位的水果市场开拓战略规划,Activity,0,1,[+Durative],[+Dynamic]
制定我国国民经济和社会发展的跨世纪蓝图,Activity,0,1,[+Durative],[+Dynamic]
制定相关法规,Activity,0,1,[+Durative],[+Dynamic]
制定行业准入条件,Activity,0,1,[+Durative],[+Dynamic]
制定一个新的经济计划,Activity,0,1,[+Durative],[+Dynamic]
制定预算,Activity,1,0,[+Durative],[+Dynamic]
制定资本主义欧洲的政策,Activity,1,0,[+Durative],[+Dynamic]
制造,Activity,1,2,[+Durative],[+Dynamic]
制造第十台三十三万千瓦汽轮发电机,Activity,0,1,[+Durative],[+Dynamic]
制造法律,Activity,1,0,[+Durative],[+Dynamic]
制造分裂,Activity,1,0,[+Durative],[+Dynamic]
制造各种计划,Activity,0,1,[+Durative],[+Dynamic]
制造核武器,Activity,0,1,[+Durative],[+Dynamic]
制造紧张气氛,Activity,1,0,[+Durative],[+Dynamic]
制造口实,Activity,0,1,[+Durative],[+Dynamic]
制造逆流,Activity,1,0,[+Durative],[+Dynamic]
制造战争,Activity,1,0,[+Durative],[+Dynamic]
制造障碍,Activity,2,0,[+Durative],[+Dynamic]
治,Activity,1,1,[+Durative],[+Dynamic]
治病,Activity,1,0,[+Durative],[+Dynamic]
治疗,Activity,0,2,[+Durative],[+Dynamic]
种,Activity,1,0,[+Durative],[+Dynamic]
种好小麦,Activity,0,1,[+Durative],[+Dynamic]
重复过去当苏联同南斯拉夫关系不好的时候曾经风行一时的那些对苏联的攻击,Activity,1,0,[+Durative],[+Dynamic]
主持,Activity,1,0,[+Durative],[+Dynamic]
主持工厂,Activity,1,0,[+Durative],[+Dynamic]
主持一个大国元首的欢迎仪式,Activity,0,1,[+Durative],[+Dynamic]
煮饭,Activity,1,1,[+Durative],[+Dynamic]
嘱咐他,Activity,1,0,[+Durative],[+Dynamic]
嘱咐她“一失足成千古恨”,Activity,1,0,[+Durative],[+Dynamic]
住,Activity,1,0,[+Durative],[+Dynamic]
住院,Activity,4,0,[+Durative],[+Dynamic]
注视什么,Activity,1,0,[+Durative],[+Dynamic]
注视他、支持他、期待他、鞭策他,Activity,1,0,[+Durative],[+Dynamic]
注视他的衣袋,Activity,0,1,[+Durative],[+Dynamic]
注视她,Activity,1,0,[+Durative],[+Dynamic]
注视我与叮噹,Activity,1,0,[+Durative],[+Dynamic]
注视远远的什么东西,Activity,1,0,[+Durative],[+Dynamic]
注视这次新民主主义青年团成立大会的经过与结果,Activity,1,0,[+Durative],[+Dynamic]
注意解决,Activity,1,0,[+Durative],[+Dynamic]
注意老齐,Activity,1,0,[+Durative],[+Dynamic]
注意他,Activity,3,0,[+Durative],[+Dynamic]
注意我们,Activity,1,0,[+Durative],[+Dynamic]
注意这次火山爆发会不会诱发地震和大喷火,Activity,0,1,[+Durative],[+Dynamic]
注意这种具体的组织工作,Activity,0,1,[+Durative],[+Dynamic]
祝贺乔迁之喜,Activity,0,1,[+Durative],[+Dynamic]
抓,Activity,1,0,[+Durative],[+Dynamic]
抓车,Activity,0,1,[+Durative],[+Dynamic]
抓经济建设,Activity,0,1,[+Durative],[+Dynamic]
抓内贼,Activity,1,0,[+Durative],[+Dynamic]
抓全社抗旱救灾的问题,Activity,0,1,[+Durative],[+Dynamic]
抓人,Activity,2,1,[+Durative],[+Dynamic]
抓他的心,Activity,1,0,[+Durative],[+Dynamic]
抓她,Activity,1,0,[+Durative],[+Dynamic]
抓鱼,Activity,0,1,[+Durative],[+Dynamic]
转,Activity,8,0,[+Durative],[+Dynamic]
转啊转,Activity,1,0,[+Durative],[+Dynamic]
转变,Transition,2,3,[+Durative],[+Dynamic]
转变机制、深化改革,Transition,0,1,[+Durative],[+Dynamic]
转变经济生活,Transition,0,1,[+Durative],[+Dynamic]
转变为创新生态环境的竞争,Transition,0,1,[+Durative],[+Dynamic]
转化为激昂高亢的精神力量,Transition,0,1,[+Durative],[+Dynamic]
转化为治理效能,Transition,0,1,[+Durative],[+Dynamic]
转圈,Activity,1,0,[+Durative],[+Dynamic]
转入防御,Transition,0,1,[+Durative],[+Dynamic]
转入战略反攻,Transition,0,1,[+Durative],[+Dynamic]
转身,Activity,0,2,[+Durative],[+Dynamic]
转甚么顽皮的念头,Activity,1,0,[+Durative],[+Dynamic]
转弯,Activity,4,0,[+Durative],[+Dynamic]
转些什么念头,Activity,1,0,[+Durative],[+Dynamic]
转移,Activity,2,0,[+Durative],[+Dynamic]
转移到亚洲,Transition,0,1,[+Durative],[+Dynamic]
转移营地,Activity,0,1,[+Durative],[+Dynamic]
赚钱,Activity,3,0,[+Durative],[+Dynamic]
装病,Activity,1,0,[+Durative],[+Dynamic]
装菜蔬上船,Activity,1,0,[+Durative],[+Dynamic]
装货,Activity,1,1,[+Durative],[+Dynamic]
装傻,State,1,0,[+Durative],[-Dynamic]
装树木,Activity,0,1,[+Durative],[+Dynamic]
装蒜,State,1,0,[+Durative],[-Dynamic]
装运上船,Activity,0,1,[+Durative],[+Dynamic]
撞我,Activity,1,0,[+Durative],[+Dynamic]
追赶,Activity,5,5,[+Durative],[+Dynamic]
追赶“申花”,Activity,0,1,[+Durative],[+Dynamic]
追赶世界,Activity,0,1,[+Durative],[+Dynamic]
追赶他,Activity,1,0,[+Durative],[+Dynamic]
追赶一只雪白雪白的像鸽子那样大的一只小鸟,Activity,0,1,[+Durative],[+Dynamic]
追你,Activity,4,0,[+Durative],[+Dynamic]
追求,Activity,2,0,[+Durative],[+Dynamic]
追求‘效用最小化’,Activity,1,0,[+Durative],[+Dynamic]
追求另一种境界,Activity,1,0,[+Durative],[+Dynamic]
追求美和善,Activity,1,0,[+Durative],[+Dynamic]
追求你,Activity,1,0,[+Durative],[+Dynamic]
追求他们黑甜乡的滋味,Activity,1,0,[+Durative],[+Dynamic]
追求我,Activity,1,0,[+Durative],[+Dynamic]
追求新的战争,Activity,0,1,[+Durative],[+Dynamic]
追求一个人,Activity,0,1,[+Durative],[+Dynamic]
追求一种高质量的生活,Activity,1,0,[+Durative],[+Dynamic]
追求一种与歌词的意境相吻合的表达方式,Activity,1,0,[+Durative],[+Dynamic]
追求这个姑娘,Activity,1,0,[+Durative],[+Dynamic]
追求自由,Activity,1,0,[+Durative],[+Dynamic]
追他,Activity,1,0,[+Durative],[+Dynamic]
追他们,Activity,0,1,[+Durative],[+Dynamic]
追她,Activity,2,0,[+Durative],[+Dynamic]
追我,Activity,1,0,[+Durative],[+Dynamic]
准备,Activity,4,1,[+Durative],[+Dynamic]
准备“行灶”和丝车,Activity,1,0,[+Durative],[+Dynamic]
准备把飞机也运送回台湾去,Activity,0,1,[+Durative],[+Dynamic]
准备把过去张正典的一些活动来质问他,Activity,0,1,[+Durative],[+Dynamic]
准备搬家,Activity,1,0,[+Durative],[+Dynamic]
准备表示自己同中国人民亲密无间、休戚与共的关系,Activity,1,0,[+Durative],[+Dynamic]
准备材料,Activity,0,1,[+Durative],[+Dynamic]
准备参加第三十五届世界乒乓球赛,Activity,0,1,[+Durative],[+Dynamic]
准备参加支委会,Activity,1,0,[+Durative],[+Dynamic]
准备春耕,Activity,1,1,[+Durative],[+Dynamic]
准备大选,Activity,1,0,[+Durative],[+Dynamic]
准备当天晚上的晚会,Activity,0,1,[+Durative],[+Dynamic]
准备抵抗日本,Activity,0,1,[+Durative],[+Dynamic]
准备对冲向岸边的鬼子进行抵抗,Activity,1,0,[+Durative],[+Dynamic]
准备对古巴共和国发动一次新的军事进攻,Activity,0,1,[+Durative],[+Dynamic]
准备发言,Activity,0,1,[+Durative],[+Dynamic]
准备高考,Activity,1,0,[+Durative],[+Dynamic]
准备跟中国作战,Activity,0,1,[+Durative],[+Dynamic]
准备和王治郅的解放军队比赛,Activity,0,1,[+Durative],[+Dynamic]
准备后事,Activity,1,0,[+Durative],[+Dynamic]
准备互相开撕战,Activity,1,0,[+Durative],[+Dynamic]
准备婚礼,Activity,0,1,[+Durative],[+Dynamic]
准备纪念攻打蒙卡达兵营九周年的活动,Activity,0,1,[+Durative],[+Dynamic]
准备继续听他的朗诵,Activity,1,0,[+Durative],[+Dynamic]
准备将水分配到更需要的村子去,Activity,0,1,[+Durative],[+Dynamic]
准备接班,Activity,1,0,[+Durative],[+Dynamic]
准备进攻上海,Activity,1,0,[+Durative],[+Dynamic]
准备进行片面选举,Activity,0,1,[+Durative],[+Dynamic]
准备进一步广泛展开对北极的科学考察工作,Activity,0,1,[+Durative],[+Dynamic]
准备开农民大会,Activity,1,0,[+Durative],[+Dynamic]
准备扩大,Activity,0,1,[+Durative],[+Dynamic]
准备离开大桥区,Activity,0,1,[+Durative],[+Dynamic]
准备炼一炉合金钢,Activity,0,1,[+Durative],[+Dynamic]
准备隆重欢迎国宾,Activity,0,1,[+Durative],[+Dynamic]
准备卖企业,Activity,1,0,[+Durative],[+Dynamic]
准备密码本子,Activity,0,1,[+Durative],[+Dynamic]
准备灭亡的条件,Activity,1,0,[+Durative],[+Dynamic]
准备泡茶,Activity,1,0,[+Durative],[+Dynamic]
准备迁往香港等地,Activity,0,1,[+Durative],[+Dynamic]
准备热烈欢迎大平首相一行访问,Activity,0,1,[+Durative],[+Dynamic]
准备上床睡觉,Activity,0,1,[+Durative],[+Dynamic]
准备盛大酒宴,Activity,1,0,[+Durative],[+Dynamic]
准备收割,Activity,1,0,[+Durative],[+Dynamic]
准备树苗和树籽,Activity,0,1,[+Durative],[+Dynamic]
准备送给斯大林的礼物,Activity,0,1,[+Durative],[+Dynamic]
准备送给她的生日礼物,Activity,2,0,[+Durative],[+Dynamic]
准备投降,Activity,0,1,[+Durative],[+Dynamic]
准备为其父办七十大寿,Activity,0,1,[+Durative],[+Dynamic]
准备为中国生产三十三万千瓦的气轮发电机和三套生产水泥的设备,Activity,0,1,[+Durative],[+Dynamic]
准备下一年再考,Activity,0,1,[+Durative],[+Dynamic]
准备写,Activity,1,0,[+Durative],[+Dynamic]
准备行动,Activity,0,1,[+Durative],[+Dynamic]
准备行装,Activity,0,1,[+Durative],[+Dynamic]
准备选村长,Activity,0,1,[+Durative],[+Dynamic]
准备一个内容丰富的展览会,Activity,0,1,[+Durative],[+Dynamic]
"准备一吐他们的
离情别绪",Activity,1,0,[+Durative],[+Dynamic]
准备以新的成就来庆祝斯大林的七十诞辰,Activity,0,1,[+Durative],[+Dynamic]
准备与苏联合作,Activity,1,0,[+Durative],[+Dynamic]
准备再次开火射击,Activity,0,1,[+Durative],[+Dynamic]
准备再来一个一百辆车运动,Activity,0,1,[+Durative],[+Dynamic]
准备在港开设,Activity,0,1,[+Durative],[+Dynamic]
准备战斗,Activity,0,1,[+Durative],[+Dynamic]
准备战争,Activity,0,1,[+Durative],[+Dynamic]
准备召开,Activity,0,1,[+Durative],[+Dynamic]
准备这一进攻,Activity,1,0,[+Durative],[+Dynamic]
准备争夺世锦赛冠军,Activity,0,1,[+Durative],[+Dynamic]
准备重建架构,Activity,0,1,[+Durative],[+Dynamic]
准备祝贺斯大林七十大寿的礼物,Activity,0,1,[+Durative],[+Dynamic]
准备最终的一战,Activity,1,0,[+Durative],[+Dynamic]
捉迷藏,Activity,3,0,[+Durative],[+Dynamic]
捉虱,Activity,1,0,[+Durative],[+Dynamic]
总结检验,Activity,1,0,[+Durative],[+Dynamic]
总结今年抗旱斗争的经验,Activity,0,1,[+Durative],[+Dynamic]
总结开放市场销售水泥的经验,Activity,0,1,[+Durative],[+Dynamic]
总结武汉市的初步经验制订规划,Activity,0,1,[+Durative],[+Dynamic]
总结正反两方面的实践经验,Activity,1,0,[+Durative],[+Dynamic]
走,Activity,29,6,[+Durative],[+Dynamic]
走出地震的阴影,Transition,0,1,[+Durative],[+Dynamic]
走出来,Transition,0,1,[+Durative],[+Dynamic]
走出粮食供应丰富期,Transition,0,1,[+Durative],[+Dynamic]
走出一条计划生育的行政管理与群众工作相结合，人口与经济、社会、环境、资源协调发展的新路子,Transition,0,1,[+Durative],[+Dynamic]
走到另一个相同的时代,Transition,1,0,[+Durative],[+Dynamic]
走过场,Activity,1,0,[+Durative],[+Dynamic]
走过来,Transition,0,1,[+Durative],[+Dynamic]
走黑运,Activity,1,0,[+Durative],[+Dynamic]
走进普通人的日常生活,Transition,0,1,[+Durative],[+Dynamic]
走路,Activity,3,4,[+Durative],[+Dynamic]
走路，放羊,Activity,1,0,[+Durative],[+Dynamic]
走平衡木,Activity,1,0,[+Durative],[+Dynamic]
走签字流程,Activity,0,1,[+Durative],[+Dynamic]
走全盘西化的路,Activity,1,0,[+Durative],[+Dynamic]
走入百姓家,Transition,0,1,[+Durative],[+Dynamic]
走商业化道路,Activity,1,0,[+Durative],[+Dynamic]
走上国家建设工作岗位,Transition,0,1,[+Durative],[+Dynamic]
走上具有自己特色的发展道路,Transition,0,1,[+Durative],[+Dynamic]
走上主席台,Transition,0,1,[+Durative],[+Dynamic]
走我的路,Activity,1,0,[+Durative],[+Dynamic]
走希特勒的老路,Activity,0,1,[+Durative],[+Dynamic]
走希特勒侵略老路,Activity,0,1,[+Durative],[+Dynamic]
走下坡路,Activity,2,1,[+Durative],[+Dynamic]
走自己的必由之路,Activity,1,0,[+Durative],[+Dynamic]
组织编辑出版《李大钊文集》,Activity,0,1,[+Durative],[+Dynamic]
组织部队有秩序地迅速撤离工地,Activity,0,1,[+Durative],[+Dynamic]
组织定县二区保卫团区分队的武装哗变,Activity,0,1,[+Durative],[+Dynamic]
组织放生,Activity,1,0,[+Durative],[+Dynamic]
组织和不结盟运动,Activity,0,1,[+Durative],[+Dynamic]
组织火力,Activity,0,1,[+Durative],[+Dynamic]
组织力量,Activity,0,1,[+Durative],[+Dynamic]
组织年文物保护方案的报批等工作,Activity,0,1,[+Durative],[+Dynamic]
组织群众,Activity,1,0,[+Durative],[+Dynamic]
组织群众往山里撤,Activity,0,1,[+Durative],[+Dynamic]
组织实施,Activity,0,1,[+Durative],[+Dynamic]
组织实施年度调水工作,Activity,0,1,[+Durative],[+Dynamic]
组织一个军方和科技界的联席会议,Activity,0,1,[+Durative],[+Dynamic]
组织有关方面认真总结前几年改革的经验教训,Activity,0,1,[+Durative],[+Dynamic]
组装电台,Activity,1,0,[+Durative],[+Dynamic]
钻,Activity,1,0,[+Durative],[+Dynamic]
钻进炸弹坑里去,Transition,0,1,[+Durative],[+Dynamic]
钻研,Activity,0,1,[+Durative],[+Dynamic]
钻研改进他的许多杰出的节目,Activity,1,0,[+Durative],[+Dynamic]
遵守核查协议,Activity,0,1,[+Durative],[+Dynamic]
遵守配额,Activity,1,0,[+Durative],[+Dynamic]
琢磨,Activity,3,0,[+Durative],[+Dynamic]
琢磨对“抡花”的技巧和装置作些改进,Activity,0,1,[+Durative],[+Dynamic]
琢磨黄鼬铡,Activity,0,1,[+Durative],[+Dynamic]
琢磨会上那几个同志的发言,Activity,1,0,[+Durative],[+Dynamic]
琢磨连长的这个指示,Activity,0,1,[+Durative],[+Dynamic]
琢磨欧阳海刚才讲的这几句话,Activity,1,0,[+Durative],[+Dynamic]
琢磨如何驱鬼,Activity,1,0,[+Durative],[+Dynamic]
琢磨它们的意义,Activity,0,1,[+Durative],[+Dynamic]
琢磨通讯员这话,Activity,0,1,[+Durative],[+Dynamic]
琢磨魏武跃刚才介绍的这些情况,Activity,1,0,[+Durative],[+Dynamic]
琢磨养猪的事,Activity,1,0,[+Durative],[+Dynamic]
琢磨夜间瞄准的要领,Activity,1,0,[+Durative],[+Dynamic]
琢磨一个问题,Activity,1,0,[+Durative],[+Dynamic]
琢磨怎么表白,Activity,1,0,[+Durative],[+Dynamic]
琢磨怎么做才能将诚信教育自然而然地融入助学贷款业务流程,Activity,1,0,[+Durative],[+Dynamic]
琢磨这个“冲”字,Activity,1,0,[+Durative],[+Dynamic]
琢磨这个事情,Activity,1,0,[+Durative],[+Dynamic]
琢磨周虎山这后半句话的意思,Activity,1,0,[+Durative],[+Dynamic]
"作
长足的进展",Activity,0,1,[+Durative],[+Dynamic]
作“官样文章”,Activity,1,0,[+Durative],[+Dynamic]
作案,Activity,0,1,[+Durative],[+Dynamic]
作奥运总动员,Activity,1,0,[+Durative],[+Dynamic]
作沉默的永久的呼号,Activity,1,0,[+Durative],[+Dynamic]
作崇,Activity,1,0,[+Durative],[+Dynamic]
作出慈悲的样子,Transition,1,0,[+Durative],[+Dynamic]
作出发准备,Activity,0,1,[+Durative],[+Dynamic]
作出反应,Transition,0,1,[+Durative],[+Dynamic]
作出贡献,Transition,0,1,[+Durative],[+Dynamic]
作出努力,Transition,0,2,[+Durative],[+Dynamic]
作出努力挫败帝国主义和新老殖民主义破坏会议的企图,Transition,0,1,[+Durative],[+Dynamic]
作出自己的努力和贡献,Transition,1,0,[+Durative],[+Dynamic]
作垂死的挣扎,Activity,1,0,[+Durative],[+Dynamic]
作垂死挣扎,Activity,1,0,[+Durative],[+Dynamic]
作斗争,Activity,1,0,[+Durative],[+Dynamic]
作恶,Activity,1,0,[+Durative],[+Dynamic]
作功课,Activity,2,0,[+Durative],[+Dynamic]
作贡献,Activity,1,0,[+Durative],[+Dynamic]
作怪,Activity,10,0,[+Durative],[+Dynamic]
作和事老,Activity,1,0,[+Durative],[+Dynamic]
作画,Activity,1,0,[+Durative],[+Dynamic]
作欢迎状,Activity,1,0,[+Durative],[+Dynamic]
作技术员的工作,Activity,1,0,[+Durative],[+Dynamic]
作交谈,Activity,1,0,[+Durative],[+Dynamic]
作介绍,Activity,1,0,[+Durative],[+Dynamic]
作乐,Activity,1,0,[+Durative],[+Dynamic]
作民运工作,Activity,1,0,[+Durative],[+Dynamic]
作弄人,Activity,1,0,[+Durative],[+Dynamic]
作弄她,Activity,1,0,[+Durative],[+Dynamic]
作努力,Activity,0,1,[+Durative],[+Dynamic]
作陪衬,Activity,1,0,[+Durative],[+Dynamic]
作穷打算,Activity,1,0,[+Durative],[+Dynamic]
作深呼吸,Activity,0,1,[+Durative],[+Dynamic]
作什么,Activity,8,0,[+Durative],[+Dynamic]
作诗,Activity,4,0,[+Durative],[+Dynamic]
作诗词,Activity,0,1,[+Durative],[+Dynamic]
作同样的窥探,Activity,1,0,[+Durative],[+Dynamic]
作筒子条子的缺一门,Activity,1,0,[+Durative],[+Dynamic]
作痛,Activity,1,0,[+Durative],[+Dynamic]
作微观经济学的讲座“价格理论”,Activity,0,1,[+Durative],[+Dynamic]
作文稿,Activity,0,1,[+Durative],[+Dynamic]
作下地的准备,Activity,0,1,[+Durative],[+Dynamic]
作响,Activity,1,0,[+Durative],[+Dynamic]
作些什么,Activity,2,0,[+Durative],[+Dynamic]
作秀,Activity,1,0,[+Durative],[+Dynamic]
作学术与时事的座谈讨论,Activity,0,1,[+Durative],[+Dynamic]
作痒,Activity,2,0,[+Durative],[+Dynamic]
作有关地震伤救治专业知识的讲座,Activity,0,1,[+Durative],[+Dynamic]
作越狱的准备,Activity,1,0,[+Durative],[+Dynamic]
作责任编辑,Activity,1,0,[+Durative],[+Dynamic]
作战,Activity,2,0,[+Durative],[+Dynamic]
作战斗准备,Activity,1,0,[+Durative],[+Dynamic]
作挣扎,Activity,1,0,[+Durative],[+Dynamic]
作重新合作的准备,Activity,1,0,[+Durative],[+Dynamic]
作准备,Activity,2,2,[+Durative],[+Dynamic]
作最后的冲刺,Activity,0,1,[+Durative],[+Dynamic]
作最后的抗争,Activity,1,0,[+Durative],[+Dynamic]
坐山观虎斗,Activity,1,0,[+Durative],[+Dynamic]
坐桃,Activity,0,1,[+Durative],[+Dynamic]
坐月子,Activity,0,1,[+Durative],[+Dynamic]
做,Activity,18,8,[+Durative],[+Dynamic]
做“看板娘”,Activity,1,0,[+Durative],[+Dynamic]
做“刷洗过的旧诗”,Activity,1,0,[+Durative],[+Dynamic]
做“月球车养生保健操”,Activity,0,1,[+Durative],[+Dynamic]
做按摩服务,Activity,1,0,[+Durative],[+Dynamic]
做按摩挣钱的事,Activity,1,0,[+Durative],[+Dynamic]
做表演「三国演义」,Activity,1,0,[+Durative],[+Dynamic]
做不同的职业,Activity,1,0,[+Durative],[+Dynamic]
做菜,Activity,1,0,[+Durative],[+Dynamic]
做铲除草皮工作,Activity,1,0,[+Durative],[+Dynamic]
做出下棋的动作,Transition,1,0,[+Durative],[+Dynamic]
做错误的事情,Activity,1,0,[+Durative],[+Dynamic]
做大,Activity,1,1,[+Durative],[+Dynamic]
做大家的疏导工作,Activity,0,1,[+Durative],[+Dynamic]
做导演助理,Activity,0,1,[+Durative],[+Dynamic]
做囤积的生意,Activity,1,0,[+Durative],[+Dynamic]
做恶意劫持行为,Activity,1,0,[+Durative],[+Dynamic]
做噩梦,Activity,3,1,[+Durative],[+Dynamic]
做法宣,Activity,0,1,[+Durative],[+Dynamic]
做饭,Activity,4,2,[+Durative],[+Dynamic]
做工作,Activity,1,0,[+Durative],[+Dynamic]
做公债生意,Activity,1,0,[+Durative],[+Dynamic]
做攻击,Activity,1,0,[+Durative],[+Dynamic]
做供给侧结构性调整,Activity,1,0,[+Durative],[+Dynamic]
做共产主义的美梦,Activity,1,0,[+Durative],[+Dynamic]
做古文,Activity,1,0,[+Durative],[+Dynamic]
做怪,Activity,1,0,[+Durative],[+Dynamic]
做官,Activity,1,0,[+Durative],[+Dynamic]
做棺材,Activity,1,0,[+Durative],[+Dynamic]
做好生产安排,Activity,0,1,[+Durative],[+Dynamic]
做黑市生意,Activity,1,0,[+Durative],[+Dynamic]
做活,Activity,2,0,[+Durative],[+Dynamic]
做积极努力,Activity,1,0,[+Durative],[+Dynamic]
做积极准备,Activity,0,1,[+Durative],[+Dynamic]
做家务,Activity,0,1,[+Durative],[+Dynamic]
做假证,Activity,1,0,[+Durative],[+Dynamic]
做检查,Activity,0,1,[+Durative],[+Dynamic]
做将来副总统候选的各项推测,Activity,1,0,[+Durative],[+Dynamic]
做紧急防守的安排,Activity,0,1,[+Durative],[+Dynamic]
做进一步的学问,Activity,2,0,[+Durative],[+Dynamic]
做警戒,Activity,1,0,[+Durative],[+Dynamic]
做救济工作,Activity,1,0,[+Durative],[+Dynamic]
做口碑,Activity,1,0,[+Durative],[+Dynamic]
做另一件事,Activity,0,1,[+Durative],[+Dynamic]
做买卖,Activity,2,0,[+Durative],[+Dynamic]
做买卖讨价还价,Activity,1,0,[+Durative],[+Dynamic]
做没有效果的挣扎,Activity,1,0,[+Durative],[+Dynamic]
做梦,Activity,58,0,[+Durative],[+Dynamic]
做梦游,Activity,1,0,[+Durative],[+Dynamic]
做秘密的工作,Activity,1,0,[+Durative],[+Dynamic]
做牛排,Activity,1,0,[+Durative],[+Dynamic]
做祈祷,Activity,1,0,[+Durative],[+Dynamic]
做强盗,Activity,1,0,[+Durative],[+Dynamic]
做清一色,Activity,1,0,[+Durative],[+Dynamic]
做啥,Activity,2,0,[+Durative],[+Dynamic]
做什么,Activity,57,2,[+Durative],[+Dynamic]
做什么、有什么意图,Activity,1,0,[+Durative],[+Dynamic]
做什么把戏,Activity,1,0,[+Durative],[+Dynamic]
做什么犯法的丑事,Activity,0,1,[+Durative],[+Dynamic]
做什么工作,Activity,1,0,[+Durative],[+Dynamic]
做什么事情,Activity,1,0,[+Durative],[+Dynamic]
做什么说什么,Activity,1,0,[+Durative],[+Dynamic]
做什么香艳文字,Activity,1,0,[+Durative],[+Dynamic]
做生意,Activity,1,0,[+Durative],[+Dynamic]
做诗,Activity,2,1,[+Durative],[+Dynamic]
做实业,Activity,1,0,[+Durative],[+Dynamic]
做收费服务,Activity,1,0,[+Durative],[+Dynamic]
做手脚,Activity,1,0,[+Durative],[+Dynamic]
做手术,Activity,0,2,[+Durative],[+Dynamic]
做思想工作,Activity,1,0,[+Durative],[+Dynamic]
做缩头乌龟,Activity,1,0,[+Durative],[+Dynamic]
做特技,Activity,1,0,[+Durative],[+Dynamic]
做筒子的一色,Activity,1,0,[+Durative],[+Dynamic]
做投入,Activity,1,0,[+Durative],[+Dynamic]
做晚饭,Activity,1,0,[+Durative],[+Dynamic]
做微信服务号,Activity,0,1,[+Durative],[+Dynamic]
做违法的事情,Activity,1,0,[+Durative],[+Dynamic]
做我们的老妈子,Activity,1,0,[+Durative],[+Dynamic]
做希特勒独霸欧洲的迷梦,Activity,1,0,[+Durative],[+Dynamic]
做戏,Activity,3,0,[+Durative],[+Dynamic]
做现场直播,Activity,1,0,[+Durative],[+Dynamic]
做相关的事情,Activity,1,0,[+Durative],[+Dynamic]
做相关国家的工作,Activity,1,0,[+Durative],[+Dynamic]
做相同的事情,Activity,1,0,[+Durative],[+Dynamic]
做些女人的私事,Activity,0,1,[+Durative],[+Dynamic]
做些什么,Activity,7,0,[+Durative],[+Dynamic]
做些什么蠢事,Activity,1,0,[+Durative],[+Dynamic]
做些什么事,Activity,1,0,[+Durative],[+Dynamic]
做宣传,Activity,1,0,[+Durative],[+Dynamic]
做学联工作,Activity,1,0,[+Durative],[+Dynamic]
做学问,Activity,1,0,[+Durative],[+Dynamic]
做幺事,Activity,2,0,[+Durative],[+Dynamic]
做夜工,Activity,2,0,[+Durative],[+Dynamic]
做一次即将远途旅行的准备,Activity,1,0,[+Durative],[+Dynamic]
做一次实验,Activity,1,0,[+Durative],[+Dynamic]
做一个彩排,Activity,1,0,[+Durative],[+Dynamic]
做一个黄金似的好梦,Activity,1,0,[+Durative],[+Dynamic]
做一个快速突破,Activity,0,1,[+Durative],[+Dynamic]
做一个长条板凳,Activity,0,1,[+Durative],[+Dynamic]
做一家公司,Activity,1,0,[+Durative],[+Dynamic]
做一件汗衣,Activity,1,0,[+Durative],[+Dynamic]
做一件秘密事,Activity,2,0,[+Durative],[+Dynamic]
做一件女人的事情,Activity,1,0,[+Durative],[+Dynamic]
做一件事,Activity,1,0,[+Durative],[+Dynamic]
做一种“投机革命”的买卖,Activity,1,0,[+Durative],[+Dynamic]
做一种姿态,Activity,1,0,[+Durative],[+Dynamic]
做一桩极见不得人的勾当,Activity,1,0,[+Durative],[+Dynamic]
做游戏,Activity,1,0,[+Durative],[+Dynamic]
做预防和消毒的工作,Activity,1,0,[+Durative],[+Dynamic]
做贼,Activity,1,0,[+Durative],[+Dynamic]
做战斗准备哈希望塔防止战火重燃,Activity,1,0,[+Durative],[+Dynamic]
做这个生意,Activity,1,0,[+Durative],[+Dynamic]
做这个挖掘过程,Activity,1,0,[+Durative],[+Dynamic]
做这件事,Activity,1,0,[+Durative],[+Dynamic]
做针线,Activity,1,0,[+Durative],[+Dynamic]
做针线活,Activity,0,1,[+Durative],[+Dynamic]
做侦探,Activity,1,0,[+Durative],[+Dynamic]
做真正的信息编辑,Activity,1,0,[+Durative],[+Dynamic]
做政治工作,Activity,1,0,[+Durative],[+Dynamic]
做庄,Activity,1,0,[+Durative],[+Dynamic]
做庄子文学思想研究,Activity,1,0,[+Durative],[+Dynamic]
做状态准备,Activity,0,1,[+Durative],[+Dynamic]
做准备,Activity,3,0,[+Durative],[+Dynamic]
做准备工作,Activity,0,2,[+Durative],[+Dynamic]
做自己的份内事,Activity,1,0,[+Durative],[+Dynamic]
做自杀女孩的思想工作,Activity,0,1,[+Durative],[+Dynamic]
做最后冲刺,Activity,0,1,[+Durative],[+Dynamic]
做最后的润饰,Activity,0,1,[+Durative],[+Dynamic]
做最后的拾掇,Activity,0,1,[+Durative],[+Dynamic]
