Prosodic Collocational Patterns of ZAI and ZHENGZAI in modern Chinese,,,,
Verbs,ZAI,ZHENGZAI,Number of syllables,
搭车,1,0,disyllabic lexical items,
“帮助”别人,1,0,polysyllabic lexical items,
“等活”,2,0,polysyllabic lexical items,
“讨论”什么问题,0,1,polysyllabic lexical items,
“玩朋友”,1,0,polysyllabic lexical items,
挨打,1,0,disyllabic lexical items,
挨饿,2,0,disyllabic lexical items,
挨饿受冻,1,0,polysyllabic lexical items,
关心,0,1,disyllabic lexical items,
关心、培养自己,1,0,polysyllabic lexical items,
关心过去这四年您在谷歌,1,0,polysyllabic lexical items,
关心那些把他视为救星的山区孩子们,1,0,polysyllabic lexical items,
关心那些东西,1,0,polysyllabic lexical items,
关心她,1,0,polysyllabic lexical items,
关心这种事,1,0,polysyllabic lexical items,
关心重庆饭店,1,0,polysyllabic lexical items,
安排“全球战略”新步骤,1,0,polysyllabic lexical items,
安排抢救工作,0,1,polysyllabic lexical items,
安排巧计动你的手,0,2,polysyllabic lexical items,
安排研究和创作的良好环境,0,1,polysyllabic lexical items,
安排重印作业,0,1,polysyllabic lexical items,
安排猪肉的供应,1,0,polysyllabic lexical items,
安慰,2,0,disyllabic lexical items,
安慰丁仪,1,0,polysyllabic lexical items,
安慰淑英,1,0,polysyllabic lexical items,
安慰他,1,0,polysyllabic lexical items,
安慰她,1,0,polysyllabic lexical items,
安慰她的良心,1,0,polysyllabic lexical items,
安慰我,2,0,polysyllabic lexical items,
安慰一个因为没有放起自己制作的风筝而哭哭啼啼的小弟弟,1,0,polysyllabic lexical items,
安慰自己,1,0,polysyllabic lexical items,
安装,1,1,disyllabic lexical items,
安装国产亚洲最大的石英钟,0,1,polysyllabic lexical items,
安装机器设备,0,1,polysyllabic lexical items,
安装墙壁、门板,0,1,polysyllabic lexical items,
按著肚子,1,0,polysyllabic lexical items,
暗示,3,0,disyllabic lexical items,
暗示读者,1,0,polysyllabic lexical items,
暗示什么,2,0,polysyllabic lexical items,
暗示我把她估计得太神秘,1,0,polysyllabic lexical items,
熬稀饭,2,0,polysyllabic lexical items,
熬药,0,1,disyllabic lexical items,
拔,1,0,monosyllabic lexical items,
拔草,1,0,disyllabic lexical items,
拔掉旧电线杆,0,1,polysyllabic lexical items,
把大批美金移藏到美洲,0,1,polysyllabic lexical items,
把各种物资和建筑器材运到各建设工地,0,1,polysyllabic lexical items,
把工作重点转移到现代化建设上来,0,1,polysyllabic lexical items,
把警方排挤出去,0,1,polysyllabic lexical items,
把历史已经切断,1,0,polysyllabic lexical items,
把美帝纸老虎撕得粉碎,0,1,polysyllabic lexical items,
把门口的垃圾往畚箕里扫,0,1,polysyllabic lexical items,
把那颗“炸弹”托住,0,1,polysyllabic lexical items,
把他们当做实验室的豚鼠看待,0,1,polysyllabic lexical items,
把越来越多的马绍尔群岛居民赶出他们的土地,1,0,polysyllabic lexical items,
把战争扩大到整个印度支那威胁东南亚和平,0,1,polysyllabic lexical items,
把自己的体力和热情，把饱含着农作物所需要的氮、磷、钾和有机质的肥料，献给哺育着我们的共和国的农田,1,0,polysyllabic lexical items,
掰手腕,1,0,polysyllabic lexical items,
掰玉米,1,0,polysyllabic lexical items,
摆,1,0,monosyllabic lexical items,
摆动,2,0,disyllabic lexical items,
摆赌,1,0,disyllabic lexical items,
摆酒炒菜,1,0,polysyllabic lexical items,
摆弄钢笔,1,0,polysyllabic lexical items,
摆弄什么东西,1,0,polysyllabic lexical items,
摆弄一些贴在大幅硬纸上的照片,0,1,polysyllabic lexical items,
摆摊卖眼镜,1,0,polysyllabic lexical items,
摆脱经济增长赶不上人口增长的状况,0,1,polysyllabic lexical items,
摆脱外国的统治,0,1,polysyllabic lexical items,
摆脱危机,0,1,polysyllabic lexical items,
摆脱祖辈那种“一分钱攥出水来”的守财形象,0,1,polysyllabic lexical items,
搬,1,0,monosyllabic lexical items,
搬大石头块儿,1,0,polysyllabic lexical items,
搬东西出来,1,0,polysyllabic lexical items,
搬东西走,1,1,polysyllabic lexical items,
搬家,1,0,disyllabic lexical items,
搬石弄土,1,0,polysyllabic lexical items,
搬箱子,0,1,polysyllabic lexical items,
搬运,1,0,disyllabic lexical items,
搬运沙袋围堵缺口,0,1,polysyllabic lexical items,
办案,1,0,disyllabic lexical items,
办报请退役,1,0,polysyllabic lexical items,
办公司,1,0,polysyllabic lexical items,
办结束,1,0,polysyllabic lexical items,
办理,0,4,disyllabic lexical items,
办理后事,1,0,polysyllabic lexical items,
办理借贷手续,0,1,polysyllabic lexical items,
办理军事政治学校,1,0,polysyllabic lexical items,
办理离婚,0,1,polysyllabic lexical items,
办理什么事,1,0,polysyllabic lexical items,
办理选举,0,1,polysyllabic lexical items,
办理移交、法共政治局号召党员,0,1,polysyllabic lexical items,
办理住院,0,1,polysyllabic lexical items,
办年货,1,0,polysyllabic lexical items,
办什么孔教会的事情,1,0,polysyllabic lexical items,
办事,1,0,disyllabic lexical items,
办喜事,0,2,polysyllabic lexical items,
办一件事,1,0,polysyllabic lexical items,
办这个学期的结束,1,0,polysyllabic lexical items,
办这件事,0,1,polysyllabic lexical items,
拌醋醅,1,0,polysyllabic lexical items,
拌豆腐,1,0,polysyllabic lexical items,
帮别人忙来忙去,1,0,polysyllabic lexical items,
帮倒忙,1,0,polysyllabic lexical items,
帮忙,5,0,disyllabic lexical items,
帮人圆梦,1,0,polysyllabic lexical items,
帮谁干活,1,0,polysyllabic lexical items,
帮她隐瞒,1,0,polysyllabic lexical items,
帮我们,1,0,polysyllabic lexical items,
帮用户,1,0,polysyllabic lexical items,
帮助、指点自己,1,0,polysyllabic lexical items,
帮助病人走出低谷,1,0,polysyllabic lexical items,
帮助大家搞清楚事实真相,1,0,polysyllabic lexical items,
帮助帝国主义者,1,0,polysyllabic lexical items,
帮助该校开设高度国际化的课程,1,0,polysyllabic lexical items,
帮助控制政治上的反对分子,1,0,polysyllabic lexical items,
帮助你们,1,0,polysyllabic lexical items,
帮助他,2,0,polysyllabic lexical items,
帮助她,1,0,polysyllabic lexical items,
帮助文艺工作者认识自己对国家和人民的责任,1,0,polysyllabic lexical items,
帮助我们,1,0,polysyllabic lexical items,
帮助我们父子两个,1,0,polysyllabic lexical items,
帮助兴建,0,1,polysyllabic lexical items,
帮助一个公社修理农机,1,0,polysyllabic lexical items,
帮助一个同志改正骄傲自满的毛病,1,0,polysyllabic lexical items,
帮助一些工厂、机关、学校办好集体食堂,1,0,polysyllabic lexical items,
帮助以色列对西奈地区发动攻势,1,0,polysyllabic lexical items,
帮助在台湾中部建筑一座新飞机场,0,1,polysyllabic lexical items,
帮助这些最反动的、最富有侵略性的帝国主义力量发动战争,1,0,polysyllabic lexical items,
包饺子,1,0,polysyllabic lexical items,
包伤口,0,1,polysyllabic lexical items,
包扎,1,0,disyllabic lexical items,
包扎一叠叠的信件,0,1,polysyllabic lexical items,
保护创新,1,0,polysyllabic lexical items,
保护他,1,0,polysyllabic lexical items,
保护他底心爱的东西,1,0,polysyllabic lexical items,
保护他自己,1,0,polysyllabic lexical items,
保护她,1,0,polysyllabic lexical items,
体贴她,1,0,polysyllabic lexical items,
保卫地球,1,0,polysyllabic lexical items,
保卫他们的民族独立和世界和平,0,1,polysyllabic lexical items,
害怕,3,0,disyllabic lexical items,
害怕皇上动怒,0,1,polysyllabic lexical items,
报告,1,0,disyllabic lexical items,
报告海湾局势的最新发展,0,1,polysyllabic lexical items,
报告新闻,1,0,polysyllabic lexical items,
抱怨,1,0,disyllabic lexical items,
抱怨阿巧拿错了衣服,1,0,polysyllabic lexical items,
抱怨革命对初恋的阉割,1,0,polysyllabic lexical items,
抱怨经济学家的可怜的预测能力,1,0,polysyllabic lexical items,
抱怨某事也纹丝不改如同她光滑无皱的脸,1,0,polysyllabic lexical items,
抱怨她道,1,0,polysyllabic lexical items,
抱怨我,1,0,polysyllabic lexical items,
抱怨自己“是孤零零一个人”,1,0,polysyllabic lexical items,
抱著个盆,1,0,polysyllabic lexical items,
爆发,2,0,disyllabic lexical items,
爆发尖锐的冲突,1,0,polysyllabic lexical items,
背词,1,0,disyllabic lexical items,
背化学元素,1,0,polysyllabic lexical items,
背批判稿,1,0,polysyllabic lexical items,
背屈原写的《离骚》中的句子,1,0,polysyllabic lexical items,
背信,1,0,disyllabic lexical items,
被操纵,0,1,polysyllabic lexical items,
被粉碎,0,1,polysyllabic lexical items,
被改造成逃亡飞船,0,1,polysyllabic lexical items,
被监视,0,1,polysyllabic lexical items,
被建成美国用来试验核弹和其他核武器的永久性试验场,0,1,polysyllabic lexical items,
被利用,1,0,polysyllabic lexical items,
被盘问,1,0,polysyllabic lexical items,
被切断,1,0,polysyllabic lexical items,
被扫进历史的垃圾堆,0,1,polysyllabic lexical items,
被释放出来,0,1,polysyllabic lexical items,
被我丢到身后,0,1,polysyllabic lexical items,
被吸收到扩大中的工业中去,0,1,polysyllabic lexical items,
被消耗完,0,1,polysyllabic lexical items,
被撞倒、被撞晕,1,0,polysyllabic lexical items,
奔驰,5,0,disyllabic lexical items,
奔驰在兴安岭边,0,1,polysyllabic lexical items,
奔跑,8,0,disyllabic lexical items,
奔跑，呼叫,1,0,polysyllabic lexical items,
奔走,1,0,disyllabic lexical items,
蹦,2,0,monosyllabic lexical items,
逼仓,1,0,disyllabic lexical items,
逼你,1,0,disyllabic lexical items,
逼琴,1,0,disyllabic lexical items,
逼人,1,0,disyllabic lexical items,
逼她,1,0,disyllabic lexical items,
逼问,1,0,disyllabic lexical items,
比剑,1,0,disyllabic lexical items,
比赛,1,1,disyllabic lexical items,
比赛看谁能把地理课本倒背如流,1,0,polysyllabic lexical items,
怕那只手,1,0,polysyllabic lexical items,
怕谁误会,1,0,polysyllabic lexical items,
避免同印度入侵部队发生冲突,1,0,polysyllabic lexical items,
避免与日本交战,1,0,polysyllabic lexical items,
编成一根很粗的大辫子,0,1,polysyllabic lexical items,
编歌骂我,1,0,polysyllabic lexical items,
编谎,1,0,disyllabic lexical items,
编辑,0,1,disyllabic lexical items,
编辑《王国维书信集》,0,1,polysyllabic lexical items,
编辑出版一批重要科技图书,0,1,polysyllabic lexical items,
编辑一部波中辞典,0,1,polysyllabic lexical items,
编麻鞋,1,0,polysyllabic lexical items,
编席子,1,0,polysyllabic lexical items,
编织东西,1,0,polysyllabic lexical items,
变,25,0,monosyllabic lexical items,
变“修”,0,1,polysyllabic lexical items,
变暗,1,0,disyllabic lexical items,
变白,1,0,disyllabic lexical items,
变成“两夏”,0,1,polysyllabic lexical items,
变成美国人的幻想,0,1,polysyllabic lexical items,
变成群众自觉行动,0,1,polysyllabic lexical items,
变成未来侵略民主中国的战争根据地,0,1,polysyllabic lexical items,
变成瞎聊天或编织手艺的时间,0,1,polysyllabic lexical items,
变成现实,0,8,polysyllabic lexical items,
变成一个大公园,0,1,polysyllabic lexical items,
变成一个科学院,0,1,polysyllabic lexical items,
变成整个亚洲的产业发动机,0,1,polysyllabic lexical items,
变淡,1,1,disyllabic lexical items,
变得更有“存在感”,0,1,polysyllabic lexical items,
变得日益激烈,0,1,polysyllabic lexical items,
变得虚无缥缈,0,1,polysyllabic lexical items,
变得越来越像身边这位少女,0,1,polysyllabic lexical items,
变轨,1,0,disyllabic lexical items,
变好,2,0,disyllabic lexical items,
变红,1,0,disyllabic lexical items,
变化,34,3,disyllabic lexical items,
变化为有事找,0,1,polysyllabic lexical items,
变坏,2,0,disyllabic lexical items,
变换,4,0,disyllabic lexical items,
变荒,1,0,disyllabic lexical items,
变旧,1,0,disyllabic lexical items,
变冷,0,1,disyllabic lexical items,
变浓,1,0,disyllabic lexical items,
变清,1,0,disyllabic lexical items,
变热,1,0,disyllabic lexical items,
变软变薄,1,0,polysyllabic lexical items,
变为半封建半殖民地式的社会,0,1,polysyllabic lexical items,
变为现实,0,4,polysyllabic lexical items,
变为最不可靠的,0,1,polysyllabic lexical items,
变咸,1,0,disyllabic lexical items,
变小,3,1,disyllabic lexical items,
变形,1,0,disyllabic lexical items,
变浊水,0,1,polysyllabic lexical items,
变奏,1,0,disyllabic lexical items,
辨认他眼前的这位自命老朋友的人到底是谁,1,0,polysyllabic lexical items,
辩论,4,1,disyllabic lexical items,
辩论调整组织机构减少人员方案,0,1,polysyllabic lexical items,
辩论国民党从抗战转入战后的有关方针政策问题,0,1,polysyllabic lexical items,
表达,1,0,disyllabic lexical items,
表达热忱的敬意,1,0,polysyllabic lexical items,
表示,3,0,disyllabic lexical items,
表示不屈和坚贞,1,0,polysyllabic lexical items,
表示反对,1,0,polysyllabic lexical items,
表示焦烦,1,0,polysyllabic lexical items,
表示惊诧,1,0,polysyllabic lexical items,
表示两国终不能调和,1,0,polysyllabic lexical items,
表示他的惋惜之情,1,0,polysyllabic lexical items,
表示他害怕把她失掉,1,0,polysyllabic lexical items,
表示他有什么伟大的抱负,1,0,polysyllabic lexical items,
表示它的愁思,1,0,polysyllabic lexical items,
表示它底胜利,1,0,polysyllabic lexical items,
表示她不愿意跟他走,1,0,polysyllabic lexical items,
表示她的敏感,1,0,polysyllabic lexical items,
表示她愿意和新的势力靠拢,1,0,polysyllabic lexical items,
表示笑,1,0,polysyllabic lexical items,
表演,2,0,disyllabic lexical items,
表演第三套健身秧歌,0,1,polysyllabic lexical items,
表演歌舞剧,1,0,polysyllabic lexical items,
表演民族舞蹈“抬新娘”,1,0,polysyllabic lexical items,
表演跆拳道和各种民族游戏,1,0,polysyllabic lexical items,
表扬他们,1,0,polysyllabic lexical items,
表扬它,1,0,polysyllabic lexical items,
拨开艺术理想的雾障,1,0,polysyllabic lexical items,
波动,5,1,disyllabic lexical items,
剥削,2,0,disyllabic lexical items,
剥削你,1,0,polysyllabic lexical items,
播放,1,3,disyllabic lexical items,
播放那一首“孤独的人是无耻的”歌,1,0,polysyllabic lexical items,
播放视频,1,0,polysyllabic lexical items,
播放焰火晚会的实况,1,0,polysyllabic lexical items,
播放一部纪录片,0,1,polysyllabic lexical items,
播放一段美妙的乐曲,0,1,polysyllabic lexical items,
播放一支快活的曲子,1,0,polysyllabic lexical items,
播关于通缉他的事,1,0,polysyllabic lexical items,
补底,1,0,disyllabic lexical items,
补苗,0,1,disyllabic lexical items,
布置,0,2,disyllabic lexical items,
布置这一年中的生产计划,1,0,polysyllabic lexical items,
步入商业社会,0,1,polysyllabic lexical items,
步入死胡同,0,1,polysyllabic lexical items,
部署,1,1,disyllabic lexical items,
部署、执行屠杀任务,0,1,polysyllabic lexical items,
部署第四代的洲际弹道导弹,1,0,polysyllabic lexical items,
擦,0,1,monosyllabic lexical items,
擦车灯,0,1,polysyllabic lexical items,
擦厨房,1,0,polysyllabic lexical items,
擦瓷盆,6,0,polysyllabic lexical items,
擦额角上的汗滴,1,0,polysyllabic lexical items,
擦粉,2,0,disyllabic lexical items,
擦红药水,1,0,polysyllabic lexical items,
擦火柴,1,0,polysyllabic lexical items,
擦泪,1,0,disyllabic lexical items,
擦面,0,2,disyllabic lexical items,
擦去告别亲人的泪水,1,0,polysyllabic lexical items,
擦沙,1,0,disyllabic lexical items,
擦身,0,1,disyllabic lexical items,
擦什么东西,1,0,polysyllabic lexical items,
擦拭瓷器,1,0,polysyllabic lexical items,
擦手,0,1,disyllabic lexical items,
擦洗楼板,0,1,polysyllabic lexical items,
擦洗汽车,0,1,polysyllabic lexical items,
擦眼泪,3,0,polysyllabic lexical items,
擦桌子,2,0,polysyllabic lexical items,
擦自己的手,0,1,polysyllabic lexical items,
猜,2,0,monosyllabic lexical items,
猜测,3,0,disyllabic lexical items,
猜测绑架你的到底是哪一路人,1,0,polysyllabic lexical items,
猜测柳生的去向,0,1,polysyllabic lexical items,
猜测一切可能遇到的不利情况,1,0,polysyllabic lexical items,
猜谜,1,0,disyllabic lexical items,
猜那另一半像谁,1,0,polysyllabic lexical items,
猜拳,1,0,disyllabic lexical items,
采购油盐,0,1,polysyllabic lexical items,
采叶,0,1,disyllabic lexical items,
踩刹车,1,0,polysyllabic lexical items,
参观北京农业机械厂制造的新式农具,1,0,polysyllabic lexical items,
参观巢鸭青山的疯人院,1,0,polysyllabic lexical items,
参观甘蔗的优良品种,0,1,polysyllabic lexical items,
参观谷歌中国清华科技园的新设施,1,0,polysyllabic lexical items,
参观她的厨房,1,0,polysyllabic lexical items,
参观展品,1,0,polysyllabic lexical items,
参加割草的义务劳动,0,1,polysyllabic lexical items,
参加广播师范大学学习,1,0,polysyllabic lexical items,
参加秘密多头公司,0,1,polysyllabic lexical items,
参加那争自由的斗争,1,0,polysyllabic lexical items,
参加通用机枪射击专业比武,0,1,polysyllabic lexical items,
参加为时一周的义务劳动,0,1,polysyllabic lexical items,
参加一场紧张的战斗,0,1,polysyllabic lexical items,
参加战备演习,0,1,polysyllabic lexical items,
操纵大局,1,0,polysyllabic lexical items,
测量标高,0,1,polysyllabic lexical items,
测量塑料袋,0,1,polysyllabic lexical items,
策划,1,1,disyllabic lexical items,
策划报道,1,0,polysyllabic lexical items,
策划对越南的新挑衅,1,0,polysyllabic lexical items,
策划反对叙利亚的新阴谋,1,0,polysyllabic lexical items,
策划极其危险的步骤,1,0,polysyllabic lexical items,
策划举行“不结盟国家”经济会议,0,1,polysyllabic lexical items,
策划扩张阴谋的殖民主义,1,0,polysyllabic lexical items,
策划破坏伦敦裁军会议,0,1,polysyllabic lexical items,
策划什么针对谁要搞点行动,1,0,polysyllabic lexical items,
策划新的阴谋,1,1,polysyllabic lexical items,
策划新的政变企图,0,1,polysyllabic lexical items,
策划一个评价体系,1,0,polysyllabic lexical items,
策划一系列镇压行动,0,1,polysyllabic lexical items,
策划永久分裂朝鲜,0,1,polysyllabic lexical items,
插秧,2,1,disyllabic lexical items,
查“反标”,1,0,polysyllabic lexical items,
查处,0,2,disyllabic lexical items,
查苗补苗,0,1,polysyllabic lexical items,
查苗补苗进行苗期管理活动,0,1,polysyllabic lexical items,
查网篮,1,0,polysyllabic lexical items,
查一本本的名册,1,0,polysyllabic lexical items,
查阅资料,1,0,polysyllabic lexical items,
查找大白鲟死亡原因,0,1,polysyllabic lexical items,
拆,1,0,monosyllabic lexical items,
拆草棚,1,0,polysyllabic lexical items,
拆城,1,0,disyllabic lexical items,
拆房子,1,0,polysyllabic lexical items,
拆毁房屋,0,1,polysyllabic lexical items,
拆开女朋友寄来的包裹,0,1,polysyllabic lexical items,
拆墙,1,0,disyllabic lexical items,
拆一件旧毛线衣,1,0,polysyllabic lexical items,
忏悔,2,0,disyllabic lexical items,
颤,2,0,monosyllabic lexical items,
颤抖,27,0,disyllabic lexical items,
唱,12,0,monosyllabic lexical items,
唱“百字令”,1,0,polysyllabic lexical items,
唱“小麻雀”,1,0,polysyllabic lexical items,
唱梆子腔的南天门,0,1,polysyllabic lexical items,
唱歌,7,0,disyllabic lexical items,
唱古,2,0,disyllabic lexical items,
唱什么,1,0,polysyllabic lexical items,
唱生日歌,1,0,polysyllabic lexical items,
唱他们听惯了的那种没有感情的单调的调子,1,0,polysyllabic lexical items,
唱童谣,1,0,polysyllabic lexical items,
唱戏,0,1,disyllabic lexical items,
唱小曲儿,1,0,polysyllabic lexical items,
唱一个被抛弃的女人的忧伤,1,0,polysyllabic lexical items,
朝互联网结合资本的企业这样一条路在走,0,1,polysyllabic lexical items,
吵,5,0,monosyllabic lexical items,
吵架,3,1,disyllabic lexical items,
炒菜,0,1,disyllabic lexical items,
炒周立波专场演出票,1,0,polysyllabic lexical items,
扯谎,1,0,disyllabic lexical items,
扯锁,1,0,disyllabic lexical items,
扯衣角,1,0,polysyllabic lexical items,
沉,3,0,monosyllabic lexical items,
沉入安静,0,2,polysyllabic lexical items,
称赞解放军的纪律严明,1,0,polysyllabic lexical items,
称赞你读书读得好,1,0,polysyllabic lexical items,
撑腰和打气,1,0,polysyllabic lexical items,
成立,2,0,disyllabic lexical items,
成立地产公司,0,1,polysyllabic lexical items,
成立两个师的武装部队,0,1,polysyllabic lexical items,
呈现出欣欣向荣的兴旺景象,0,1,polysyllabic lexical items,
吃,13,1,monosyllabic lexical items,
吃不吉的果实,1,0,polysyllabic lexical items,
吃草,2,0,disyllabic lexical items,
吃草料,1,0,polysyllabic lexical items,
吃醋,1,0,disyllabic lexical items,
吃点心,1,0,polysyllabic lexical items,
吃东西,0,1,polysyllabic lexical items,
吃饭,18,18,disyllabic lexical items,
吃饭盒子,0,1,polysyllabic lexical items,
吃饭团,1,0,polysyllabic lexical items,
吃高粱馍馍,1,0,polysyllabic lexical items,
吃瓜子,0,1,polysyllabic lexical items,
吃家乡菜,0,1,polysyllabic lexical items,
吃苦,5,0,disyllabic lexical items,
吃利息,1,0,polysyllabic lexical items,
吃面条,1,0,polysyllabic lexical items,
吃奶,3,0,disyllabic lexical items,
吃南乳花生,0,1,polysyllabic lexical items,
吃年饭,1,0,polysyllabic lexical items,
吃年夜饭,2,0,polysyllabic lexical items,
吃人肉、喝人血,1,0,polysyllabic lexical items,
吃什么,1,0,polysyllabic lexical items,
吃什么好吃的东西,0,1,polysyllabic lexical items,
吃什么食物,1,0,polysyllabic lexical items,
吃他的肺,2,0,polysyllabic lexical items,
吃糖,1,0,disyllabic lexical items,
吃团年饭,1,0,polysyllabic lexical items,
吃丸药,1,0,polysyllabic lexical items,
吃晚饭,1,4,polysyllabic lexical items,
吃午饭,0,3,polysyllabic lexical items,
吃香鸡排,1,0,polysyllabic lexical items,
吃药,4,0,disyllabic lexical items,
吃一个邻居妇女的尸体,1,0,polysyllabic lexical items,
吃一只野兔,0,1,polysyllabic lexical items,
吃早饭,1,2,polysyllabic lexical items,
吃早粥,0,1,polysyllabic lexical items,
吃长饭,1,0,polysyllabic lexical items,
吃自己的手,0,1,polysyllabic lexical items,
吃自己卖出去的鱼,1,0,polysyllabic lexical items,
冲凉水米劳糟,0,1,polysyllabic lexical items,
冲破原有体制的束缚,0,1,polysyllabic lexical items,
抽,0,1,monosyllabic lexical items,
抽气,2,0,disyllabic lexical items,
抽泣,2,0,disyllabic lexical items,
抽他的纸烟,1,0,polysyllabic lexical items,
抽芽,1,0,disyllabic lexical items,
抽烟,10,6,disyllabic lexical items,
怕什么,1,0,polysyllabic lexical items,
筹备,3,6,disyllabic lexical items,
筹备安装,0,1,polysyllabic lexical items,
筹备包括有丰富的文娱节目的和平集会,0,1,polysyllabic lexical items,
筹备成立,0,1,polysyllabic lexical items,
筹备成立武术联合会,1,0,polysyllabic lexical items,
筹备成立职工消费合作社,0,1,polysyllabic lexical items,
筹备第六轮六方会谈第二阶段会议,0,1,polysyllabic lexical items,
筹备盖新房子,0,1,polysyllabic lexical items,
筹备和试办,0,1,polysyllabic lexical items,
筹备恢复,0,1,polysyllabic lexical items,
筹备建立博士后流动站,0,1,polysyllabic lexical items,
筹备建立园区非公党委,0,1,polysyllabic lexical items,
筹备建设国家级轮轴技术研究中心,0,1,polysyllabic lexical items,
筹备将于七月七日在瑞士洛桑举行的世界母亲大会,0,1,polysyllabic lexical items,
筹备举行一个展览会,0,1,polysyllabic lexical items,
筹备设立特殊目的机构,0,1,polysyllabic lexical items,
筹备摄制,0,1,polysyllabic lexical items,
筹备双十节的提灯大会,0,1,polysyllabic lexical items,
筹备一个工会式的组织,1,0,polysyllabic lexical items,
筹备一切,0,1,polysyllabic lexical items,
筹备迎接解放的各种活动,1,0,polysyllabic lexical items,
筹备于八月五日举行要求禁止原子武器的市民大会,1,0,polysyllabic lexical items,
筹备于在英国举行的世界性会议,0,1,polysyllabic lexical items,
筹划,0,2,disyllabic lexical items,
筹划归程的机票,1,0,polysyllabic lexical items,
筹划建立中华革命军的事,0,1,polysyllabic lexical items,
筹划今晚上怎样才可以逃脱她的虎口,1,0,polysyllabic lexical items,
筹划举办,1,0,polysyllabic lexical items,
筹划上海的武装起义,0,1,polysyllabic lexical items,
筹划应付的办法,1,0,polysyllabic lexical items,
踌躇,3,3,disyllabic lexical items,
踌蹰将来的家计,1,0,polysyllabic lexical items,
踌蹰什么,1,0,polysyllabic lexical items,
出,1,0,monosyllabic lexical items,
出版,1,1,disyllabic lexical items,
出版一套杂文丛书,0,1,polysyllabic lexical items,
出操,0,1,disyllabic lexical items,
出汗,1,0,disyllabic lexical items,
出力,1,0,disyllabic lexical items,
出现,2,2,disyllabic lexical items,
出现群芳竞春、百花争艳的景象,0,1,polysyllabic lexical items,
出现新的情况,0,1,polysyllabic lexical items,
出血,0,1,disyllabic lexical items,
出洋相,1,0,polysyllabic lexical items,
出一个方子,1,0,polysyllabic lexical items,
出早操,0,1,polysyllabic lexical items,
出主意,1,0,polysyllabic lexical items,
锄草,1,0,disyllabic lexical items,
锄地,0,2,disyllabic lexical items,
锄他的地,1,0,polysyllabic lexical items,
锄自留地,0,1,polysyllabic lexical items,
处理,1,0,disyllabic lexical items,
处理国家大事,1,0,polysyllabic lexical items,
处理妓女问题,0,1,polysyllabic lexical items,
处理进NBA的一些细节问题,1,0,polysyllabic lexical items,
处理王治郅的事情,1,0,polysyllabic lexical items,
处理危机,1,0,polysyllabic lexical items,
处理一辆危化品车辆疲劳驾驶工单,0,1,polysyllabic lexical items,
处理有关肃奸事宜,0,1,polysyllabic lexical items,
穿出大气层,0,1,polysyllabic lexical items,
穿潜水衣,0,1,polysyllabic lexical items,
穿她自己手制的中国料的西装,1,0,polysyllabic lexical items,
穿鞋,1,0,disyllabic lexical items,
穿一件消过毒的隔离衣,0,1,polysyllabic lexical items,
穿衣,0,1,disyllabic lexical items,
穿衣服,4,1,polysyllabic lexical items,
穿衣裳,3,0,polysyllabic lexical items,
传,2,0,monosyllabic lexical items,
喘,1,0,monosyllabic lexical items,
喘气,2,2,disyllabic lexical items,
串村,1,0,disyllabic lexical items,
创造,4,2,disyllabic lexical items,
创造各种优良的条件,0,1,polysyllabic lexical items,
创造更多的公共产品,0,1,polysyllabic lexical items,
创造更好条件,0,1,polysyllabic lexical items,
创造更美好的未来,0,1,polysyllabic lexical items,
创造价值,1,0,polysyllabic lexical items,
创造条件,1,0,polysyllabic lexical items,
创造条件以便使所有的田间费力工作在一九六零年完全机械化,0,1,polysyllabic lexical items,
创造一切先决条件来继续推进这个胜利的发展,0,1,polysyllabic lexical items,
创造源源不断的红利,0,1,polysyllabic lexical items,
创造祖国灿烂的未来,0,1,polysyllabic lexical items,
创作,1,3,disyllabic lexical items,
创作一部名为“九州同”的交响乐,0,1,polysyllabic lexical items,
吹,6,0,monosyllabic lexical items,
吹大气,1,0,polysyllabic lexical items,
吹笛子,1,0,polysyllabic lexical items,
吹风,2,0,disyllabic lexical items,
吹哨,1,0,disyllabic lexical items,
吹哨子,1,0,polysyllabic lexical items,
吹箫,1,0,disyllabic lexical items,
吹一种呜呜的声音,1,0,polysyllabic lexical items,
刺激她,1,0,polysyllabic lexical items,
刺激消费者的胃口,1,0,polysyllabic lexical items,
刺激英苏,1,0,polysyllabic lexical items,
催促,3,1,disyllabic lexical items,
催促他们的同伴,1,0,polysyllabic lexical items,
催促她,1,0,polysyllabic lexical items,
催促我们,1,0,polysyllabic lexical items,
催房钱,1,0,polysyllabic lexical items,
催枚少爷上轿,1,0,polysyllabic lexical items,
催她,1,0,disyllabic lexical items,
催她“快叫，快叫”,1,0,polysyllabic lexical items,
催她走,1,0,polysyllabic lexical items,
催我动身,1,0,polysyllabic lexical items,
搓牌,0,1,disyllabic lexical items,
搓手擦拳,0,1,polysyllabic lexical items,
搭彩门,0,1,polysyllabic lexical items,
搭彩棚,0,1,polysyllabic lexical items,
搭车收费,1,0,polysyllabic lexical items,
答复问题,1,0,polysyllabic lexical items,
答应,1,0,disyllabic lexical items,
打,7,3,monosyllabic lexical items,
打120分,0,1,polysyllabic lexical items,
打爸爸,1,0,polysyllabic lexical items,
打摆子,3,1,polysyllabic lexical items,
打半场,1,0,polysyllabic lexical items,
打扮,0,1,disyllabic lexical items,
打布蒙的鼓,1,0,polysyllabic lexical items,
打颤,2,0,disyllabic lexical items,
打倒军阀,1,0,polysyllabic lexical items,
打得热火朝天,0,1,polysyllabic lexical items,
打敌机,0,1,polysyllabic lexical items,
打电话,3,4,polysyllabic lexical items,
打电话联系灾区的医院和相关收留单位,1,0,polysyllabic lexical items,
打电脑游戏,0,1,polysyllabic lexical items,
打抖,1,0,disyllabic lexical items,
打工,2,0,disyllabic lexical items,
打鼓,1,0,disyllabic lexical items,
打鬼子,1,0,polysyllabic lexical items,
打鬼子碉堡,1,0,polysyllabic lexical items,
打鼾,4,0,disyllabic lexical items,
打糊涂主意,2,0,polysyllabic lexical items,
打击报复,1,0,polysyllabic lexical items,
打击灵姗,1,0,polysyllabic lexical items,
打击什么东西,1,0,polysyllabic lexical items,
打机枪,0,1,polysyllabic lexical items,
打架,1,0,disyllabic lexical items,
打交道,1,0,polysyllabic lexical items,
打开,1,3,disyllabic lexical items,
打开电视,0,1,polysyllabic lexical items,
打开回忆的门,0,1,polysyllabic lexical items,
打开箱子来,0,1,polysyllabic lexical items,
打磕睡,1,0,polysyllabic lexical items,
打瞌睡,7,2,polysyllabic lexical items,
打老虎,0,1,polysyllabic lexical items,
打离婚,1,0,polysyllabic lexical items,
打量,2,0,disyllabic lexical items,
打量他,1,0,polysyllabic lexical items,
打量他们,0,1,polysyllabic lexical items,
打量我,1,1,polysyllabic lexical items,
打量吴少奶奶的居丧素装,1,0,polysyllabic lexical items,
打量这个壮壮实实的儿子,1,0,polysyllabic lexical items,
打量这一切,1,0,polysyllabic lexical items,
打量周围动静,0,1,polysyllabic lexical items,
打领结,1,0,polysyllabic lexical items,
打麻将,1,2,polysyllabic lexical items,
打毛线、看小说、闲聊天,1,0,polysyllabic lexical items,
打门,1,1,disyllabic lexical items,
打磨铁板上的锈迹,1,0,polysyllabic lexical items,
打那个录音机,1,0,polysyllabic lexical items,
打内战,1,0,polysyllabic lexical items,
打你主意,1,0,polysyllabic lexical items,
打拍子,1,0,polysyllabic lexical items,
打牌,13,3,disyllabic lexical items,
打牌九,1,0,polysyllabic lexical items,
打喷嚏,1,0,polysyllabic lexical items,
打破,1,0,disyllabic lexical items,
打钱的主意,0,2,polysyllabic lexical items,
打枪,2,0,disyllabic lexical items,
打球,3,1,disyllabic lexical items,
打扫,0,1,disyllabic lexical items,
打扫楚地居门前的空地,0,1,polysyllabic lexical items,
打扫教室,0,1,polysyllabic lexical items,
打扫卫生,1,0,polysyllabic lexical items,
打谁,1,0,disyllabic lexical items,
打什么小算盘,1,0,polysyllabic lexical items,
打什么主意,2,0,polysyllabic lexical items,
打暑期工,0,1,polysyllabic lexical items,
打水,1,1,disyllabic lexical items,
怕毓芳,1,0,polysyllabic lexical items,
爱加林,1,0,polysyllabic lexical items,
爱李静淑,1,0,polysyllabic lexical items,
打算盘,1,0,polysyllabic lexical items,
爱你,1,0,disyllabic lexical items,
爱他,5,0,disyllabic lexical items,
爱她,3,0,disyllabic lexical items,
爱我,2,0,disyllabic lexical items,
打唆哈,1,0,polysyllabic lexical items,
打他的主意,0,1,polysyllabic lexical items,
打它的主意,1,0,polysyllabic lexical items,
打探我们这个机构和我们这些人,0,1,polysyllabic lexical items,
打探这信箱的地址,1,0,polysyllabic lexical items,
打天九,0,1,polysyllabic lexical items,
打铁,1,0,disyllabic lexical items,
打听,1,0,disyllabic lexical items,
打听你,1,1,polysyllabic lexical items,
打听他的工友邱文泉同志的消息,1,0,polysyllabic lexical items,
打听消息,1,0,polysyllabic lexical items,
打铜器,1,0,polysyllabic lexical items,
打心理战,1,0,polysyllabic lexical items,
打旋旋,1,0,polysyllabic lexical items,
打烟泡,1,0,polysyllabic lexical items,
打药,0,1,disyllabic lexical items,
打一场游击战,1,0,polysyllabic lexical items,
打一个骨瘦如柴的逃荒孩子,1,0,polysyllabic lexical items,
打游戏,1,0,polysyllabic lexical items,
打友谊赛,1,0,polysyllabic lexical items,
打仗,4,2,disyllabic lexical items,
打主意,3,0,polysyllabic lexical items,
打自己的脸,2,0,polysyllabic lexical items,
打自己的算盘,1,0,polysyllabic lexical items,
打自己的嘴巴,1,0,polysyllabic lexical items,
打字,0,1,disyllabic lexical items,
打嘴仗,1,0,polysyllabic lexical items,
打坐还是上课,1,0,polysyllabic lexical items,
代理,1,0,disyllabic lexical items,
代替,0,4,disyllabic lexical items,
代替历史一字一句地讲出上述这句话,1,0,polysyllabic lexical items,
带电话,1,0,polysyllabic lexical items,
带回,0,1,disyllabic lexical items,
戴三四百年前底冠子,1,0,polysyllabic lexical items,
担粪,0,1,disyllabic lexical items,
担任游动哨,0,1,polysyllabic lexical items,
担心,17,2,disyllabic lexical items,
担心地下党和我们联系不上,1,0,polysyllabic lexical items,
担心社能不能办好,1,0,polysyllabic lexical items,
担心他的忠心,1,0,polysyllabic lexical items,
担心他是否有这样飞涧跨谷的奇能,1,0,polysyllabic lexical items,
担心徐以显转来,0,1,polysyllabic lexical items,
担心志刚会把看见的事说出去,1,0,polysyllabic lexical items,
担忧,2,0,disyllabic lexical items,
耽心什么,1,0,polysyllabic lexical items,
当“招待”,1,0,polysyllabic lexical items,
当帮手,1,0,polysyllabic lexical items,
当部长,1,0,polysyllabic lexical items,
当官,1,0,disyllabic lexical items,
当教员,0,1,polysyllabic lexical items,
当少爷,1,0,polysyllabic lexical items,
挡路,1,0,disyllabic lexical items,
挡住什么凶恶的敌人,1,0,polysyllabic lexical items,
捣毁鬼子的仓库,1,0,polysyllabic lexical items,
捣乱,2,0,disyllabic lexical items,
到来,0,9,disyllabic lexical items,
倒,0,1,monosyllabic lexical items,
倒酒,1,1,disyllabic lexical items,
倒两大桶豆油,1,0,polysyllabic lexical items,
倒葡萄酒,0,1,polysyllabic lexical items,
悼念我,1,0,polysyllabic lexical items,
悼念自己,1,0,polysyllabic lexical items,
道歉,1,0,disyllabic lexical items,
得到报偿,0,1,polysyllabic lexical items,
得到改变,0,1,polysyllabic lexical items,
得到改善,0,1,polysyllabic lexical items,
得到巩固和发展,0,1,polysyllabic lexical items,
得到恢复,0,1,polysyllabic lexical items,
得到落实,0,1,polysyllabic lexical items,
得到有效防范,0,1,polysyllabic lexical items,
登记病号饭,0,1,polysyllabic lexical items,
登山,0,1,disyllabic lexical items,
登一道阶梯,1,0,polysyllabic lexical items,
登一座小山,0,1,polysyllabic lexical items,
等,12,0,monosyllabic lexical items,
等203路,1,0,polysyllabic lexical items,
等车,1,0,disyllabic lexical items,
等车接他们到昆明去,0,1,polysyllabic lexical items,
等车子,2,0,polysyllabic lexical items,
等出租车,1,0,polysyllabic lexical items,
等待,9,0,disyllabic lexical items,
等待曹变蛟和左光先的战斗结果,0,1,polysyllabic lexical items,
等待车子追上来,1,0,polysyllabic lexical items,
等待吃什么,0,1,polysyllabic lexical items,
等待答复,1,0,polysyllabic lexical items,
等待对方先说话,1,0,polysyllabic lexical items,
等待顾客,1,0,polysyllabic lexical items,
等待观望,1,0,polysyllabic lexical items,
等待好消息,1,0,polysyllabic lexical items,
等待结果,1,0,polysyllabic lexical items,
等待解放军去接收,1,0,polysyllabic lexical items,
等待看他的戏,1,0,polysyllabic lexical items,
等待科学家给出准确答案,1,0,polysyllabic lexical items,
等待灵感与经验,1,0,polysyllabic lexical items,
等待那边的父母为他争取到烈士称号,1,0,polysyllabic lexical items,
等待那顿意料之中的盘诘和训斥降临,1,0,polysyllabic lexical items,
等待奇迹,1,0,polysyllabic lexical items,
等待球进篮,1,0,polysyllabic lexical items,
等待什么,4,1,polysyllabic lexical items,
等待什么人,1,0,polysyllabic lexical items,
等待什么人回家,1,0,polysyllabic lexical items,
等待他,3,0,polysyllabic lexical items,
等待他的反应,1,0,polysyllabic lexical items,
等待他的回答,1,0,polysyllabic lexical items,
等待他们,2,0,polysyllabic lexical items,
等待它的痊愈,0,1,polysyllabic lexical items,
等待她,2,0,polysyllabic lexical items,
等待她那曾燃起情霞的呼吸,1,0,polysyllabic lexical items,
等待她去,1,0,polysyllabic lexical items,
等待我的拥抱,1,0,polysyllabic lexical items,
等待我们,2,0,polysyllabic lexical items,
等待我那一声“中午好”,1,0,polysyllabic lexical items,
等待向玛瑙山突然扑来,0,1,polysyllabic lexical items,
等待小贝的宣判,1,0,polysyllabic lexical items,
等待新的投资风口,1,0,polysyllabic lexical items,
等待新年的赏钱和娱乐,1,0,polysyllabic lexical items,
等待新一代的阅读器,0,1,polysyllabic lexical items,
等待一次大显身手的机会,1,0,polysyllabic lexical items,
等待一次重大的判断错误来设法公开把他去掉,1,0,polysyllabic lexical items,
等待一个奇迹,1,0,polysyllabic lexical items,
等待一个心上人,1,0,polysyllabic lexical items,
等待一个忠诚的朋友坐上去,1,0,polysyllabic lexical items,
等待英国澄清,1,0,polysyllabic lexical items,
等待这个报告,1,0,polysyllabic lexical items,
等待这个残老的动物,1,0,polysyllabic lexical items,
等待这样一部戏,1,0,polysyllabic lexical items,
等待政府尽快地公布它的详细的纲领,1,0,polysyllabic lexical items,
等待自己,1,0,polysyllabic lexical items,
等待最后的结局,1,0,polysyllabic lexical items,
等电话,1,0,polysyllabic lexical items,
等犯人说什么,1,0,polysyllabic lexical items,
等稿子,0,1,polysyllabic lexical items,
等工,1,0,disyllabic lexical items,
等工作,1,0,polysyllabic lexical items,
等候,3,0,disyllabic lexical items,
等候红娘子回来一同吃饭并商议大事,0,1,polysyllabic lexical items,
等候麾下人豫,1,0,polysyllabic lexical items,
等候开寨门,1,0,polysyllabic lexical items,
等候命令,0,1,polysyllabic lexical items,
等候那个可怕的爆发,1,0,polysyllabic lexical items,
等候亲人汇款的佳音,0,1,polysyllabic lexical items,
等候青天大老爷救他一命一样,1,0,polysyllabic lexical items,
等候商州那边的消息,0,1,polysyllabic lexical items,
等候什么噩兆,1,0,polysyllabic lexical items,
等候什么人,1,0,polysyllabic lexical items,
等候他,2,0,polysyllabic lexical items,
等候他的归来,0,1,polysyllabic lexical items,
等候他的主意,1,0,polysyllabic lexical items,
等候他们,1,0,polysyllabic lexical items,
等候她,2,0,polysyllabic lexical items,
等候她们,1,0,polysyllabic lexical items,
等候她说最后的什么话,1,0,polysyllabic lexical items,
等候我们,1,0,polysyllabic lexical items,
等候这架直升机的救援,1,0,polysyllabic lexical items,
等候总经理,2,0,polysyllabic lexical items,
等机,1,0,disyllabic lexical items,
等机会,1,1,polysyllabic lexical items,
等李青,1,0,polysyllabic lexical items,
等两个伙计一道走,1,0,polysyllabic lexical items,
等妈妈夸奖他几句,1,0,polysyllabic lexical items,
等买什么好东西,1,0,polysyllabic lexical items,
等密斯胡,1,0,polysyllabic lexical items,
等你,16,1,disyllabic lexical items,
等你答应的礼物,1,0,polysyllabic lexical items,
等你的好消息,1,0,polysyllabic lexical items,
等你请他吃中国菜,1,0,polysyllabic lexical items,
等你上课,1,0,polysyllabic lexical items,
等你收干女儿,1,0,polysyllabic lexical items,
等你退休,1,0,polysyllabic lexical items,
等钱还眼,1,0,polysyllabic lexical items,
等人,3,0,disyllabic lexical items,
等谁,1,0,disyllabic lexical items,
等什么,3,0,polysyllabic lexical items,
等什么重要人物,1,0,polysyllabic lexical items,
等圣旨,1,0,polysyllabic lexical items,
等死,1,0,disyllabic lexical items,
等他,7,0,disyllabic lexical items,
等他回来,1,0,polysyllabic lexical items,
等他考虑,1,0,polysyllabic lexical items,
等他们走远,1,0,polysyllabic lexical items,
等他消息,1,0,polysyllabic lexical items,
等他一个人,1,0,polysyllabic lexical items,
等他主动表态,1,0,polysyllabic lexical items,
等她,6,0,disyllabic lexical items,
等她回答,1,0,polysyllabic lexical items,
等她们来,1,0,polysyllabic lexical items,
等她同他打招呼,1,0,polysyllabic lexical items,
等她一个人,1,0,polysyllabic lexical items,
等她义演,1,0,polysyllabic lexical items,
等听她这一篇大议论的结局,2,0,polysyllabic lexical items,
等喂,2,0,disyllabic lexical items,
等我,8,0,disyllabic lexical items,
等我回复,1,0,polysyllabic lexical items,
等我回音,1,0,polysyllabic lexical items,
等我们,3,0,polysyllabic lexical items,
等县委发话,1,0,polysyllabic lexical items,
等晓燕,1,0,polysyllabic lexical items,
等一个莫须有的人,1,0,polysyllabic lexical items,
等医院确诊,1,0,polysyllabic lexical items,
等有一天你跟我说分手,1,0,polysyllabic lexical items,
抵抗,5,0,disyllabic lexical items,
抵抗什么,1,0,polysyllabic lexical items,
点花名册,1,0,polysyllabic lexical items,
点绿山头,1,0,polysyllabic lexical items,
点苹果的数字,1,0,polysyllabic lexical items,
点头,5,2,disyllabic lexical items,
点头赞许,1,0,polysyllabic lexical items,
点烟,1,0,disyllabic lexical items,
惦记你们,1,0,polysyllabic lexical items,
惦记盼望小分队的到来,1,0,polysyllabic lexical items,
钓鱼,1,0,disyllabic lexical items,
调查,1,8,disyllabic lexical items,
调查处理,0,2,polysyllabic lexical items,
调查研究、采取措施,0,1,polysyllabic lexical items,
调查研究企业潜力和职工思想情况,0,1,polysyllabic lexical items,
调查这一事件,0,1,polysyllabic lexical items,
调动,0,1,disyllabic lexical items,
调动军队,1,0,polysyllabic lexical items,
调试,0,1,disyllabic lexical items,
调试光伏面板上的清洁装置,0,1,polysyllabic lexical items,
调提琴的弦子,0,2,polysyllabic lexical items,
调药,1,0,disyllabic lexical items,
调整,0,2,disyllabic lexical items,
调整缴费基数口径,0,1,polysyllabic lexical items,
调整劳动组织、修订生产计划,1,0,polysyllabic lexical items,
调整其反恐战略,0,1,polysyllabic lexical items,
调整什么的光景,1,0,polysyllabic lexical items,
调整完善,1,0,polysyllabic lexical items,
调整为零,0,1,polysyllabic lexical items,
调整战术,0,1,polysyllabic lexical items,
调整政策以实现对接,0,1,polysyllabic lexical items,
掉,0,1,monosyllabic lexical items,
掉头发,0,2,polysyllabic lexical items,
掉屑,1,0,disyllabic lexical items,
掉眼泪,3,0,polysyllabic lexical items,
叠罗汉,2,0,polysyllabic lexical items,
盯住我们,1,0,polysyllabic lexical items,
钉,0,1,monosyllabic lexical items,
钉扣子,1,0,polysyllabic lexical items,
顶上子弹,0,1,polysyllabic lexical items,
顶他道,1,0,polysyllabic lexical items,
订计划、开书目,1,0,polysyllabic lexical items,
丢我们赏心苑的脸,1,0,polysyllabic lexical items,
动,35,0,monosyllabic lexical items,
动工,2,1,disyllabic lexical items,
动脑筋,1,0,polysyllabic lexical items,
动手,0,1,disyllabic lexical items,
动手术,1,2,polysyllabic lexical items,
动员,1,1,disyllabic lexical items,
动员村民栽枣树,1,0,polysyllabic lexical items,
动员侯清槐向他要红契,1,0,polysyllabic lexical items,
动员社员投资,1,0,polysyllabic lexical items,
抖,4,0,monosyllabic lexical items,
斗法,1,0,disyllabic lexical items,
斗剑,1,0,disyllabic lexical items,
斗七巧图,2,0,polysyllabic lexical items,
斗争,12,13,disyllabic lexical items,
逗夭夭,1,0,polysyllabic lexical items,
督促她快走,1,0,polysyllabic lexical items,
读,8,2,monosyllabic lexical items,
读《春秋左传》,1,0,polysyllabic lexical items,
读《毛泽东选集》、列宁的《国家与革命》等经典著作,1,0,polysyllabic lexical items,
读《孙子十家注》,0,1,polysyllabic lexical items,
读《易经》,1,0,polysyllabic lexical items,
读《贞观政要》和《诸葛武侯集》,0,1,polysyllabic lexical items,
读报,1,0,disyllabic lexical items,
读报纸上你自杀的消息,1,0,polysyllabic lexical items,
读别人放在桌子上的一张报纸,0,1,polysyllabic lexical items,
读初中,1,1,polysyllabic lexical items,
读大江,1,0,polysyllabic lexical items,
读二年级,1,0,polysyllabic lexical items,
读高三,0,1,polysyllabic lexical items,
读高小第四册,1,0,polysyllabic lexical items,
读高中,0,1,polysyllabic lexical items,
读红色家书,0,1,polysyllabic lexical items,
读茅盾所写的小说《幻灭》,0,1,polysyllabic lexical items,
读挪威当代作家约恩·福瑟的书,1,0,polysyllabic lexical items,
读日本数学泰斗炎武次二的博士生,0,1,polysyllabic lexical items,
读三年级,1,0,polysyllabic lexical items,
读什么书,0,1,polysyllabic lexical items,
读书,15,5,disyllabic lexical items,
读书或者工作,1,0,polysyllabic lexical items,
读书讲学,1,0,polysyllabic lexical items,
读书求知,1,0,polysyllabic lexical items,
读四年级,1,0,polysyllabic lexical items,
读唐诗,1,0,polysyllabic lexical items,
读文件,1,0,polysyllabic lexical items,
读小学和中学,1,0,polysyllabic lexical items,
读新的一首,1,0,polysyllabic lexical items,
读信,1,0,disyllabic lexical items,
读一本《谦伯氏英文读本》,1,0,polysyllabic lexical items,
"读一本三民
主义",0,1,polysyllabic lexical items,
读一本图文并茂的《怎样经营牧业》,0,1,polysyllabic lexical items,
读一个剧本,1,0,polysyllabic lexical items,
读一个肖像,1,0,polysyllabic lexical items,
读一篇文章,1,0,polysyllabic lexical items,
读易经,0,1,polysyllabic lexical items,
读英文,1,0,polysyllabic lexical items,
读这种对革命有正确认识的材料,1,0,polysyllabic lexical items,
读祖国人民慰问信,0,1,polysyllabic lexical items,
端饭,0,1,disyllabic lexical items,
蹲,0,1,monosyllabic lexical items,
夺孩子,0,1,polysyllabic lexical items,
夺取对红海的控制权,0,1,polysyllabic lexical items,
躲避,1,0,disyllabic lexical items,
躲避他,2,0,polysyllabic lexical items,
躲避她,1,0,polysyllabic lexical items,
躲避她的目光,0,1,polysyllabic lexical items,
躲避我,1,0,polysyllabic lexical items,
躲避一个厉害的仇家,1,0,polysyllabic lexical items,
躲风,1,0,disyllabic lexical items,
躲警报,2,0,polysyllabic lexical items,
躲王琦瑶,1,0,polysyllabic lexical items,
躲我,1,0,disyllabic lexical items,
发,1,0,monosyllabic lexical items,
发白,3,0,disyllabic lexical items,
发表她的老成卓见,1,0,polysyllabic lexical items,
发表演说,0,1,polysyllabic lexical items,
发表意见,1,0,polysyllabic lexical items,
发表这方面的文章,1,0,polysyllabic lexical items,
发颤,2,0,disyllabic lexical items,
发愁,7,6,disyllabic lexical items,
发出光亮,1,0,polysyllabic lexical items,
发出无可奈何的喘息的声音,1,0,polysyllabic lexical items,
发呆,5,1,disyllabic lexical items,
发动,1,0,disyllabic lexical items,
发动大家找那张订单,0,1,polysyllabic lexical items,
发动第二次世界大战,1,0,polysyllabic lexical items,
发动反对美帝国主义发动新世界战争的签名运动,0,1,polysyllabic lexical items,
发动攻势,1,1,polysyllabic lexical items,
发动旱季攻势,0,1,polysyllabic lexical items,
发动全国规模的内战,0,1,polysyllabic lexical items,
发动新的进攻,0,1,polysyllabic lexical items,
发动战争,0,1,polysyllabic lexical items,
发抖,32,2,disyllabic lexical items,
发短信,1,0,polysyllabic lexical items,
发疯,4,0,disyllabic lexical items,
发肝胃气,1,0,polysyllabic lexical items,
发高烧,4,1,polysyllabic lexical items,
发光,7,0,disyllabic lexical items,
发号牌子,0,1,polysyllabic lexical items,
发挥提升社会文明程度的作用,0,1,polysyllabic lexical items,
发挥有利于我们的作用,0,1,polysyllabic lexical items,
发挥越来越大的作用,0,1,polysyllabic lexical items,
发挥重要作用,1,0,polysyllabic lexical items,
发挥自己的优势，开发、研制环保技术和产品,1,0,polysyllabic lexical items,
发挥作用,2,2,polysyllabic lexical items,
发昏,1,0,disyllabic lexical items,
发火,1,1,disyllabic lexical items,
发急,0,2,disyllabic lexical items,
发狂,1,0,disyllabic lexical items,
发狂发痴,1,0,polysyllabic lexical items,
发牢骚,3,1,polysyllabic lexical items,
发冷,4,0,disyllabic lexical items,
发愣,1,3,disyllabic lexical items,
发亮,5,1,disyllabic lexical items,
发闷,1,0,disyllabic lexical items,
发明各种产品,1,0,polysyllabic lexical items,
发怒,3,1,disyllabic lexical items,
发疟疾,0,2,polysyllabic lexical items,
发脾气,2,0,polysyllabic lexical items,
发脾气打人,1,0,polysyllabic lexical items,
发脾气骂仆人,0,1,polysyllabic lexical items,
发气,1,0,disyllabic lexical items,
发请柬,1,0,polysyllabic lexical items,
发热,2,0,disyllabic lexical items,
发软,1,0,disyllabic lexical items,
发烧,15,2,disyllabic lexical items,
发什么疯,1,0,polysyllabic lexical items,
发神经,1,0,polysyllabic lexical items,
发神经病,1,0,polysyllabic lexical items,
发生,9,25,disyllabic lexical items,
发生变化,4,2,polysyllabic lexical items,
发生从外国帝国主义的统治下解放出来的重要转变,0,1,polysyllabic lexical items,
发生大事情,0,1,polysyllabic lexical items,
发生多样化,0,1,polysyllabic lexical items,
发生翻天覆地的变化,0,1,polysyllabic lexical items,
发生复杂深刻变,0,1,polysyllabic lexical items,
发生改变,3,1,polysyllabic lexical items,
发生根本性变革,0,1,polysyllabic lexical items,
发生广泛而深刻的变化,0,2,polysyllabic lexical items,
发生积极变化,0,1,polysyllabic lexical items,
发生结构性变化,0,1,polysyllabic lexical items,
发生巨变,0,1,polysyllabic lexical items,
发生巨大的变化,0,1,polysyllabic lexical items,
发生了巨大的变化,1,0,polysyllabic lexical items,
发生令人兴奋的变化,0,1,polysyllabic lexical items,
发生社会主义事业的新事情,1,0,polysyllabic lexical items,
发生深刻变革,0,1,polysyllabic lexical items,
发生深刻变化,0,2,polysyllabic lexical items,
发生什么,0,1,polysyllabic lexical items,
发生什么变化,0,1,polysyllabic lexical items,
发生什么事,1,0,polysyllabic lexical items,
发生什么事儿,0,3,polysyllabic lexical items,
发生什么事情,0,1,polysyllabic lexical items,
发生新变化,0,1,polysyllabic lexical items,
发生一次巨大的衍变,0,1,polysyllabic lexical items,
发生一个巨大的变化,0,1,polysyllabic lexical items,
发生质的嬗变,0,1,polysyllabic lexical items,
发生重大的变革,0,1,polysyllabic lexical items,
发生重大的改变,0,1,polysyllabic lexical items,
发生重要变化,0,1,polysyllabic lexical items,
发生作用,2,0,polysyllabic lexical items,
发烫,2,0,disyllabic lexical items,
发疼,2,0,disyllabic lexical items,
发痛,2,0,disyllabic lexical items,
发威,0,1,disyllabic lexical items,
发问,1,0,disyllabic lexical items,
发现年轻的标志,1,0,polysyllabic lexical items,
发现问题、解决问题,1,0,polysyllabic lexical items,
发笑,1,0,disyllabic lexical items,
发些微汗,1,0,polysyllabic lexical items,
发新闻,1,0,polysyllabic lexical items,
发薪,1,0,disyllabic lexical items,
发言介绍,1,0,polysyllabic lexical items,
发扬,1,1,disyllabic lexical items,
发痒,1,0,disyllabic lexical items,
发议论,1,0,polysyllabic lexical items,
发展,61,30,disyllabic lexical items,
发展变化,1,0,polysyllabic lexical items,
发展国内的交通事业,0,1,polysyllabic lexical items,
发展合成橡胶工业,1,0,polysyllabic lexical items,
发展和加强,1,0,polysyllabic lexical items,
发展和坚持,0,1,polysyllabic lexical items,
发展核武器,3,0,polysyllabic lexical items,
发展经济,1,0,polysyllabic lexical items,
发展旅游业,1,0,polysyllabic lexical items,
发展生态观光农业,0,1,polysyllabic lexical items,
发展我,0,1,polysyllabic lexical items,
发展一个能集合所有的菁良人民的方案,1,0,polysyllabic lexical items,
发展这个事业,0,1,polysyllabic lexical items,
发展壮大,1,1,polysyllabic lexical items,
翻床头柜的抽屉,1,0,polysyllabic lexical items,
翻电话号码本,1,0,polysyllabic lexical items,
翻旧社会的老黄历,1,0,polysyllabic lexical items,
翻身,1,1,disyllabic lexical items,
翻什么东西,1,0,polysyllabic lexical items,
翻手头的几个存折,1,0,polysyllabic lexical items,
翻书,2,0,disyllabic lexical items,
翻腾,4,0,disyllabic lexical items,
翻小贝的存折,1,0,polysyllabic lexical items,
翻译罗思的《鬼作家》,0,1,polysyllabic lexical items,
反抗,1,0,disyllabic lexical items,
反抗法西斯色彩日益浓厚的日本资产阶级政府,0,1,polysyllabic lexical items,
反省、思考,1,0,polysyllabic lexical items,
反省它,0,1,polysyllabic lexical items,
犯法,1,0,disyllabic lexical items,
犯罪,2,0,disyllabic lexical items,
防备他,1,0,polysyllabic lexical items,
访问英国,0,1,polysyllabic lexical items,
放,2,0,monosyllabic lexical items,
放爆竹,2,0,polysyllabic lexical items,
放鞭炮,1,0,polysyllabic lexical items,
放冲天炮,1,0,polysyllabic lexical items,
放动画片,0,1,polysyllabic lexical items,
放风筝,2,0,polysyllabic lexical items,
放光,1,0,disyllabic lexical items,
放机关枪,1,0,polysyllabic lexical items,
放那首歌,1,0,polysyllabic lexical items,
放鸟铳过年,0,1,polysyllabic lexical items,
放屁,2,0,disyllabic lexical items,
放钱,1,0,disyllabic lexical items,
放枪,1,0,disyllabic lexical items,
放土炮,1,0,polysyllabic lexical items,
放我的鸽子,1,0,polysyllabic lexical items,
放小跑,1,0,polysyllabic lexical items,
放些什么狗屁,1,0,polysyllabic lexical items,
放焰火,1,0,polysyllabic lexical items,
放野火,1,0,polysyllabic lexical items,
放一个八路军打国军的电视连续剧,1,0,polysyllabic lexical items,
飞,9,0,monosyllabic lexical items,
飞出柴达木,0,1,polysyllabic lexical items,
飞来,0,3,disyllabic lexical items,
分菜,1,0,disyllabic lexical items,
分饭菜,0,1,polysyllabic lexical items,
分果实,0,1,polysyllabic lexical items,
分离出去,0,1,polysyllabic lexical items,
粉碎敌人的‘围剿’,0,1,polysyllabic lexical items,
粉碎原子弹,0,1,polysyllabic lexical items,
奋斗,4,9,disyllabic lexical items,
奋斗什么,1,0,polysyllabic lexical items,
缝,1,0,monosyllabic lexical items,
缝补衬衣,0,1,polysyllabic lexical items,
缝皮袄,1,0,polysyllabic lexical items,
缝旗子,1,0,polysyllabic lexical items,
缝什么,1,0,polysyllabic lexical items,
缝他衣肩上那个破洞,1,0,polysyllabic lexical items,
缝小衣、小帽,0,1,polysyllabic lexical items,
缝鞋,0,1,disyllabic lexical items,
缝一只包裹,1,0,polysyllabic lexical items,
缝衣,1,0,disyllabic lexical items,
爱一切人,1,0,polysyllabic lexical items,
服务,5,0,disyllabic lexical items,
抚摸,1,0,disyllabic lexical items,
抚摸我们的窗户,0,1,polysyllabic lexical items,
辅导孩子们功课,0,1,polysyllabic lexical items,
复习考研究生,0,1,polysyllabic lexical items,
改,1,0,monosyllabic lexical items,
改编为原子师,0,1,polysyllabic lexical items,
改变,10,6,disyllabic lexical items,
改变地球,1,0,polysyllabic lexical items,
改变防务政策,0,1,polysyllabic lexical items,
改变近百年来的电视传播,0,1,polysyllabic lexical items,
改变山区面貌,1,0,polysyllabic lexical items,
改变世界的看法,0,1,polysyllabic lexical items,
改变世界力量对比,0,1,polysyllabic lexical items,
改变他们的精神,2,0,polysyllabic lexical items,
改变我们的生活以及理解世界的方式,0,1,polysyllabic lexical items,
改变颜色,1,0,polysyllabic lexical items,
改变饮食习惯,0,1,polysyllabic lexical items,
改变这种劣势,0,1,polysyllabic lexical items,
改变中国,0,1,polysyllabic lexical items,
改变中国慈善事业的全貌,0,1,polysyllabic lexical items,
改变自己命运,0,1,polysyllabic lexical items,
改变做法,0,1,polysyllabic lexical items,
改革,4,1,disyllabic lexical items,
改进,1,1,disyllabic lexical items,
改进服务方式,1,0,polysyllabic lexical items,
改进和提高,1,0,polysyllabic lexical items,
改进生产日用品的技术设备,0,1,polysyllabic lexical items,
改进组织工作,0,1,polysyllabic lexical items,
改良什么玩意儿,1,0,polysyllabic lexical items,
改善,8,3,disyllabic lexical items,
改善外国投资和经营环境,0,1,polysyllabic lexical items,
改善外国在华投资环境,0,1,polysyllabic lexical items,
改算术作业,1,0,polysyllabic lexical items,
改台词,1,0,polysyllabic lexical items,
改造,2,0,disyllabic lexical items,
改造这一技术,0,1,polysyllabic lexical items,
改正,1,0,disyllabic lexical items,
改作文卷子,0,1,polysyllabic lexical items,
盖房子,1,0,polysyllabic lexical items,
赶,2,0,monosyllabic lexical items,
赶工,1,0,disyllabic lexical items,
赶回家,0,1,polysyllabic lexical items,
赶来,1,1,disyllabic lexical items,
赶路,1,0,disyllabic lexical items,
赶骡子运盐,0,1,polysyllabic lexical items,
赶上经济恢复,0,1,polysyllabic lexical items,
赶时髦,1,0,polysyllabic lexical items,
赶我走,1,0,polysyllabic lexical items,
干,1,1,monosyllabic lexical items,
干活,2,3,disyllabic lexical items,
干吗,8,1,disyllabic lexical items,
干嘛,3,0,disyllabic lexical items,
干没脸的事,1,0,polysyllabic lexical items,
干啥,5,0,disyllabic lexical items,
干什么,45,1,polysyllabic lexical items,
干什么把戏,1,0,polysyllabic lexical items,
干什么不可告人的勾当,1,0,polysyllabic lexical items,
干事,1,0,disyllabic lexical items,
干喜事,1,0,polysyllabic lexical items,
干现代化,1,0,polysyllabic lexical items,
干些什么,2,0,polysyllabic lexical items,
干些什么事情,1,0,polysyllabic lexical items,
干一九八年的活,1,0,polysyllabic lexical items,
干这个,3,0,polysyllabic lexical items,
干这个生活,1,0,polysyllabic lexical items,
干这号买卖,1,0,polysyllabic lexical items,
干这行,1,0,polysyllabic lexical items,
干正事,1,0,polysyllabic lexical items,
干自己的事情,1,0,polysyllabic lexical items,
搞,2,1,monosyllabic lexical items,
搞“联甲倒乙”的继续革命,0,1,polysyllabic lexical items,
搞“体外活动”,1,0,polysyllabic lexical items,
搞“演习”准备反攻,0,1,polysyllabic lexical items,
搞爱民工作,1,0,polysyllabic lexical items,
搞穿梭外交,1,0,polysyllabic lexical items,
搞大扫除,1,0,polysyllabic lexical items,
搞大跃进,1,0,polysyllabic lexical items,
搞第三十四个对象,1,0,polysyllabic lexical items,
搞颠复活动,1,0,polysyllabic lexical items,
搞复辟,1,0,polysyllabic lexical items,
搞鬼,2,0,disyllabic lexical items,
搞和平攻势,0,1,polysyllabic lexical items,
搞花样,1,0,polysyllabic lexical items,
搞缓和,0,1,polysyllabic lexical items,
搞基建,1,0,polysyllabic lexical items,
搞加工,1,0,polysyllabic lexical items,
搞建设,1,0,polysyllabic lexical items,
搞可行性研究,1,0,polysyllabic lexical items,
搞恋爱,2,0,polysyllabic lexical items,
搞秘密计划,1,0,polysyllabic lexical items,
搞你的英语,1,0,polysyllabic lexical items,
搞山头,1,0,polysyllabic lexical items,
搞什么鬼,5,0,polysyllabic lexical items,
搞什么名堂,2,0,polysyllabic lexical items,
搞什么私下活动,1,0,polysyllabic lexical items,
搞什么幽默,1,0,polysyllabic lexical items,
搞四化,1,0,polysyllabic lexical items,
搞糖衣炮弹,1,0,polysyllabic lexical items,
搞威胁,1,0,polysyllabic lexical items,
搞我的电视机,1,0,polysyllabic lexical items,
搞修改《安全条约》勾当,1,0,polysyllabic lexical items,
搞夜战,1,0,polysyllabic lexical items,
搞诈骗,1,0,polysyllabic lexical items,
搞这个,1,0,polysyllabic lexical items,
搞争权夺利的把戏,1,0,polysyllabic lexical items,
搞中枢神经系统以及一些穴位的研究,0,1,polysyllabic lexical items,
告诉敌人,1,0,polysyllabic lexical items,
告诉街市上的人民,1,0,polysyllabic lexical items,
告诉你,1,0,polysyllabic lexical items,
告诉你应该如何处事做人,1,0,polysyllabic lexical items,
告诉人们,4,0,polysyllabic lexical items,
告诉苏联的领袖说我们在准备最终的一战,1,0,polysyllabic lexical items,
告诉他,1,2,polysyllabic lexical items,
告诉她,1,0,polysyllabic lexical items,
告诉她隐情,1,0,polysyllabic lexical items,
告诉我,2,0,polysyllabic lexical items,
告诉我们,2,0,polysyllabic lexical items,
告诉我们什么是爱,1,0,polysyllabic lexical items,
割爸爸的耳朵,1,0,polysyllabic lexical items,
割麦,1,0,disyllabic lexical items,
割麦子,1,0,polysyllabic lexical items,
割他的心,2,0,polysyllabic lexical items,
割她的肉,1,0,polysyllabic lexical items,
割小海心上的肉,1,0,polysyllabic lexical items,
割野草,1,0,polysyllabic lexical items,
给出自己的答案,0,1,polysyllabic lexical items,
给我织毛衣,1,0,polysyllabic lexical items,
给这两句话找出处,1,0,polysyllabic lexical items,
给自己寻找最好的发型,1,0,polysyllabic lexical items,
嫉妒青青,4,0,polysyllabic lexical items,
工作,19,11,disyllabic lexical items,
攻击,2,0,disyllabic lexical items,
攻击他的部队所扼守的险要的阵地玉皇顶,0,1,polysyllabic lexical items,
攻击我底理想,1,0,polysyllabic lexical items,
攻击武昌之激战,1,0,polysyllabic lexical items,
贡献出他们的才能和智慧,0,1,polysyllabic lexical items,
贡献芳香的花,1,0,polysyllabic lexical items,
贡献自己的力量,0,1,polysyllabic lexical items,
鼓动张学良宣布独立,1,0,polysyllabic lexical items,
鼓励,1,0,disyllabic lexical items,
鼓励侵略分子的活动,1,0,polysyllabic lexical items,
鼓励他,1,0,polysyllabic lexical items,
鼓励外来投资,0,1,polysyllabic lexical items,
鼓励医生提高技法,1,0,polysyllabic lexical items,
刮,3,0,monosyllabic lexical items,
刮风,2,0,disyllabic lexical items,
刮风下雨,1,0,polysyllabic lexical items,
刮自己身体,1,0,polysyllabic lexical items,
挂电话,0,1,polysyllabic lexical items,
挂衣服,0,1,polysyllabic lexical items,
嫉妒他的走红,1,0,polysyllabic lexical items,
羡慕出家,1,0,polysyllabic lexical items,
羡慕他们底幸福,1,0,polysyllabic lexical items,
怪自己,1,0,polysyllabic lexical items,
关闭模拟进程,0,1,polysyllabic lexical items,
关闭寨门,0,1,polysyllabic lexical items,
羡慕我底好运,1,0,polysyllabic lexical items,
渴望触摸对方,1,0,polysyllabic lexical items,
渴望寻找一只完整的沙发,1,0,polysyllabic lexical items,
盼,1,0,monosyllabic lexical items,
盼望,1,1,disyllabic lexical items,
盼望回来,1,0,polysyllabic lexical items,
盼望七月四日那一个周末的到来,0,1,polysyllabic lexical items,
盼望这一天,1,0,polysyllabic lexical items,
关注,1,0,disyllabic lexical items,
关注前南地区的形势发展,1,0,polysyllabic lexical items,
关注他,1,0,polysyllabic lexical items,
关注这一事件,1,0,polysyllabic lexical items,
关注这种探索,0,1,polysyllabic lexical items,
关注中国的发展,2,0,polysyllabic lexical items,
关注自己家庭生活质量的提高,1,0,polysyllabic lexical items,
观察工艺流程图,1,0,polysyllabic lexical items,
观察记录舱内状况,1,0,polysyllabic lexical items,
观察你,1,0,polysyllabic lexical items,
观察他,1,0,polysyllabic lexical items,
观察他的反应,1,0,polysyllabic lexical items,
观察他们,1,0,polysyllabic lexical items,
观察他们的拥抱,1,0,polysyllabic lexical items,
观察天气,1,0,polysyllabic lexical items,
观察我,1,0,polysyllabic lexical items,
观察五个人的踪影,0,1,polysyllabic lexical items,
观察许叔微,1,0,polysyllabic lexical items,
观察与研究和五金相关的市场状况,1,0,polysyllabic lexical items,
观察这场斗争,1,0,polysyllabic lexical items,
观察这间小小的楼房,0,1,polysyllabic lexical items,
观察这位新闻业大亨,1,0,polysyllabic lexical items,
观察周围的动,1,0,polysyllabic lexical items,
观察周围的动静,1,0,polysyllabic lexical items,
观察朱丹溪,1,0,polysyllabic lexical items,
观察自己,1,0,polysyllabic lexical items,
观察自己培养的豆苗,1,0,polysyllabic lexical items,
管,1,0,monosyllabic lexical items,
管理,1,0,disyllabic lexical items,
管钱,1,0,disyllabic lexical items,
管羊,1,0,disyllabic lexical items,
管整个制作,1,0,polysyllabic lexical items,
贯彻党的十四届六中全会精神,0,1,polysyllabic lexical items,
贯彻落实,0,1,polysyllabic lexical items,
贯彻落实科学发展观,0,4,polysyllabic lexical items,
贯彻落实新发展理念,0,1,polysyllabic lexical items,
贯彻落实这一方针,0,1,polysyllabic lexical items,
贯彻群众路线大力进行整改,0,1,polysyllabic lexical items,
贯彻十一大路线、深入开展三大革命运动、为在本世纪内实现四个现代化而斗争,0,1,polysyllabic lexical items,
贯彻十一届三中全会精神,0,1,polysyllabic lexical items,
广播一个女明星头部的影象,0,1,polysyllabic lexical items,
逛,1,0,monosyllabic lexical items,
滚,2,1,monosyllabic lexical items,
滚西瓜,1,0,polysyllabic lexical items,
滚雪球,1,0,polysyllabic lexical items,
过节,2,0,disyllabic lexical items,
过年,2,0,disyllabic lexical items,
过日子,1,0,polysyllabic lexical items,
过什么样的日子,1,0,polysyllabic lexical items,
过圣诞节,1,0,polysyllabic lexical items,
过痛苦的生活,1,0,polysyllabic lexical items,
过星期天,0,1,polysyllabic lexical items,
咳嗽,5,0,disyllabic lexical items,
还款,1,0,disyllabic lexical items,
还她的情,1,0,polysyllabic lexical items,
盼望周榕的消息,1,0,polysyllabic lexical items,
盼这一天,1,0,polysyllabic lexical items,
热切盼望我们党的领导干部都应该像孔繁森那样,1,0,polysyllabic lexical items,
喊,44,0,monosyllabic lexical items,
喊“救命”,1,0,polysyllabic lexical items,
喊叫,5,0,disyllabic lexical items,
喊叫啥子,1,0,polysyllabic lexical items,
喊口号,4,0,polysyllabic lexical items,
喊口令,1,0,polysyllabic lexical items,
喊啦啦词,1,0,polysyllabic lexical items,
喊你,4,0,disyllabic lexical items,
喊婆婆,1,0,polysyllabic lexical items,
喊谁站住,1,0,polysyllabic lexical items,
喊什么,2,0,polysyllabic lexical items,
喊什么‘中日亲善',1,0,polysyllabic lexical items,
喊什么‘中日亲善’,0,1,polysyllabic lexical items,
喊他,4,0,disyllabic lexical items,
喊她,5,0,disyllabic lexical items,
喊她下楼接客,1,0,polysyllabic lexical items,
喊我,10,0,disyllabic lexical items,
喊小白,1,0,polysyllabic lexical items,
喊冤,1,0,disyllabic lexical items,
希望人类,1,0,polysyllabic lexical items,
号召保证“军属三不难”,1,0,polysyllabic lexical items,
号召创造北方苏维埃,1,0,polysyllabic lexical items,
号召有多少销路,1,0,polysyllabic lexical items,
喝,4,0,monosyllabic lexical items,
喝白兰地,0,1,polysyllabic lexical items,
喝茶,3,5,disyllabic lexical items,
喝茶聊天,1,0,polysyllabic lexical items,
喝鸡汁汤,0,2,polysyllabic lexical items,
喝酒,13,3,disyllabic lexical items,
喝酒谈笑,0,1,polysyllabic lexical items,
喝李梅亭房里新沏的开水,0,1,polysyllabic lexical items,
喝啤酒,1,0,polysyllabic lexical items,
喝什么,1,0,polysyllabic lexical items,
喝稀饭,0,1,polysyllabic lexical items,
喝一种从没有看到过的饮料,1,0,polysyllabic lexical items,
合大家力量,1,0,polysyllabic lexical items,
合作一个项目,0,1,polysyllabic lexical items,
希望人类将要从新发明中取得幸福,1,0,polysyllabic lexical items,
希望我做长篇呢,1,0,polysyllabic lexical items,
哄抢,1,0,disyllabic lexical items,
哄她,2,0,disyllabic lexical items,
哄我,2,0,disyllabic lexical items,
哄一个小孩儿吃奶,1,0,polysyllabic lexical items,
吼,2,0,monosyllabic lexical items,
后悔,4,0,disyllabic lexical items,
后悔没有打着它,0,1,polysyllabic lexical items,
后悔昨晚不该停下休息过久,0,1,polysyllabic lexical items,
呼唤他的乳名,1,0,polysyllabic lexical items,
呼唤她的名字,1,0,polysyllabic lexical items,
呼唤我的名字,1,0,polysyllabic lexical items,
呼唤一个人的名字,1,0,polysyllabic lexical items,
呼唤一种“令行禁止”的企业作风,1,0,polysyllabic lexical items,
呼吸,2,0,disyllabic lexical items,
希望这个陌生的女孩子，能够参加到他们的行列里面,1,0,polysyllabic lexical items,
互相帮助,1,0,polysyllabic lexical items,
花,1,0,monosyllabic lexical items,
化,1,0,monosyllabic lexical items,
化脓,0,1,disyllabic lexical items,
化雪,1,1,disyllabic lexical items,
化妆,2,0,disyllabic lexical items,
化装,1,0,disyllabic lexical items,
划出厚黑区域,0,1,polysyllabic lexical items,
划船,2,0,disyllabic lexical items,
画,2,1,monosyllabic lexical items,
画“北京人”,0,1,polysyllabic lexical items,
画“冻伤实验”,1,0,polysyllabic lexical items,
画画,1,0,disyllabic lexical items,
画袈裟,1,0,polysyllabic lexical items,
画漫画,1,0,polysyllabic lexical items,
画什么,1,0,polysyllabic lexical items,
画图样,1,0,polysyllabic lexical items,
画椭圆形的展开图,0,1,polysyllabic lexical items,
画一个方形的圆圈,2,0,polysyllabic lexical items,
画最新最美的画图,1,0,polysyllabic lexical items,
怀念死去的付老爷,1,0,polysyllabic lexical items,
怀念她,1,0,polysyllabic lexical items,
怀念周总理,1,0,polysyllabic lexical items,
怀念主人消失的肉体,1,0,polysyllabic lexical items,
指望她邀请他明天去帮忙一样,1,0,polysyllabic lexical items,
仇恨他,1,0,polysyllabic lexical items,
恨他,1,0,disyllabic lexical items,
恨我,1,0,disyllabic lexical items,
欢迎和乌云一道降临的薄暮,1,0,polysyllabic lexical items,
欢迎他回来,1,0,polysyllabic lexical items,
欢迎我们,1,0,polysyllabic lexical items,
幻想从战争中去寻找逃出危机的道路,0,1,polysyllabic lexical items,
幻想著自己,1,0,polysyllabic lexical items,
换,0,1,monosyllabic lexical items,
换钱,1,0,disyllabic lexical items,
换土,0,1,disyllabic lexical items,
换药,0,1,disyllabic lexical items,
换衣服,1,1,polysyllabic lexical items,
换装,1,0,disyllabic lexical items,
换桌围椅垫,1,0,polysyllabic lexical items,
换自来水管,1,0,polysyllabic lexical items,
晃动,10,1,disyllabic lexical items,
恢复,5,1,disyllabic lexical items,
恢复发展,1,2,polysyllabic lexical items,
恢复技术职称、建立技术责任制,1,0,polysyllabic lexical items,
恢复稳定,0,1,polysyllabic lexical items,
恢复正常,0,1,polysyllabic lexical items,
恢复正常秩序,0,1,polysyllabic lexical items,
回答,5,0,disyllabic lexical items,
回答别人的询问,1,0,polysyllabic lexical items,
回答党所提出的一个问题,1,0,polysyllabic lexical items,
回答李宗仁的问话,1,0,polysyllabic lexical items,
回答琴,1,0,polysyllabic lexical items,
回答琴的问话,0,1,polysyllabic lexical items,
回答他,1,1,polysyllabic lexical items,
回答她,2,1,polysyllabic lexical items,
回答她的祝愿,1,0,polysyllabic lexical items,
回头看我,1,0,polysyllabic lexical items,
回忆,4,0,disyllabic lexical items,
回忆过去,1,0,polysyllabic lexical items,
回忆过去的生活,3,0,polysyllabic lexical items,
回忆黄因明所说的梁刚夫和秋敏的秘密事件,1,0,polysyllabic lexical items,
回忆那些内容,1,0,polysyllabic lexical items,
回忆你们如花似锦的童年,1,0,polysyllabic lexical items,
回忆往事,1,0,polysyllabic lexical items,
昏迷,2,0,disyllabic lexical items,
混,1,0,monosyllabic lexical items,
混日子,1,0,polysyllabic lexical items,
爱护孩子,1,0,polysyllabic lexical items,
保留实力,1,0,polysyllabic lexical items,
活动,15,5,disyllabic lexical items,
保证,2,0,disyllabic lexical items,
获得,0,1,disyllabic lexical items,
获得多数支持,0,1,polysyllabic lexical items,
获得解决,0,1,polysyllabic lexical items,
获得进展,0,1,polysyllabic lexical items,
获得适当解决,0,1,polysyllabic lexical items,
积累,1,0,disyllabic lexical items,
集合,1,0,disyllabic lexical items,
集中,1,0,disyllabic lexical items,
集中大部分利润于产业贤米家之毛,1,0,polysyllabic lexical items,
保证青藏公路祖国的血脉畅通,1,0,polysyllabic lexical items,
比喻它的精神,1,0,polysyllabic lexical items,
挤,1,1,monosyllabic lexical items,
挤进视线,1,0,polysyllabic lexical items,
挤奶,0,1,disyllabic lexical items,
计划,0,2,disyllabic lexical items,
计划采伐,0,1,polysyllabic lexical items,
计划开展这里的群众工作,0,1,polysyllabic lexical items,
计划扩大业务范围,1,0,polysyllabic lexical items,
计划有重点地有步骤地建立少年儿童队,1,0,polysyllabic lexical items,
计算,0,1,disyllabic lexical items,
计算谁来看我,1,0,polysyllabic lexical items,
计算什么,2,0,polysyllabic lexical items,
计算怎样”教训”那野马似的多多头,1,0,polysyllabic lexical items,
记,1,0,monosyllabic lexical items,
纪念孙总理,1,0,polysyllabic lexical items,
纪念我,1,0,polysyllabic lexical items,
加班,2,0,disyllabic lexical items,
加班工作,1,1,polysyllabic lexical items,
加木柴,0,1,polysyllabic lexical items,
加强,11,5,disyllabic lexical items,
加强对老挝的控制,1,0,polysyllabic lexical items,
加强反腐力度,1,0,polysyllabic lexical items,
加强海军,0,1,polysyllabic lexical items,
"加强合作,相互协商",0,1,polysyllabic lexical items,
加强军事进攻力量,0,1,polysyllabic lexical items,
加强控制,1,0,polysyllabic lexical items,
加强美国在近东的地位,1,0,polysyllabic lexical items,
加强他们的阵地,1,0,polysyllabic lexical items,
加强团结,1,0,polysyllabic lexical items,
加速,2,0,disyllabic lexical items,
加速调整升级,0,1,polysyllabic lexical items,
加速发展,1,0,polysyllabic lexical items,
加速复活日本军国主义,1,0,polysyllabic lexical items,
加速建设,0,1,polysyllabic lexical items,
加速蒋介石和傅作义的灭亡,0,1,polysyllabic lexical items,
加速进行,1,0,polysyllabic lexical items,
加速扩散,0,1,polysyllabic lexical items,
加速落地,0,1,polysyllabic lexical items,
加速释放,0,1,polysyllabic lexical items,
加速提质,0,1,polysyllabic lexical items,
加速兴建,0,1,polysyllabic lexical items,
加速修建拖拉机站,0,1,polysyllabic lexical items,
加速修建一个雷达基地,0,1,polysyllabic lexical items,
加以解决,0,1,polysyllabic lexical items,
加以克服,0,1,polysyllabic lexical items,
加以仔细研究,0,1,polysyllabic lexical items,
加以重建与恢复,0,1,polysyllabic lexical items,
加长,0,1,disyllabic lexical items,
加重,2,0,disyllabic lexical items,
加重全球普通消费者的负担,0,1,polysyllabic lexical items,
鄙夷他,1,0,polysyllabic lexical items,
打算,2,0,disyllabic lexical items,
打算另想法子,1,0,polysyllabic lexical items,
打算落笔的辞句,0,1,polysyllabic lexical items,
打算去,0,1,polysyllabic lexical items,
打算使德国成为新战争的温床,1,0,polysyllabic lexical items,
坚强战斗,1,0,polysyllabic lexical items,
监督和观察演员们,1,0,polysyllabic lexical items,
监视,0,1,disyllabic lexical items,
监视敌情,0,1,polysyllabic lexical items,
监视东北方,0,1,polysyllabic lexical items,
煎鱼,0,1,disyllabic lexical items,
捡鸭蛋,0,1,polysyllabic lexical items,
检查产品质量,0,1,polysyllabic lexical items,
检查发电设备运行情况,1,0,polysyllabic lexical items,
检查缴获的制假设备,1,0,polysyllabic lexical items,
检查螺撑是否漏水,0,1,polysyllabic lexical items,
检查每一个要过江的人,1,0,polysyllabic lexical items,
检查群众纪律,1,0,polysyllabic lexical items,
检查身体和进行治疗,0,1,polysyllabic lexical items,
减少,15,1,disyllabic lexical items,
减少包装垃圾,1,0,polysyllabic lexical items,
减税,1,0,disyllabic lexical items,
减速,1,1,disyllabic lexical items,
减速慢行,1,0,polysyllabic lexical items,
剪“北京人”的影子,1,0,polysyllabic lexical items,
剪整齐,0,1,polysyllabic lexical items,
剪枝,0,1,disyllabic lexical items,
剪烛花,1,0,polysyllabic lexical items,
建成上海的“药谷”和“生物谷”,0,1,polysyllabic lexical items,
建成新牧区,0,1,polysyllabic lexical items,
建立,2,5,disyllabic lexical items,
建立罕见病大数据库,0,1,polysyllabic lexical items,
建立和完善,0,1,polysyllabic lexical items,
建立基地,1,0,polysyllabic lexical items,
建立金融投资系统,1,0,polysyllabic lexical items,
建立巨型同步稳相加速器,1,0,polysyllabic lexical items,
建立联系,0,1,polysyllabic lexical items,
建立配合美国侵略的战争体制,0,1,polysyllabic lexical items,
建立新的反对修正主义的党和小组,1,0,polysyllabic lexical items,
建立新型战略关系,0,1,polysyllabic lexical items,
建立一个法西斯的中国,0,1,polysyllabic lexical items,
建立一支庞大的军队,0,1,polysyllabic lexical items,
建立自己的生物识别系统,1,0,polysyllabic lexical items,
建设,0,14,disyllabic lexical items,
建设“绿色宝库”,1,0,polysyllabic lexical items,
建设肚会主义,1,0,polysyllabic lexical items,
建设国家数控机床工程研究中心,0,2,polysyllabic lexical items,
建设核电站,0,1,polysyllabic lexical items,
建设科创中心核心承载区和综合性国家科学中心,0,1,polysyllabic lexical items,
建设露天滑冰场和四季旱雪滑雪场,0,1,polysyllabic lexical items,
建设全国最大的科学研究机构之一,0,1,polysyllabic lexical items,
建设热带季风区云降水观测试验基地,0,1,polysyllabic lexical items,
建设社会主义,1,2,polysyllabic lexical items,
建设社会主义市场经济,0,1,polysyllabic lexical items,
建设十几层的新大厦,0,1,polysyllabic lexical items,
建设世界上第一个千伏直流输电工程,0,1,polysyllabic lexical items,
建设新的科学考察破冰船,0,1,polysyllabic lexical items,
建设新生活,0,1,polysyllabic lexical items,
建设新治病区,0,1,polysyllabic lexical items,
建设一个繁荣、文明、和谐、宜居的现代化城市,0,1,polysyllabic lexical items,
建设一个富强的社会主义的中国,0,1,polysyllabic lexical items,
建设有中国特色社会主义的国家,0,1,polysyllabic lexical items,
建设智慧城市,0,1,polysyllabic lexical items,
建筑,0,2,disyllabic lexical items,
建筑火柴厂、糖厂、肥皂厂和榨油厂,0,1,polysyllabic lexical items,
建筑机车库、车站、发电站和水站等,0,1,polysyllabic lexical items,
建筑线路,1,0,polysyllabic lexical items,
将财富转移到香港与美帝国主义正在加紧进行控制的华南,0,1,polysyllabic lexical items,
讲,13,1,monosyllabic lexical items,
讲《三国演义》,1,0,polysyllabic lexical items,
讲别人的事,1,0,polysyllabic lexical items,
讲创造财富和盈利,1,0,polysyllabic lexical items,
讲粗话,1,0,polysyllabic lexical items,
讲爹的坏话,1,0,polysyllabic lexical items,
讲反语,1,0,polysyllabic lexical items,
讲古,1,0,disyllabic lexical items,
讲古代中医的故事,1,0,polysyllabic lexical items,
讲故事,2,0,polysyllabic lexical items,
讲关系学,2,0,polysyllabic lexical items,
讲国耻纪念、二十一条约的意义,1,0,polysyllabic lexical items,
讲过去的老话,1,0,polysyllabic lexical items,
讲和谐之道,1,0,polysyllabic lexical items,
讲话,39,10,disyllabic lexical items,
讲谎话,1,0,polysyllabic lexical items,
讲假话,1,0,polysyllabic lexical items,
讲价,1,0,disyllabic lexical items,
讲价钱,1,0,polysyllabic lexical items,
讲解给耕牛诊断疫病的方法,1,0,polysyllabic lexical items,
讲解人生哲学里的乐观主义,1,0,polysyllabic lexical items,
讲解示范,1,0,polysyllabic lexical items,
讲究校勘训诂之学,1,0,polysyllabic lexical items,
讲课,1,2,disyllabic lexical items,
讲恋爱,0,1,polysyllabic lexical items,
讲男女关系,1,0,polysyllabic lexical items,
讲你,0,1,disyllabic lexical items,
讲你行为上如何达到和谐,1,0,polysyllabic lexical items,
讲你自己,1,0,polysyllabic lexical items,
讲骗话,1,0,polysyllabic lexical items,
讲钱,1,0,disyllabic lexical items,
讲人间的关系,1,0,polysyllabic lexical items,
讲如何处理人和人之间的关系,1,0,polysyllabic lexical items,
讲什么,3,0,polysyllabic lexical items,
讲什么科学知识,1,0,polysyllabic lexical items,
讲述和她一起出来打工的一个小姐妹,1,0,polysyllabic lexical items,
讲述老百姓自己的故事,1,0,polysyllabic lexical items,
讲述梦中断断续续没头没尾的情景,1,0,polysyllabic lexical items,
讲述他和世界、和历史的纠葛,1,0,polysyllabic lexical items,
讲述他认识的一个人卖掉一个肾以后赚了三万多元,0,1,polysyllabic lexical items,
讲数口,0,1,polysyllabic lexical items,
讲他怎样向法国人作战事宣传,1,0,polysyllabic lexical items,
讲她是怎么打你的,1,0,polysyllabic lexical items,
讲我的坏话,2,0,polysyllabic lexical items,
讲笑话,1,0,polysyllabic lexical items,
讲些什么,1,0,polysyllabic lexical items,
讲一点我也在想的问题,1,0,polysyllabic lexical items,
讲一个阴阳之道,1,0,polysyllabic lexical items,
讲一些名品的产地,1,0,polysyllabic lexical items,
讲阴阳之道,1,0,polysyllabic lexical items,
讲游击战术,0,1,polysyllabic lexical items,
讲中国的事情,1,0,polysyllabic lexical items,
讲中国话,2,0,polysyllabic lexical items,
讲自己,1,0,polysyllabic lexical items,
讲自己最要好的朋友,1,0,polysyllabic lexical items,
讲做人之道,1,0,polysyllabic lexical items,
讲做生意,1,0,polysyllabic lexical items,
降,1,0,monosyllabic lexical items,
降落,1,1,disyllabic lexical items,
降温,0,1,disyllabic lexical items,
交出亮眼的成绩单,0,1,polysyllabic lexical items,
交代什么,1,0,polysyllabic lexical items,
交换充满幻想的密约,1,0,polysyllabic lexical items,
交换意见,1,0,polysyllabic lexical items,
交换战事的消息,1,0,polysyllabic lexical items,
交流,4,0,disyllabic lexical items,
交涉,3,1,disyllabic lexical items,
交谈,2,0,disyllabic lexical items,
浇别人凉水,1,0,polysyllabic lexical items,
浇棉花,1,0,polysyllabic lexical items,
浇水,1,0,disyllabic lexical items,
搅拌混凝土,1,0,polysyllabic lexical items,
叫,50,1,monosyllabic lexical items,
叫：柏青！柏青！,1,0,polysyllabic lexical items,
叫“救命哪”,1,0,polysyllabic lexical items,
叫“妈呀！”,1,0,polysyllabic lexical items,
叫“买开水！”,1,0,polysyllabic lexical items,
叫“拿酒来！”,1,0,polysyllabic lexical items,
叫“佩瑶”,1,0,polysyllabic lexical items,
叫“汪先生”,1,0,polysyllabic lexical items,
叫“先给我斟！”,1,0,polysyllabic lexical items,
叫好,0,1,disyllabic lexical items,
叫号,1,0,disyllabic lexical items,
叫名字,1,0,polysyllabic lexical items,
叫你,1,0,disyllabic lexical items,
叫亲兵们替他在火上烧一只从老百姓家里捉来的老母鸡,0,1,polysyllabic lexical items,
叫谁,1,0,disyllabic lexical items,
叫什么,1,0,polysyllabic lexical items,
叫什么人,1,0,polysyllabic lexical items,
叫他,4,0,disyllabic lexical items,
叫他的名字,1,0,polysyllabic lexical items,
叫他的什么亲戚,1,0,polysyllabic lexical items,
叫他的手下,1,0,polysyllabic lexical items,
叫他收钱,1,0,polysyllabic lexical items,
叫她“进来聊聊”,1,0,polysyllabic lexical items,
叫她把这里再扫一下,1,0,polysyllabic lexical items,
叫她的名字,1,0,polysyllabic lexical items,
叫痛,1,0,disyllabic lexical items,
叫我,7,0,disyllabic lexical items,
叫我的名字,3,0,polysyllabic lexical items,
叫我们走,1,0,polysyllabic lexical items,
叫些什么,1,0,polysyllabic lexical items,
叫自己,2,0,polysyllabic lexical items,
叫自己的名字,2,0,polysyllabic lexical items,
教大家站军姿、踢正步,1,0,polysyllabic lexical items,
教导加林,1,0,polysyllabic lexical items,
教导我们,1,0,polysyllabic lexical items,
教俄文,1,0,polysyllabic lexical items,
教书,2,1,disyllabic lexical items,
教唆犯罪,1,0,polysyllabic lexical items,
教他穿衣服怎样穿,1,0,polysyllabic lexical items,
教她,1,0,disyllabic lexical items,
教她读千字课,0,1,polysyllabic lexical items,
教我应该怎样去读毛主席的书,1,0,polysyllabic lexical items,
教训他,3,0,polysyllabic lexical items,
教一个少女走猫步,1,0,polysyllabic lexical items,
教育劳动人民,0,1,polysyllabic lexical items,
教中国艺术家唱苏丹歌,1,0,polysyllabic lexical items,
接北京来的长途电话,1,0,polysyllabic lexical items,
接待贵宾,1,0,polysyllabic lexical items,
接待一个来自香港的青年参访团,0,1,polysyllabic lexical items,
接电话,1,0,polysyllabic lexical items,
接革命的班,1,0,polysyllabic lexical items,
打算些什么,1,0,polysyllabic lexical items,
打算占人的便宜,1,0,polysyllabic lexical items,
扶秤,1,0,disyllabic lexical items,
跟她,1,0,disyllabic lexical items,
接洽,0,1,disyllabic lexical items,
接受安全帽撞击,0,1,polysyllabic lexical items,
接受改造,0,1,polysyllabic lexical items,
接受桂花传统的日式服侍,0,1,polysyllabic lexical items,
接受恐怖的练习,1,0,polysyllabic lexical items,
接受来自俄国的大批武器供应,0,1,polysyllabic lexical items,
接受命令能人民解放军,0,1,polysyllabic lexical items,
接受那轮船所激起挑战的浪花,1,0,polysyllabic lexical items,
接受手术治疗,0,1,polysyllabic lexical items,
接受长官的授勋,1,0,polysyllabic lexical items,
接受指使菲律宾,1,0,polysyllabic lexical items,
接受治疗、训练,0,1,polysyllabic lexical items,
揭露自己,0,1,polysyllabic lexical items,
竭力解决这些问题,1,0,polysyllabic lexical items,
解放,1,0,disyllabic lexical items,
解放出来,1,0,polysyllabic lexical items,
解决,1,3,disyllabic lexical items,
解决大班额问题,0,1,polysyllabic lexical items,
解决共同的历史任务,1,0,polysyllabic lexical items,
解决和列入逐步解决规划,0,1,polysyllabic lexical items,
解决核子技术和采用半导体问题,0,1,polysyllabic lexical items,
解决建设共产主义的伟大任务,0,1,polysyllabic lexical items,
解决煤气、交通,0,1,polysyllabic lexical items,
解决美国经济封锁所造成的问题,0,1,polysyllabic lexical items,
解决它所面临的任务,0,1,polysyllabic lexical items,
解开,0,1,disyllabic lexical items,
解释,3,1,disyllabic lexical items,
解释翻译,1,0,polysyllabic lexical items,
解他的漂亮西装,0,1,polysyllabic lexical items,
介绍,0,2,disyllabic lexical items,
介绍哪家的姑娘长得最标致,0,1,polysyllabic lexical items,
介绍撒哈拉沙漠,1,0,polysyllabic lexical items,
介绍西方的文学与文论,0,1,polysyllabic lexical items,
介绍中国的经济形势,1,0,polysyllabic lexical items,
介绍自己的美术作品,1,0,polysyllabic lexical items,
尽巨大的努力来缓和国际紧张局势,0,1,polysyllabic lexical items,
尽孝,1,0,disyllabic lexical items,
尽一切努力争取从苏联获得宝贵和有效的重大援助,0,1,polysyllabic lexical items,
尽自己国际主义的责任,1,0,polysyllabic lexical items,
尽最大努力带领当地群众抗灾救灾,1,0,polysyllabic lexical items,
进攻,5,0,disyllabic lexical items,
进攻我们,1,0,polysyllabic lexical items,
进攻新加坡,1,0,polysyllabic lexical items,
进新学堂,1,0,polysyllabic lexical items,
进行,43,94,disyllabic lexical items,
进行“非常危险的赌博”,1,0,polysyllabic lexical items,
进行“强攻山头”的演习,1,0,polysyllabic lexical items,
进行“扫荡”,0,1,polysyllabic lexical items,
进行“退二进三”（退出第二产业，进入第三产业）的城市战略转型,1,0,polysyllabic lexical items,
进行“应急准备”,1,0,polysyllabic lexical items,
进行爱国主义歌咏比赛,0,1,polysyllabic lexical items,
进行比赛或练球,1,0,polysyllabic lexical items,
进行播种育秧,0,1,polysyllabic lexical items,
进行搏斗,1,1,polysyllabic lexical items,
进行裁决,1,0,polysyllabic lexical items,
进行残酷的进攻,0,1,polysyllabic lexical items,
进行操作,1,0,polysyllabic lexical items,
进行猖狂的活动,1,0,polysyllabic lexical items,
进行猖狂的武装侵略和阴谋颠覆活动,0,1,polysyllabic lexical items,
进行城市化,0,1,polysyllabic lexical items,
进行筹备,0,1,polysyllabic lexical items,
进行筹备工作,0,1,polysyllabic lexical items,
进行除雪作业,1,0,polysyllabic lexical items,
进行创新,2,0,polysyllabic lexical items,
进行春耕准备工作,0,1,polysyllabic lexical items,
进行错综复杂的重新组合,0,1,polysyllabic lexical items,
进行打扫工作,1,0,polysyllabic lexical items,
进行大逮捕,1,0,polysyllabic lexical items,
进行大规模建设,0,1,polysyllabic lexical items,
进行大战,1,0,polysyllabic lexical items,
进行稻谷脱粒,1,0,polysyllabic lexical items,
进行地下核试验,1,0,polysyllabic lexical items,
进行第二期资金募集,0,1,polysyllabic lexical items,
进行第三届世界互联网大会新媒体发展论坛,0,1,polysyllabic lexical items,
进行颠覆活动,1,0,polysyllabic lexical items,
进行调查,0,1,polysyllabic lexical items,
进行调研,0,1,polysyllabic lexical items,
进行调整,1,1,polysyllabic lexical items,
进行调整商业网和零售点的工作,1,0,polysyllabic lexical items,
进行斗争,0,4,polysyllabic lexical items,
进行对焦微调,1,0,polysyllabic lexical items,
进行反帝的斗争,1,0,polysyllabic lexical items,
进行反帝抗议运动,1,0,polysyllabic lexical items,
进行反法宣传,1,0,polysyllabic lexical items,
进行反击,1,0,polysyllabic lexical items,
进行防旱抗旱,0,1,polysyllabic lexical items,
进行分果实,0,1,polysyllabic lexical items,
进行疯狂的扫荡,1,0,polysyllabic lexical items,
进行复查工作,0,1,polysyllabic lexical items,
进行复校建校工作,0,1,polysyllabic lexical items,
进行复员,0,1,polysyllabic lexical items,
进行改革,0,1,polysyllabic lexical items,
进行改良以期培养出新品种,0,1,polysyllabic lexical items,
进行改造,1,0,polysyllabic lexical items,
进行革命斗争,1,0,polysyllabic lexical items,
进行革新开放,0,1,polysyllabic lexical items,
进行更加先进的无线电数码传递试验,1,0,polysyllabic lexical items,
进行拱顶施工,0,1,polysyllabic lexical items,
进行关于引进技术的谈判,0,1,polysyllabic lexical items,
进行观测和研究,0,1,polysyllabic lexical items,
进行光子计算机研究,0,1,polysyllabic lexical items,
进行广泛的活动,0,1,polysyllabic lexical items,
进行合作,0,1,polysyllabic lexical items,
进行和平建设,0,1,polysyllabic lexical items,
进行核查,0,1,polysyllabic lexical items,
进行化学和细菌战争准备,1,0,polysyllabic lexical items,
进行划车比赛,0,1,polysyllabic lexical items,
进行恢复改建,0,1,polysyllabic lexical items,
进行恢复训练,0,1,polysyllabic lexical items,
进行会谈,0,1,polysyllabic lexical items,
进行积极认真的准备,0,1,polysyllabic lexical items,
进行技术改造,1,1,polysyllabic lexical items,
进行加工,0,1,polysyllabic lexical items,
进行尖锐的、率直的批评,0,1,polysyllabic lexical items,
进行坚持不渝的努力,1,0,polysyllabic lexical items,
进行坚决的斗争,0,1,polysyllabic lexical items,
进行坚决的战斗,0,1,polysyllabic lexical items,
进行艰苦斗争,0,1,polysyllabic lexical items,
进行检查、总结工作,0,1,polysyllabic lexical items,
进行检查和修补食用菌和毒菌,0,1,polysyllabic lexical items,
进行检修清洗,0,1,polysyllabic lexical items,
进行检验检疫,0,1,polysyllabic lexical items,
进行建立新的大水电厂,1,0,polysyllabic lexical items,
进行建设,1,0,polysyllabic lexical items,
进行鉴定,0,1,polysyllabic lexical items,
进行交换意见,1,0,polysyllabic lexical items,
进行交接,1,0,polysyllabic lexical items,
进行交流,1,0,polysyllabic lexical items,
进行角力,1,0,polysyllabic lexical items,
进行紧张的斗争,0,1,polysyllabic lexical items,
进行紧张的混凝土浇铸,0,1,polysyllabic lexical items,
进行紧张接触和商讨,0,1,polysyllabic lexical items,
进行经济改革和建设,1,0,polysyllabic lexical items,
进行酒精含量检查,0,1,polysyllabic lexical items,
进行军备竞赛,1,0,polysyllabic lexical items,
进行军事训练,0,1,polysyllabic lexical items,
进行刊刻,1,0,polysyllabic lexical items,
进行康复按摩,0,1,polysyllabic lexical items,
进行抗震救灾工作,0,1,polysyllabic lexical items,
进行扩建,0,1,polysyllabic lexical items,
进行扩军备战,0,1,polysyllabic lexical items,
进行历史上最大的加强军事力量的工作,0,1,polysyllabic lexical items,
进行联运工作,0,1,polysyllabic lexical items,
进行每周一次的教师工作抽查,1,0,polysyllabic lexical items,
进行民主改革,0,1,polysyllabic lexical items,
进行冥想训练,1,0,polysyllabic lexical items,
进行那莱哈煤矿主井的建设工作,0,1,polysyllabic lexical items,
进行难度最大的莲花瓣最后安装操作,0,1,polysyllabic lexical items,
进行努力,1,0,polysyllabic lexical items,
进行排水工作,1,0,polysyllabic lexical items,
进行评议,1,0,polysyllabic lexical items,
进行破坏,0,1,polysyllabic lexical items,
进行普查,0,1,polysyllabic lexical items,
进行欺骗和麻痹,1,0,polysyllabic lexical items,
进行其军备之扩充,2,0,polysyllabic lexical items,
进行钳形运动,0,1,polysyllabic lexical items,
进行抢救,0,1,polysyllabic lexical items,
进行侵略,1,0,polysyllabic lexical items,
进行趣味夹球跑比赛,1,0,polysyllabic lexical items,
进行全面改建,0,1,polysyllabic lexical items,
进行全面规划,0,1,polysyllabic lexical items,
进行热烈讨论,1,0,polysyllabic lexical items,
进行三级排查,0,1,polysyllabic lexical items,
进行商议,1,0,polysyllabic lexical items,
进行设备的安装和搭建,0,1,polysyllabic lexical items,
进行设计,0,1,polysyllabic lexical items,
进行社会主义建设,2,2,polysyllabic lexical items,
进行社会主义建设的国家,0,1,polysyllabic lexical items,
进行社会主义建设的中国人民和政府,0,1,polysyllabic lexical items,
进行深犁,1,0,polysyllabic lexical items,
进行深入评审,0,1,polysyllabic lexical items,
进行深入系统的调查研究,0,1,polysyllabic lexical items,
进行审判,0,1,polysyllabic lexical items,
进行审问,1,0,polysyllabic lexical items,
进行生产,1,0,polysyllabic lexical items,
进行生死搏斗,0,1,polysyllabic lexical items,
进行诗朗诵,0,2,polysyllabic lexical items,
进行十五万册中文图书的整理工作,0,1,polysyllabic lexical items,
进行试点,0,1,polysyllabic lexical items,
进行试验,1,0,polysyllabic lexical items,
进行手术,0,1,polysyllabic lexical items,
进行殊死搏斗,0,1,polysyllabic lexical items,
进行数据统计,1,0,polysyllabic lexical items,
进行思考,1,0,polysyllabic lexical items,
进行思想、技术、管理、工作作风和工作方法革命,0,1,polysyllabic lexical items,
进行死亡大殡改,0,1,polysyllabic lexical items,
进行太阳能发电系统的最后安装工作,0,1,polysyllabic lexical items,
进行探索,2,0,polysyllabic lexical items,
进行讨论蒙古人民共和国和日本申请加入联合国的问题,1,0,polysyllabic lexical items,
进行挑选遗象的工作,1,0,polysyllabic lexical items,
进行歪曲和撒谎,1,0,polysyllabic lexical items,
进行危险的政治赌博,0,1,polysyllabic lexical items,
进行威胁,1,0,polysyllabic lexical items,
进行维修施工,0,1,polysyllabic lexical items,
进行伟大的事业,0,1,polysyllabic lexical items,
进行位置维持,1,0,polysyllabic lexical items,
进行武装攻击,0,1,polysyllabic lexical items,
进行西藏部分河流的踏勘工作,0,1,polysyllabic lexical items,
进行夏收预分工作,0,1,polysyllabic lexical items,
进行许多基本建设,0,1,polysyllabic lexical items,
进行研究,2,4,polysyllabic lexical items,
进行一百一十三项新技术新工艺的科学研究,0,1,polysyllabic lexical items,
进行一场仿佛很推心置腹的长谈,1,0,polysyllabic lexical items,
进行一场坚决的自我救赎,0,1,polysyllabic lexical items,
进行一场紧张的“后卫战”,0,1,polysyllabic lexical items,
进行一场足球赛,0,1,polysyllabic lexical items,
进行一次伟大的发明创造,0,1,polysyllabic lexical items,
进行一次友好和亲善的访问,1,0,polysyllabic lexical items,
进行一系列的工作来消除这些缺点,1,0,polysyllabic lexical items,
进行一项工业、农业、电商等多产业融合的发展实践,0,1,polysyllabic lexical items,
进行一些武思,1,0,polysyllabic lexical items,
进行一种策划,0,1,polysyllabic lexical items,
进行以县和国营林场为单位的勘测设计,0,1,polysyllabic lexical items,
进行英勇机智斗争,0,1,polysyllabic lexical items,
进行有力的斗争,0,1,polysyllabic lexical items,
进行预分,0,1,polysyllabic lexical items,
进行越海登陆作战大演习,0,1,polysyllabic lexical items,
进行造林准备,0,1,polysyllabic lexical items,
进行战斗,2,0,polysyllabic lexical items,
进行战争,1,0,polysyllabic lexical items,
进行战争叫嚣,1,0,polysyllabic lexical items,
进行战争煽动和宣传,1,0,polysyllabic lexical items,
进行招投标,0,1,polysyllabic lexical items,
进行哲理性的对话,1,0,polysyllabic lexical items,
进行争取和维护民族独立斗争的,1,0,polysyllabic lexical items,
进行争取提前出产拖拉机的生产准备工作,0,1,polysyllabic lexical items,
进行整体调试,0,1,polysyllabic lexical items,
进行政治体制改革,1,0,polysyllabic lexical items,
进行周密的准备,0,1,polysyllabic lexical items,
进行周五聚礼,1,0,polysyllabic lexical items,
进行装修,0,1,polysyllabic lexical items,
进行追踪侦察,0,1,polysyllabic lexical items,
进行卓有成效的经济、技术和劳务合作,0,1,polysyllabic lexical items,
进行足球比赛,0,1,polysyllabic lexical items,
进行最后的谈判,0,1,polysyllabic lexical items,
怪你,1,1,disyllabic lexical items,
经营苗圃业生意,1,0,polysyllabic lexical items,
经营最古职业,1,0,polysyllabic lexical items,
警告,1,0,disyllabic lexical items,
警告他,1,0,polysyllabic lexical items,
警告他们,1,0,polysyllabic lexical items,
警告我,1,0,polysyllabic lexical items,
敬酒,0,1,disyllabic lexical items,
纠正,1,2,disyllabic lexical items,
纠正农业社包产普遍过高的偏向,0,1,polysyllabic lexical items,
纠正我,1,0,polysyllabic lexical items,
救火,1,0,disyllabic lexical items,
救人,3,0,disyllabic lexical items,
鞠躬,1,0,disyllabic lexical items,
举办德国艺术家托比阿斯·瑞博格的装置展,0,1,polysyllabic lexical items,
举办服务与发展上海浦东服务外包国际论坛,0,1,polysyllabic lexical items,
举办讲演会,1,0,polysyllabic lexical items,
举办题为“梨园第一人·梅兰芳与苏联戏剧”展览会,0,1,polysyllabic lexical items,
举办一场丧礼,0,1,polysyllabic lexical items,
举行,1,10,disyllabic lexical items,
举行测试,1,0,polysyllabic lexical items,
举行第三次的跳舞,2,0,polysyllabic lexical items,
举行二十六届世界乒乓球锦标赛,0,1,polysyllabic lexical items,
举行各种会议,0,1,polysyllabic lexical items,
举行古老而虔诚的祭奠,1,0,polysyllabic lexical items,
举行国际晶体学协会全会,0,1,polysyllabic lexical items,
举行红旗竞赛,0,1,polysyllabic lexical items,
举行化装联欢晚会,0,1,polysyllabic lexical items,
举行婚礼,0,1,polysyllabic lexical items,
举行集会,1,1,polysyllabic lexical items,
举行首发仪式,0,1,polysyllabic lexical items,
举行一次记者招待会,0,1,polysyllabic lexical items,
举行一项纪念活动,0,1,polysyllabic lexical items,
举行有小乐队伴奏的酒会,0,1,polysyllabic lexical items,
举行最后的裁判,1,0,polysyllabic lexical items,
拒绝她,2,0,polysyllabic lexical items,
卷门帘,1,0,polysyllabic lexical items,
掘草根,0,1,polysyllabic lexical items,
掘地,1,0,disyllabic lexical items,
掘笋,0,1,disyllabic lexical items,
掘自己的坟墓,1,0,polysyllabic lexical items,
嚼点心,1,0,polysyllabic lexical items,
开,0,1,monosyllabic lexical items,
开班后会,0,1,polysyllabic lexical items,
开办停学待业高中学生补习学校,0,1,polysyllabic lexical items,
开辩论会,1,0,polysyllabic lexical items,
开采,0,2,disyllabic lexical items,
开茶罐的盖子,1,0,polysyllabic lexical items,
开车,3,0,disyllabic lexical items,
开创国产名牌,0,1,polysyllabic lexical items,
开大会,0,1,polysyllabic lexical items,
开大门,0,2,polysyllabic lexical items,
开刀,0,1,disyllabic lexical items,
开动,2,0,disyllabic lexical items,
开革命,2,0,polysyllabic lexical items,
开沟施肥准备播种,0,1,polysyllabic lexical items,
开锅,2,0,disyllabic lexical items,
开黑名单,0,1,polysyllabic lexical items,
开花,3,1,disyllabic lexical items,
开话匣子,1,0,polysyllabic lexical items,
开荒,1,0,disyllabic lexical items,
开会,12,7,disyllabic lexical items,
开会讨论,0,1,polysyllabic lexical items,
开会研究支前,1,0,polysyllabic lexical items,
开火,2,1,disyllabic lexical items,
开家庭会,1,0,polysyllabic lexical items,
开进市区,0,1,polysyllabic lexical items,
开浚河道,1,0,polysyllabic lexical items,
开门,2,0,disyllabic lexical items,
开炮,0,1,disyllabic lexical items,
开辟,3,0,disyllabic lexical items,
开辟道路,1,0,polysyllabic lexical items,
开辟新的就业空间,1,0,polysyllabic lexical items,
开屏,0,1,disyllabic lexical items,
开汽车,1,0,polysyllabic lexical items,
开全国代表大会,1,0,polysyllabic lexical items,
开什么玩笑,1,0,polysyllabic lexical items,
开讨论会,0,1,polysyllabic lexical items,
开玩笑,35,0,polysyllabic lexical items,
开玩笑说,1,0,polysyllabic lexical items,
开我的玩笑,1,0,polysyllabic lexical items,
开信箱,1,0,polysyllabic lexical items,
开药方,1,0,polysyllabic lexical items,
开一个恶狠狠的玩笑,1,0,polysyllabic lexical items,
开一箱新到的货,0,1,polysyllabic lexical items,
开展,1,18,disyllabic lexical items,
开展“崇尚英雄，精忠报国”主题班会,0,1,polysyllabic lexical items,
开展“堵管理漏洞、增经济效益”宣传计划,0,1,polysyllabic lexical items,
开展“铁腕治霾行动”,0,1,polysyllabic lexical items,
开展奥运总动员,0,1,polysyllabic lexical items,
开展第四次治螟歼灭战,0,1,polysyllabic lexical items,
开展多样性的生产,0,1,polysyllabic lexical items,
开展防汛排涝工作,0,1,polysyllabic lexical items,
开展高空作业,1,0,polysyllabic lexical items,
开展工农业余教育运动,0,1,polysyllabic lexical items,
开展规划设计,1,0,polysyllabic lexical items,
开展和实施“堵管理漏洞增经济效益”宣传计划,0,1,polysyllabic lexical items,
开展科学方法论这门学科的研究,0,1,polysyllabic lexical items,
开展跨部门、跨行业、多层次、多学科的科技攻关,0,1,polysyllabic lexical items,
开展劳动竞赛,0,1,polysyllabic lexical items,
开展美丽乡村建设的许多村庄正清违建,0,1,polysyllabic lexical items,
开展气象信息员、协理员管理系统研究,0,1,polysyllabic lexical items,
开展社会主义竞赛,0,1,polysyllabic lexical items,
开展肃反运动,0,1,polysyllabic lexical items,
开展夏田深耕密植运动,0,1,polysyllabic lexical items,
开展宣传,1,0,polysyllabic lexical items,
开展学大寨的群众运动,0,1,polysyllabic lexical items,
开展一场革命,1,0,polysyllabic lexical items,
开展一场交通运输革命,0,1,polysyllabic lexical items,
开展以抗旱春播和麦田管理为中心的春季生产活动,0,1,polysyllabic lexical items,
开展在宇航中的磁屏蔽、磁保护等项目的研究,1,0,polysyllabic lexical items,
开展这项工作,0,1,polysyllabic lexical items,
开展职工生产竞赛,0,1,polysyllabic lexical items,
开总结会,1,0,polysyllabic lexical items,
砍柴,0,1,disyllabic lexical items,
砍树,1,0,disyllabic lexical items,
看,28,2,monosyllabic lexical items,
看《晨报》,0,1,polysyllabic lexical items,
看《大众哲学》,0,1,polysyllabic lexical items,
看《牡丹亭》,1,0,polysyllabic lexical items,
看《仙佛杂志》,0,1,polysyllabic lexical items,
看报,2,0,disyllabic lexical items,
看报纸,0,1,polysyllabic lexical items,
看病,1,1,disyllabic lexical items,
看博伊尔的《背叛之风》,1,0,polysyllabic lexical items,
看菜单,1,0,polysyllabic lexical items,
看楚地居里的房子,1,0,polysyllabic lexical items,
看窗外的景物,1,0,polysyllabic lexical items,
看村公司今年的财务收支情况,1,0,polysyllabic lexical items,
看大势,1,0,polysyllabic lexical items,
看地上的尸首,1,0,polysyllabic lexical items,
看地图,1,0,polysyllabic lexical items,
看的出神,0,1,polysyllabic lexical items,
看电报,0,1,polysyllabic lexical items,
看电视,1,3,polysyllabic lexical items,
看电视里的连续剧,1,0,polysyllabic lexical items,
看电影,0,1,polysyllabic lexical items,
看电影广告,2,0,polysyllabic lexical items,
看碟片,1,0,polysyllabic lexical items,
看房子,1,0,polysyllabic lexical items,
看放风筝,1,0,polysyllabic lexical items,
看佛经,1,1,polysyllabic lexical items,
看怪物,1,0,polysyllabic lexical items,
看护她的病中的小宝宝,1,0,polysyllabic lexical items,
看黄历,0,1,polysyllabic lexical items,
看讲义,1,0,polysyllabic lexical items,
看菊花,2,0,polysyllabic lexical items,
看里面陈列的糖果点心,1,0,polysyllabic lexical items,
看连长做示范动作似的,1,0,polysyllabic lexical items,
看两份比例悬殊的地图,1,0,polysyllabic lexical items,
看另一个世界里的活动,1,0,polysyllabic lexical items,
看吕纯阳作的那篇《原道》,0,1,polysyllabic lexical items,
看明辉局长有车不坐步行上班,1,0,polysyllabic lexical items,
看哪里,1,0,polysyllabic lexical items,
看那些日记,1,0,polysyllabic lexical items,
看你,5,0,disyllabic lexical items,
看你的处理办法,1,0,polysyllabic lexical items,
看你的演出录像,1,0,polysyllabic lexical items,
看牌,2,0,disyllabic lexical items,
看旁人吃,1,0,polysyllabic lexical items,
看墙壁上挂的那幅米勒底《晚祷》,1,0,polysyllabic lexical items,
看热闹,1,0,polysyllabic lexical items,
看什么,13,0,polysyllabic lexical items,
看什么书,0,1,polysyllabic lexical items,
看手腕上的表,1,0,polysyllabic lexical items,
看守,0,1,disyllabic lexical items,
看书,16,5,disyllabic lexical items,
看树身上的什么东西,1,0,polysyllabic lexical items,
看水,1,0,disyllabic lexical items,
看水鸭子打架,1,0,polysyllabic lexical items,
看说明书,1,0,polysyllabic lexical items,
看他,13,4,disyllabic lexical items,
看他的脑壳,0,1,polysyllabic lexical items,
看它,2,0,disyllabic lexical items,
看她,7,1,disyllabic lexical items,
看她的脚,1,0,polysyllabic lexical items,
看她剪的纸人儿,0,1,polysyllabic lexical items,
看她那润白红亮的两眉间,1,0,polysyllabic lexical items,
看太阳,0,1,polysyllabic lexical items,
看天王塑像,0,1,polysyllabic lexical items,
看碗里的东西,1,0,polysyllabic lexical items,
看问題、想问题、说问题,1,0,polysyllabic lexical items,
看我,3,0,disyllabic lexical items,
看我卡坏了的手,1,0,polysyllabic lexical items,
看我扣在桌上的书,1,0,polysyllabic lexical items,
看我们,2,0,polysyllabic lexical items,
看戏,3,0,disyllabic lexical items,
看新到的《人民文学》二月号,0,1,polysyllabic lexical items,
看新一代的阅读器会是什么样儿,1,0,polysyllabic lexical items,
看信,3,0,disyllabic lexical items,
看一本航海的书,0,1,polysyllabic lexical items,
看一本受到广泛吹捧的小说,1,0,polysyllabic lexical items,
看一本英文书,1,0,polysyllabic lexical items,
看一场滑稽戏,1,0,polysyllabic lexical items,
看一份报纸,1,0,polysyllabic lexical items,
看一封信,1,0,polysyllabic lexical items,
看一个姑娘,1,0,polysyllabic lexical items,
看一个朋友在做一个彩排,1,0,polysyllabic lexical items,
看一个小癞蛤蟆,1,0,polysyllabic lexical items,
看一形情节离奇的戏,1,0,polysyllabic lexical items,
看一张请柬,0,1,polysyllabic lexical items,
看一张纸,1,0,polysyllabic lexical items,
看一座雪下的火山,1,0,polysyllabic lexical items,
看遗嘱以及签名,0,1,polysyllabic lexical items,
看油漆店,1,0,polysyllabic lexical items,
看云,1,0,disyllabic lexical items,
看咱们,1,0,polysyllabic lexical items,
看炸裂送上来的许多统计和表格,1,0,polysyllabic lexical items,
看这个故事,0,1,polysyllabic lexical items,
看这些,1,0,polysyllabic lexical items,
看自己,1,0,polysyllabic lexical items,
抗议,4,0,disyllabic lexical items,
抗议我的背时,1,0,polysyllabic lexical items,
抗议一个夜晚的入侵者,1,0,polysyllabic lexical items,
考路试,1,0,polysyllabic lexical items,
考虑,13,2,disyllabic lexical items,
考虑“以退为进”,1,0,polysyllabic lexical items,
考虑把石油美元用于发展石油化工工业或投资到较小的公司中,0,1,polysyllabic lexical items,
考虑参加阿拉伯联盟,0,1,polysyllabic lexical items,
考虑撤掉google.cn,1,0,polysyllabic lexical items,
考虑承认叛乱分子地位,0,1,polysyllabic lexical items,
考虑出牌的梁波,0,1,polysyllabic lexical items,
考虑打开粮食业的投资渠道,0,1,polysyllabic lexical items,
考虑代理副指导员的批评,1,0,polysyllabic lexical items,
考虑第三次见面的地点,1,0,polysyllabic lexical items,
考虑对伊朗的赔偿问题,0,1,polysyllabic lexical items,
考虑访问莫斯科,1,0,polysyllabic lexical items,
考虑改变耕作品种,0,1,polysyllabic lexical items,
"考虑荷印总督穆
克所拟的建议",0,1,polysyllabic lexical items,
考虑恢复巴以和谈新思路,0,1,polysyllabic lexical items,
考虑回营房的事,1,0,polysyllabic lexical items,
考虑经营一些国际服装品牌,0,1,polysyllabic lexical items,
考虑黎殿选这第二个条,0,1,polysyllabic lexical items,
考虑那样做,1,0,polysyllabic lexical items,
考虑欧阳海和七班的问题,1,0,polysyllabic lexical items,
考虑日后退逃台湾的事,1,0,polysyllabic lexical items,
考虑如何把那个书桌也安放的不落“俗套”,0,1,polysyllabic lexical items,
考虑如何写本,1,0,polysyllabic lexical items,
考虑什么,2,0,polysyllabic lexical items,
考虑什么别的问题,1,0,polysyllabic lexical items,
考虑什么问题,1,0,polysyllabic lexical items,
考虑是否截肢以保住患者的生命,1,0,polysyllabic lexical items,
考虑是否扩军,0,1,polysyllabic lexical items,
考虑是否要为美国运动员配备活性炭空气过滤面罩,0,1,polysyllabic lexical items,
考虑四宝问题,0,1,polysyllabic lexical items,
考虑他这场即将开始的斗争,1,0,polysyllabic lexical items,
考虑通过中立机构来进行这项工作,0,1,polysyllabic lexical items,
考虑为实现会议的决议而采取的进一步的步骤,0,1,polysyllabic lexical items,
考虑未来的风险在哪里,1,0,polysyllabic lexical items,
考虑未来的形势,0,1,polysyllabic lexical items,
考虑问题,0,1,polysyllabic lexical items,
考虑下面的话讲还是不讲,1,0,polysyllabic lexical items,
考虑向联合国控诉美国侵犯领水,1,0,polysyllabic lexical items,
考虑要不要把救火的事谈出来,1,0,polysyllabic lexical items,
考虑要不要反悔,1,0,polysyllabic lexical items,
考虑一个简单而又复杂的问题,1,0,polysyllabic lexical items,
考虑一个严重的问题,1,0,polysyllabic lexical items,
考虑引进自行车自助租赁服务,1,0,polysyllabic lexical items,
考虑应该先吩咐哪一些事情,2,0,polysyllabic lexical items,
考虑在发展和平利用原子能方面进行密切的合作,0,1,polysyllabic lexical items,
考虑怎么才能让春芝站稳立场,1,0,polysyllabic lexical items,
考虑怎么回答,1,0,polysyllabic lexical items,
考虑怎样处理这个伪保长,0,1,polysyllabic lexical items,
考虑战时学童疏,0,1,polysyllabic lexical items,
考虑这个建议,0,1,polysyllabic lexical items,
考虑这个问题,1,0,polysyllabic lexical items,
考虑这句问话包含着什么意思,1,0,polysyllabic lexical items,
考虑这两个问题,0,1,polysyllabic lexical items,
考虑这台巨型挖土机的使用方案,0,1,polysyllabic lexical items,
考虑这些,2,0,polysyllabic lexical items,
考虑准备恢复生产的问题,1,0,polysyllabic lexical items,
考虑自己的经济利益,1,0,polysyllabic lexical items,
考验,2,0,disyllabic lexical items,
考验你是不是真心帮助同志,1,0,polysyllabic lexical items,
考验他,1,0,polysyllabic lexical items,
考验我的忍耐,1,0,polysyllabic lexical items,
烤火,1,1,disyllabic lexical items,
烤什么肉,1,0,polysyllabic lexical items,
靠近,1,2,disyllabic lexical items,
磕头,1,0,disyllabic lexical items,
磕头求饶,1,0,polysyllabic lexical items,
怪我,1,0,disyllabic lexical items,
怪我那天在山上,1,0,polysyllabic lexical items,
克服,1,0,disyllabic lexical items,
克服各种各样宗派的成见和限制,1,0,polysyllabic lexical items,
克服工作中的缺点,0,1,polysyllabic lexical items,
克服严重的自然灾害所造成的困难,0,1,polysyllabic lexical items,
克服障碍为维护自己神圣领土而战斗,0,1,polysyllabic lexical items,
啃,2,0,monosyllabic lexical items,
啃北秃鲁江、南沸流江两座大桥,0,1,polysyllabic lexical items,
啃吃食物,1,0,polysyllabic lexical items,
啃甘蔗,1,0,polysyllabic lexical items,
啃老,1,0,disyllabic lexical items,
啃老玉米棒子,1,0,polysyllabic lexical items,
啃楼板,1,0,polysyllabic lexical items,
啃那嫩草,1,0,polysyllabic lexical items,
啃三文治,0,1,polysyllabic lexical items,
啃桑叶,1,0,polysyllabic lexical items,
啃桑叶的红茎,0,1,polysyllabic lexical items,
啃树皮,1,0,polysyllabic lexical items,
啃土地,1,0,polysyllabic lexical items,
啃硬骨头,1,0,polysyllabic lexical items,
啃纸头,1,0,polysyllabic lexical items,
空喊口号,1,0,polysyllabic lexical items,
控诉,1,0,disyllabic lexical items,
控诉日寇和国民党的罪恶,1,0,polysyllabic lexical items,
"控制起伏的感
情",1,0,polysyllabic lexical items,
扣留美商的货物,1,0,polysyllabic lexical items,
扣衣服,0,1,polysyllabic lexical items,
扣衣纽,1,0,polysyllabic lexical items,
哭,74,2,monosyllabic lexical items,
哭泣,17,1,disyllabic lexical items,
哭什么,1,0,polysyllabic lexical items,
哭死去的四妹子,1,0,polysyllabic lexical items,
哭他自己,1,0,polysyllabic lexical items,
哭她,1,0,disyllabic lexical items,
哭我自己,1,0,polysyllabic lexical items,
哭些什么,1,0,polysyllabic lexical items,
哭自己,1,0,polysyllabic lexical items,
夸陈家,1,0,polysyllabic lexical items,
夸奖你,1,0,polysyllabic lexical items,
夸奖他,1,0,polysyllabic lexical items,
夸奖我,1,0,polysyllabic lexical items,
夸你,1,0,disyllabic lexical items,
夸你炒的菜好吃,1,0,polysyllabic lexical items,
夸他的算盘精明,1,0,polysyllabic lexical items,
害羞,1,0,disyllabic lexical items,
好奇他为什么会到那个村子里去,1,0,polysyllabic lexical items,
扩充军事力量,0,1,polysyllabic lexical items,
扩充培养建筑工人的学校,0,1,polysyllabic lexical items,
扩充台湾的机场,0,1,polysyllabic lexical items,
扩大,24,11,disyllabic lexical items,
扩大队伍,0,1,polysyllabic lexical items,
扩大对柬埔寨的武装进攻,0,1,polysyllabic lexical items,
扩大甘蔗地的面积,0,1,polysyllabic lexical items,
扩大耕地深翻面积,0,1,polysyllabic lexical items,
扩大规模,1,0,polysyllabic lexical items,
扩大金融业开放,0,1,polysyllabic lexical items,
扩大自己的生产能力,1,0,polysyllabic lexical items,
拉,2,0,monosyllabic lexical items,
拉案,1,0,disyllabic lexical items,
拉扯,0,1,disyllabic lexical items,
拉抽屉,1,0,polysyllabic lexical items,
拉大,4,1,disyllabic lexical items,
拉电杆,1,0,polysyllabic lexical items,
拉肥,0,1,disyllabic lexical items,
拉弓,1,0,disyllabic lexical items,
拉胡琴,1,0,polysyllabic lexical items,
拉家常,1,0,polysyllabic lexical items,
拉开或合上,1,0,polysyllabic lexical items,
拉开临时布置的障碍物,0,1,polysyllabic lexical items,
拉门,1,0,disyllabic lexical items,
拉手风琴,2,0,polysyllabic lexical items,
拉他的心,0,1,polysyllabic lexical items,
拉她,1,0,disyllabic lexical items,
拉线操纵,1,0,polysyllabic lexical items,
拉响警报,1,0,polysyllabic lexical items,
拉一个破风箱,1,0,polysyllabic lexical items,
来,1,3,monosyllabic lexical items,
来往,0,1,disyllabic lexical items,
朗诵俄文,1,0,polysyllabic lexical items,
劳动,5,0,disyllabic lexical items,
劳动改造,0,1,polysyllabic lexical items,
了解机器人构造,0,1,polysyllabic lexical items,
离开,1,0,disyllabic lexical items,
离开那里,1,0,polysyllabic lexical items,
离开唯一的依靠,0,1,polysyllabic lexical items,
离开自己,0,1,polysyllabic lexical items,
利用布鲁塞尔谈判所提供的一切机会来搞掉长期来使它感到不痛快的英联邦的关税优惠,0,1,polysyllabic lexical items,
利用当前的局势，努力要实现他们邪恶的目的,1,0,polysyllabic lexical items,
利用豆类作物,1,0,polysyllabic lexical items,
利用刚刚产生的各种有利条件,0,1,polysyllabic lexical items,
利用国内局势的稳定和国际社会的支援两大有利因素，努力建设自己的国家,0,1,polysyllabic lexical items,
利用嘉定伯府和锦衣都督田府对皇后和田贵妃暗中求情,0,1,polysyllabic lexical items,
利用卡斯特洛公路一事“勒索”俄罗斯和叙利亚政府以换取更多的谈判筹码,0,1,polysyllabic lexical items,
利用课余时间抬土、打坯,0,1,polysyllabic lexical items,
利用联合国的招牌来实现它的新殖民主义的目的,1,0,polysyllabic lexical items,
利用马三婆这条线,0,1,polysyllabic lexical items,
利用区划成果指导发展农村商品经济,0,1,polysyllabic lexical items,
利用人们的心理偏差,1,0,polysyllabic lexical items,
利用他们的军事基地和影响打击阿拉伯穆斯林,0,1,polysyllabic lexical items,
利用他们整掉自己,1,0,polysyllabic lexical items,
利用她,1,0,polysyllabic lexical items,
利用谈判大造反华舆论,1,0,polysyllabic lexical items,
利用汛期到来之前的良好时机加紧施工,0,1,polysyllabic lexical items,
利用一切水源、组织起来担水点种,1,0,polysyllabic lexical items,
利用这一点行骗,1,0,polysyllabic lexical items,
联合,1,0,disyllabic lexical items,
联合攻关,0,1,polysyllabic lexical items,
联合行动,1,0,polysyllabic lexical items,
联合有关部门制定相关机制专门为醉酒球迷提供紧急医疗服务,0,1,polysyllabic lexical items,
联欢,1,0,disyllabic lexical items,
联系,2,0,disyllabic lexical items,
练八卦拳,1,0,polysyllabic lexical items,
练兵,0,2,disyllabic lexical items,
练得兴起,0,1,polysyllabic lexical items,
练对刺,1,0,polysyllabic lexical items,
练功,2,0,disyllabic lexical items,
练功夫,1,0,polysyllabic lexical items,
练节目,2,0,polysyllabic lexical items,
练球,0,2,disyllabic lexical items,
练赛跑,1,0,polysyllabic lexical items,
练投弹,1,0,polysyllabic lexical items,
练习,0,2,disyllabic lexical items,
练习包装货物,0,1,polysyllabic lexical items,
练习打飞机,1,0,polysyllabic lexical items,
练习合唱,1,0,polysyllabic lexical items,
练习投手榴弹,1,0,polysyllabic lexical items,
练习瑜伽,0,1,polysyllabic lexical items,
练瑜伽,1,0,polysyllabic lexical items,
恋爱,5,1,disyllabic lexical items,
量米,1,0,disyllabic lexical items,
量那条石头墙,1,0,polysyllabic lexical items,
晾衣服,1,0,polysyllabic lexical items,
领取衣服,0,1,polysyllabic lexical items,
领导,3,1,disyllabic lexical items,
领导波兰人民走向全面的繁荣的发展和祖国的幸福的前途,0,1,polysyllabic lexical items,
领导九亿人民去实现四个现代化,0,1,polysyllabic lexical items,
领导群众生产劲很大,1,0,polysyllabic lexical items,
领导组织国民党军队从葫芦岛经锦州调赴沈阳,0,1,polysyllabic lexical items,
领取民政部门免费提供的米饭、粽子、咸蛋等食品,0,1,polysyllabic lexical items,
留活路,1,0,polysyllabic lexical items,
忽视自己的家,0,1,polysyllabic lexical items,
流,13,1,monosyllabic lexical items,
流鼻血,1,0,polysyllabic lexical items,
流传,1,0,disyllabic lexical items,
流传和泛滥,1,0,polysyllabic lexical items,
流动,6,0,disyllabic lexical items,
流汗,1,0,disyllabic lexical items,
流进这个小房间,0,1,polysyllabic lexical items,
流浪,0,1,disyllabic lexical items,
流泪,16,0,disyllabic lexical items,
流泪寻找他们的好支书朱华银,1,0,polysyllabic lexical items,
流冷汗,1,0,polysyllabic lexical items,
流脓,1,0,disyllabic lexical items,
流清鼻涕,1,0,polysyllabic lexical items,
流淌,5,1,disyllabic lexical items,
怀疑,3,0,disyllabic lexical items,
怀疑是土匪干的,1,0,polysyllabic lexical items,
怀疑我杨子荣是否能胜利完成这一任务,1,0,polysyllabic lexical items,
流血,14,1,disyllabic lexical items,
流血化脓,1,0,polysyllabic lexical items,
流血流汗,1,0,polysyllabic lexical items,
乱收费,1,0,polysyllabic lexical items,
落,3,0,monosyllabic lexical items,
落泪,2,1,disyllabic lexical items,
落雨,1,0,disyllabic lexical items,
骂,7,0,monosyllabic lexical items,
骂“老混蛋”,1,0,polysyllabic lexical items,
骂范懿,1,0,polysyllabic lexical items,
骂妇女落后,1,0,polysyllabic lexical items,
骂街,1,0,disyllabic lexical items,
骂那轮船道,1,0,polysyllabic lexical items,
骂那杀人的机器,1,0,polysyllabic lexical items,
骂人,4,0,disyllabic lexical items,
骂谁,2,0,disyllabic lexical items,
骂四弟,1,0,polysyllabic lexical items,
骂他,1,0,disyllabic lexical items,
骂他给难题别人做,1,0,polysyllabic lexical items,
骂她,1,0,disyllabic lexical items,
骂我,5,0,disyllabic lexical items,
骂我们,0,1,polysyllabic lexical items,
骂贼秃,1,0,polysyllabic lexical items,
骂治安员娶了人家闺女,1,0,polysyllabic lexical items,
骂自己,1,0,polysyllabic lexical items,
埋东西,1,2,polysyllabic lexical items,
埋伤兵,1,0,polysyllabic lexical items,
埋头干活,1,0,polysyllabic lexical items,
埋怨,2,1,disyllabic lexical items,
埋怨儿子,0,1,polysyllabic lexical items,
埋怨合作化,1,0,polysyllabic lexical items,
埋怨你,1,0,polysyllabic lexical items,
埋怨社干部,1,0,polysyllabic lexical items,
埋怨天气,1,0,polysyllabic lexical items,
埋怨我,1,0,polysyllabic lexical items,
买东西,1,0,polysyllabic lexical items,
买房子,1,0,polysyllabic lexical items,
买花线,0,1,polysyllabic lexical items,
买教训,1,0,polysyllabic lexical items,
买米,1,0,disyllabic lexical items,
买票,1,0,disyllabic lexical items,
买肉,0,1,disyllabic lexical items,
买田,1,0,disyllabic lexical items,
买土卖土,1,0,polysyllabic lexical items,
买西瓜,0,1,polysyllabic lexical items,
买小菜,1,0,polysyllabic lexical items,
买烟抽,1,0,polysyllabic lexical items,
买药,1,0,disyllabic lexical items,
迈进,1,5,disyllabic lexical items,
卖,3,0,monosyllabic lexical items,
卖果子,1,0,polysyllabic lexical items,
卖烤羊肉串,1,0,polysyllabic lexical items,
卖书,1,0,disyllabic lexical items,
卖西瓜,1,0,polysyllabic lexical items,
卖羊,1,0,disyllabic lexical items,
卖鱼,1,0,disyllabic lexical items,
满足人们的消遣和娱乐,1,0,polysyllabic lexical items,
蔓延,8,4,disyllabic lexical items,
忙,8,2,monosyllabic lexical items,
忙各人,1,0,polysyllabic lexical items,
忙工作,1,0,polysyllabic lexical items,
忙另外一件更“重要”的事,1,0,polysyllabic lexical items,
忙碌,4,1,disyllabic lexical items,
忙什么,5,0,polysyllabic lexical items,
忙生产,1,0,polysyllabic lexical items,
忙些什么,2,0,polysyllabic lexical items,
忙这个,1,0,polysyllabic lexical items,
忙这事,1,0,polysyllabic lexical items,
冒,1,0,monosyllabic lexical items,
冒充伟大的先知,1,0,polysyllabic lexical items,
冒出火苗,1,0,polysyllabic lexical items,
冒火,1,0,disyllabic lexical items,
冒泡,1,0,disyllabic lexical items,
冒泡泡,1,0,polysyllabic lexical items,
冒气,1,0,disyllabic lexical items,
冒热气,1,1,polysyllabic lexical items,
冒酸水,1,0,polysyllabic lexical items,
冒烟,6,2,disyllabic lexical items,
冒著汽流出,1,0,polysyllabic lexical items,
怀疑自己是不是中了匪徒的诡计而误入歧途,1,0,polysyllabic lexical items,
活,1,0,monosyllabic lexical items,
描眉和化妆,0,1,polysyllabic lexical items,
描他对面的那个裸体美人的轮廓,1,0,polysyllabic lexical items,
灭亡,2,0,disyllabic lexical items,
摸牌,0,1,disyllabic lexical items,
摸索,4,0,disyllabic lexical items,
摸索和寻找自己在商业和市场上的位置,1,0,polysyllabic lexical items,
摸索进行,1,0,polysyllabic lexical items,
摸索研究制造冰毒,1,0,polysyllabic lexical items,
摸索一条最有效的途径,1,0,polysyllabic lexical items,
摸一个糖浆一样的小瓶子,1,0,polysyllabic lexical items,
摸鱼,0,1,disyllabic lexical items,
磨刀,1,0,disyllabic lexical items,
磨斧子,1,0,polysyllabic lexical items,
磨粮,1,0,disyllabic lexical items,
磨面,0,1,disyllabic lexical items,
抹脸,1,0,disyllabic lexical items,
抹墙壁上的洼点,1,0,polysyllabic lexical items,
抹眼泪,2,1,polysyllabic lexical items,
拿爱字来粉饰太平,1,0,polysyllabic lexical items,
拿工资,1,0,polysyllabic lexical items,
拿药,0,1,disyllabic lexical items,
拿自家的东西,1,0,polysyllabic lexical items,
闹,4,1,monosyllabic lexical items,
闹暴发火眼,1,0,polysyllabic lexical items,
闹别扭,1,0,polysyllabic lexical items,
闹辞职,1,0,polysyllabic lexical items,
闹党争,2,0,polysyllabic lexical items,
闹房,1,0,disyllabic lexical items,
闹革命,2,0,polysyllabic lexical items,
闹鬼,1,0,disyllabic lexical items,
闹离婚,1,0,polysyllabic lexical items,
闹男女同学,1,0,polysyllabic lexical items,
闹穷,0,1,disyllabic lexical items,
闹三角恋爱,1,0,polysyllabic lexical items,
闹伤风,0,1,polysyllabic lexical items,
闹伤寒,0,1,polysyllabic lexical items,
闹什么急性传染病,1,0,polysyllabic lexical items,
闹什么情绪,0,1,polysyllabic lexical items,
闹事,1,0,disyllabic lexical items,
闹思想,1,0,polysyllabic lexical items,
闹腾,1,0,disyllabic lexical items,
闹笑话,1,0,polysyllabic lexical items,
闹意见,1,0,polysyllabic lexical items,
念别人的诗,1,0,polysyllabic lexical items,
念大学,0,2,polysyllabic lexical items,
念叨,2,0,disyllabic lexical items,
念叨你,1,0,polysyllabic lexical items,
念佛,1,0,disyllabic lexical items,
念候选名单,1,0,polysyllabic lexical items,
念经,0,1,disyllabic lexical items,
念经祈福,1,0,polysyllabic lexical items,
念你,1,0,disyllabic lexical items,
念你们,1,0,polysyllabic lexical items,
念诗,1,0,disyllabic lexical items,
念书,2,0,disyllabic lexical items,
念他写来的信,1,0,polysyllabic lexical items,
念台湾艺术大学,1,0,polysyllabic lexical items,
念中学二年级,0,1,polysyllabic lexical items,
捏一把汗,1,0,polysyllabic lexical items,
拧身上水溜,0,1,polysyllabic lexical items,
扭屁股,1,0,polysyllabic lexical items,
扭它,1,0,disyllabic lexical items,
扭秧歌,1,0,polysyllabic lexical items,
弄,1,0,monosyllabic lexical items,
弄菜,1,0,disyllabic lexical items,
弄坏自己的眼睛,1,0,polysyllabic lexical items,
弄门闩,1,0,polysyllabic lexical items,
弄女人,1,0,polysyllabic lexical items,
弄什么玄虚,1,0,polysyllabic lexical items,
弄什么艺术的制作,1,0,polysyllabic lexical items,
弄甚么把戏,1,0,polysyllabic lexical items,
弄药,1,0,disyllabic lexical items,
弄衣角,1,0,polysyllabic lexical items,
弄照相机谈话,9,7,polysyllabic lexical items,
努力,18,14,disyllabic lexical items,
努力把筹备工作做得更加完善,0,1,polysyllabic lexical items,
努力保证政策的连续性,1,0,polysyllabic lexical items,
努力涤磨以前苦痛的伤痕,0,1,polysyllabic lexical items,
努力发展,1,0,polysyllabic lexical items,
努力奋斗,0,1,polysyllabic lexical items,
努力改善治安环境,1,0,polysyllabic lexical items,
努力告别简单,0,1,polysyllabic lexical items,
努力跟上步伐,1,0,polysyllabic lexical items,
努力工作,1,0,polysyllabic lexical items,
努力构建大数据产业生态圈,1,0,polysyllabic lexical items,
努力恢复,0,1,polysyllabic lexical items,
努力计划开辟环道,1,0,polysyllabic lexical items,
努力建设我们自己的国家,1,0,polysyllabic lexical items,
努力将农村工业化,1,0,polysyllabic lexical items,
努力将现实主义的电影语言和观众审美需求相结合,1,0,polysyllabic lexical items,
努力扩大巴格达条约成员国的数目,0,1,polysyllabic lexical items,
努力劳动,0,1,polysyllabic lexical items,
努力培植他,1,0,polysyllabic lexical items,
努力取得一些东西,1,0,polysyllabic lexical items,
努力生产,1,0,polysyllabic lexical items,
努力实现大会的四大原则,1,0,polysyllabic lexical items,
努力实现自己的“红薯梦”,0,1,polysyllabic lexical items,
努力使台湾军事化,1,0,polysyllabic lexical items,
努力试种别的植物,1,0,polysyllabic lexical items,
努力提高企业的员工素质,1,0,polysyllabic lexical items,
努力提高质量,1,0,polysyllabic lexical items,
努力完成他们的历史任务,1,0,polysyllabic lexical items,
努力往那方面学习,0,1,polysyllabic lexical items,
努力为农民作事业,1,0,polysyllabic lexical items,
努力稳住运价,1,0,polysyllabic lexical items,
努力学习扮演“父亲”的角色,1,0,polysyllabic lexical items,
努力寻求新的业务模式,1,0,polysyllabic lexical items,
努力用造成新的战争恐怖的方法争取尽量推迟其国内经济危机之到来,1,0,polysyllabic lexical items,
努力增加生产以实际行动推进争取协商和普选的斗争,1,0,polysyllabic lexical items,
努力争取恢复关贸总协定缔约国地位,1,0,polysyllabic lexical items,
努力争取基层党员投赞成票,0,1,polysyllabic lexical items,
努力争取提早完成上半年生产万部双轮双铧犁的任务,0,1,polysyllabic lexical items,
努力争取亚洲和世界和平,1,0,polysyllabic lexical items,
努力准备,1,0,polysyllabic lexical items,
爬,2,4,monosyllabic lexical items,
爬坡,0,1,disyllabic lexical items,
爬山,0,1,disyllabic lexical items,
活的个什么,1,0,polysyllabic lexical items,
活个什么劲,1,0,polysyllabic lexical items,
坚持,1,0,disyllabic lexical items,
坚持斗争,2,0,polysyllabic lexical items,
拍,2,0,monosyllabic lexical items,
拍海滩夕照,1,0,polysyllabic lexical items,
拍哪些新片子,0,1,polysyllabic lexical items,
拍什么,1,0,polysyllabic lexical items,
拍王秉钧底左肩,1,0,polysyllabic lexical items,
拍一个大烟囱,1,0,polysyllabic lexical items,
拍照,1,0,disyllabic lexical items,
拍自己内心的东西,1,0,polysyllabic lexical items,
排,1,0,monosyllabic lexical items,
排除,0,2,disyllabic lexical items,
排队,2,2,disyllabic lexical items,
排队等理发,1,0,polysyllabic lexical items,
排练,2,1,disyllabic lexical items,
排练节目,1,0,polysyllabic lexical items,
排练为访华准备的节目,0,1,polysyllabic lexical items,
排水,0,1,disyllabic lexical items,
徘徊,2,0,disyllabic lexical items,
派遣几百名后备军人到近东去,1,0,polysyllabic lexical items,
派人去参战,0,1,polysyllabic lexical items,
盘算,5,3,disyllabic lexical items,
盘算全市有多少米面铺,1,0,polysyllabic lexical items,
盘算如何攫取个人私利,1,0,polysyllabic lexical items,
盘算他自己的那件重大事情,1,0,polysyllabic lexical items,
盘算她婆家的地了,1,0,polysyllabic lexical items,
盘算未来的奖赏,1,0,polysyllabic lexical items,
盘算要卖我们的房子,1,0,polysyllabic lexical items,
盘问,1,0,disyllabic lexical items,
坚持工作,1,0,polysyllabic lexical items,
坚持马克思列宁主义的革命原则,1,0,polysyllabic lexical items,
坚持我的原则,1,0,polysyllabic lexical items,
坚持长跑,1,0,polysyllabic lexical items,
接近,2,1,disyllabic lexical items,
接近两万米高度,0,1,polysyllabic lexical items,
接近三万米,0,1,polysyllabic lexical items,
抛篮球,1,0,polysyllabic lexical items,
抛锚,0,1,disyllabic lexical items,
抛弃电视广告这种较难测量效果的营销方式,1,0,polysyllabic lexical items,
抛球,1,0,disyllabic lexical items,
抛心力,1,0,polysyllabic lexical items,
跑,17,2,monosyllabic lexical items,
跑步,0,1,disyllabic lexical items,
跑上台阶,0,1,polysyllabic lexical items,
跑运销,0,1,polysyllabic lexical items,
泡茶,1,1,disyllabic lexical items,
泡方便面,0,1,polysyllabic lexical items,
陪伴,1,0,disyllabic lexical items,
陪柳春江一块儿吃酒,2,0,polysyllabic lexical items,
陪什么人吃饭喝酒,0,1,polysyllabic lexical items,
陪苇弟坐,1,0,polysyllabic lexical items,
陪资产阶级的子弟开开心,1,0,polysyllabic lexical items,
培训银行和外贸方面的干部,0,1,polysyllabic lexical items,
培养刚勇的气质,0,1,polysyllabic lexical items,
培养和训练近两千名技术工人,0,1,polysyllabic lexical items,
培养精神贵族,1,0,polysyllabic lexical items,
培养数以千计的年青干部,0,1,polysyllabic lexical items,
培养他,0,1,polysyllabic lexical items,
培养我,1,1,polysyllabic lexical items,
培养幸福的花果,1,0,polysyllabic lexical items,
配合你,1,0,polysyllabic lexical items,
蓬勃发展,0,1,polysyllabic lexical items,
膨胀,3,0,disyllabic lexical items,
捧程再春,1,0,polysyllabic lexical items,
碰杯,0,1,disyllabic lexical items,
批判错误的东西,1,0,polysyllabic lexical items,
批判西方文化,0,1,polysyllabic lexical items,
批评李老汉,1,0,polysyllabic lexical items,
批评你这样那样,0,1,polysyllabic lexical items,
批评您只喜欢两种电影,1,0,polysyllabic lexical items,
批评他,1,0,polysyllabic lexical items,
批评我,1,0,polysyllabic lexical items,
批评我只喜欢两种电影,1,0,polysyllabic lexical items,
批评杨重,0,1,polysyllabic lexical items,
批尤清,0,1,polysyllabic lexical items,
骗你,1,0,disyllabic lexical items,
骗人,6,1,disyllabic lexical items,
骗他,1,0,disyllabic lexical items,
骗她,2,0,disyllabic lexical items,
骗我,2,0,disyllabic lexical items,
骗我们,1,0,polysyllabic lexical items,
飘,2,0,monosyllabic lexical items,
飘荡,3,0,disyllabic lexical items,
飘扬,2,0,disyllabic lexical items,
评论,2,0,disyllabic lexical items,
破坏,1,1,disyllabic lexical items,
破坏阿拉伯各国人民的团结,1,0,polysyllabic lexical items,
破坏阿拉伯团结,1,0,polysyllabic lexical items,
破坏旧的,1,0,polysyllabic lexical items,
破坏尼加拉瓜选举,1,0,polysyllabic lexical items,
破坏你们的爱情,0,1,polysyllabic lexical items,
破坏日内瓦会议规定的任务的执行,0,1,polysyllabic lexical items,
破坏它,1,0,polysyllabic lexical items,
破坏停火和制造边境紧张局势,2,0,polysyllabic lexical items,
破坏我们的社会主义事业,0,1,polysyllabic lexical items,
破坏武器,1,0,polysyllabic lexical items,
破坏这一地区的稳定,0,1,polysyllabic lexical items,
扑火,1,1,disyllabic lexical items,
扑灭已经发生的近东战火,0,1,polysyllabic lexical items,
铺床,1,1,disyllabic lexical items,
铺平道路,1,0,polysyllabic lexical items,
期待,2,0,disyllabic lexical items,
期待诺贝尔奖生理及医学奖获得者内尔教授与中国博士生亲切交谈,1,0,polysyllabic lexical items,
期盼,1,0,disyllabic lexical items,
期盼他的电话,1,0,polysyllabic lexical items,
期盼这次大会,1,0,polysyllabic lexical items,
欺骗他,1,0,polysyllabic lexical items,
欺骗她,1,0,polysyllabic lexical items,
欺骗自己,2,0,polysyllabic lexical items,
奇怪,1,6,disyllabic lexical items,
祈祷,7,0,disyllabic lexical items,
祈祷和平,1,0,polysyllabic lexical items,
祈祷什么,1,0,polysyllabic lexical items,
骑公共自行车,1,0,polysyllabic lexical items,
骑马,1,0,disyllabic lexical items,
接近这个辉煌,0,1,polysyllabic lexical items,
禁止他用任何动作来打搅这一幅静美的图画,1,0,polysyllabic lexical items,
困扰,2,0,disyllabic lexical items,
困扰国家图书馆,1,0,polysyllabic lexical items,
留恋刚刚走出的梦境,1,0,polysyllabic lexical items,
流行,2,2,disyllabic lexical items,
流行什么,1,0,polysyllabic lexical items,
启发她们,1,0,polysyllabic lexical items,
起变化,0,2,polysyllabic lexical items,
起古巴人的作用,0,1,polysyllabic lexical items,
起糊涂心事,1,0,polysyllabic lexical items,
起火,1,1,disyllabic lexical items,
起货,0,1,disyllabic lexical items,
起来,0,1,disyllabic lexical items,
起来斗争,0,1,polysyllabic lexical items,
起破坏作用,1,0,polysyllabic lexical items,
起网,0,1,disyllabic lexical items,
起雾,1,0,disyllabic lexical items,
起效,0,1,disyllabic lexical items,
起作用,11,0,polysyllabic lexical items,
气他什么,1,0,polysyllabic lexical items,
气通讯员,1,0,polysyllabic lexical items,
牵出战马,0,1,polysyllabic lexical items,
前进,74,14,disyllabic lexical items,
前进并向前看,1,0,polysyllabic lexical items,
强迫约旦加入侵略性的巴格达条约,1,0,polysyllabic lexical items,
抢,1,0,monosyllabic lexical items,
抢时间,1,0,polysyllabic lexical items,
抢他们口里的一根骨头,1,0,polysyllabic lexical items,
敲,5,0,monosyllabic lexical items,
敲打“核威慑”的破锣,1,0,polysyllabic lexical items,
敲击他的头,1,0,polysyllabic lexical items,
敲门,5,0,disyllabic lexical items,
敲门叫,1,0,polysyllabic lexical items,
敲门问,0,2,polysyllabic lexical items,
敲他的门,1,0,polysyllabic lexical items,
敲他底房门,1,0,polysyllabic lexical items,
敲她的窗子,1,0,polysyllabic lexical items,
切煎蛋,0,1,polysyllabic lexical items,
切面,0,1,disyllabic lexical items,
切猪草,1,0,polysyllabic lexical items,
清理,0,2,disyllabic lexical items,
清理河道内的淤泥和从上游冲下来的树木,0,2,polysyllabic lexical items,
清理火区余火,0,1,polysyllabic lexical items,
清理书桌,0,2,polysyllabic lexical items,
清理物件,1,0,polysyllabic lexical items,
清理现场,0,1,polysyllabic lexical items,
清理泄出的黄色培养液,0,1,polysyllabic lexical items,
清理帐目,0,1,polysyllabic lexical items,
清醒过来,0,1,polysyllabic lexical items,
请教毛主席,1,0,polysyllabic lexical items,
请教王琦瑶做大衣,1,0,polysyllabic lexical items,
请教掌握充填电话时需要注意的事情,0,1,polysyllabic lexical items,
请客,1,0,disyllabic lexical items,
请求补充枪支子弹,0,1,polysyllabic lexical items,
庆祝,2,0,disyllabic lexical items,
庆祝“五一”国际劳动节,1,0,polysyllabic lexical items,
庆祝胜利,0,1,polysyllabic lexical items,
求进步,3,0,polysyllabic lexical items,
求救,1,1,disyllabic lexical items,
求情,1,0,disyllabic lexical items,
求饶,1,0,disyllabic lexical items,
求他不要往下说,1,0,polysyllabic lexical items,
求他什么事,1,0,polysyllabic lexical items,
求他允许给趁这便船,1,0,polysyllabic lexical items,
求她底宽恕,1,0,polysyllabic lexical items,
求学,2,0,disyllabic lexical items,
求援,2,0,disyllabic lexical items,
驱逐别人,1,0,polysyllabic lexical items,
驱逐难忍的瞌睡,1,0,polysyllabic lexical items,
取出,0,1,disyllabic lexical items,
取得进展,0,1,polysyllabic lexical items,
取得巨大的成就,0,1,polysyllabic lexical items,
取得决定性的胜利,0,1,polysyllabic lexical items,
取得联系,0,1,polysyllabic lexical items,
取得令人瞩目的进展,0,1,polysyllabic lexical items,
取得全国胜利,0,1,polysyllabic lexical items,
取得实质性进展,0,2,polysyllabic lexical items,
取得新的胜利,1,0,polysyllabic lexical items,
取水,1,0,disyllabic lexical items,
去,1,0,monosyllabic lexical items,
流行这首歌,1,0,polysyllabic lexical items,
全体动员进行紧张的支前工作,0,1,polysyllabic lexical items,
劝,1,0,monosyllabic lexical items,
劝解,1,0,disyllabic lexical items,
劝开田,1,0,polysyllabic lexical items,
劝说白莉苹什么,1,0,polysyllabic lexical items,
劝说大家,1,0,polysyllabic lexical items,
劝他,1,0,disyllabic lexical items,
劝他不要老是想反攻大陆,1,0,polysyllabic lexical items,
劝他不要闹,1,0,polysyllabic lexical items,
劝他们,0,1,polysyllabic lexical items,
燃烧,40,9,disyllabic lexical items,
让菜,1,0,disyllabic lexical items,
绕圈子,1,0,polysyllabic lexical items,
迷惑我们,1,0,polysyllabic lexical items,
人吃人,1,0,polysyllabic lexical items,
忍受残酷的刑罚,1,0,polysyllabic lexical items,
忍受极大的痛楚,1,0,polysyllabic lexical items,
忍受落在脸上身上的视线,1,0,polysyllabic lexical items,
忍受那感情的鞭打,1,0,polysyllabic lexical items,
忍受身体内部突然袭来的不适,1,0,polysyllabic lexical items,
忍受一种锋利的刺痛,1,0,polysyllabic lexical items,
认那位苏文纨,1,0,polysyllabic lexical items,
认识到毛泽东的新民主主义及中国共产党和中国人民解放军扶助少数民族的政策乃是西藏人民的救星,0,1,polysyllabic lexical items,
迷路,3,0,disyllabic lexical items,
扔炸弹,1,0,polysyllabic lexical items,
扔砖头,1,0,polysyllabic lexical items,
容忍,1,0,disyllabic lexical items,
融入人们的生产生活,0,1,polysyllabic lexical items,
揉她,1,0,disyllabic lexical items,
揉眼睛,3,0,polysyllabic lexical items,
入圈,0,1,disyllabic lexical items,
入睡,1,0,disyllabic lexical items,
撒粪,0,1,disyllabic lexical items,
撒花瓣和大米,1,0,polysyllabic lexical items,
撒谎,12,0,disyllabic lexical items,
撒气,1,0,disyllabic lexical items,
洒水,1,0,disyllabic lexical items,
洒水和清扫路上的积物,1,0,polysyllabic lexical items,
塞进一个猫脸的人的嘴里去,0,1,polysyllabic lexical items,
散步,3,1,disyllabic lexical items,
散开,1,3,disyllabic lexical items,
散问题,0,1,polysyllabic lexical items,
丧失,0,3,disyllabic lexical items,
丧失威信,0,1,polysyllabic lexical items,
扫地,1,2,disyllabic lexical items,
扫描出来,0,1,polysyllabic lexical items,
扫去,0,1,disyllabic lexical items,
扫雪,0,1,disyllabic lexical items,
杀人,4,0,disyllabic lexical items,
晒麦,1,0,disyllabic lexical items,
晒太阳,2,0,polysyllabic lexical items,
晒阳光,1,0,polysyllabic lexical items,
闪,1,0,monosyllabic lexical items,
闪光,5,0,disyllabic lexical items,
闪亮,1,0,disyllabic lexical items,
闪烁,6,0,disyllabic lexical items,
扇他的嘴巴,0,1,polysyllabic lexical items,
伤人,1,0,disyllabic lexical items,
伤心,1,2,disyllabic lexical items,
伤心落泪,1,1,polysyllabic lexical items,
商量,3,3,disyllabic lexical items,
商量大家打伙儿去租用镇上那条”洋水车”,0,1,polysyllabic lexical items,
商量建都洛阳和称王的事,1,0,polysyllabic lexical items,
商量捐款救济震南村的水灾难民的事情,0,1,polysyllabic lexical items,
商量梨云的后事,0,1,polysyllabic lexical items,
商量清匪,0,1,polysyllabic lexical items,
商量什么,1,0,polysyllabic lexical items,
商量什么秘密军机,1,0,polysyllabic lexical items,
商量事情,1,0,polysyllabic lexical items,
商量应该给她一个什么样的处分,0,1,polysyllabic lexical items,
商量在冰岛北部或东北部建一座全天候的空军基地,0,1,polysyllabic lexical items,
上鞍子,1,0,polysyllabic lexical items,
上班,9,0,disyllabic lexical items,
上班和下班,1,0,polysyllabic lexical items,
上菜,0,1,disyllabic lexical items,
上车,1,2,disyllabic lexical items,
上船,0,1,disyllabic lexical items,
上大学,0,2,polysyllabic lexical items,
上大学四年级,0,1,polysyllabic lexical items,
上俄文课,0,1,polysyllabic lexical items,
上辅导班,1,0,polysyllabic lexical items,
上工,1,0,disyllabic lexical items,
上公开课,0,1,polysyllabic lexical items,
上客,1,0,disyllabic lexical items,
上课,1,5,disyllabic lexical items,
上煤,0,1,disyllabic lexical items,
上升,18,5,disyllabic lexical items,
上网,1,0,disyllabic lexical items,
上小学,0,1,polysyllabic lexical items,
上学,1,1,disyllabic lexical items,
烧,2,0,monosyllabic lexical items,
烧饭,1,1,disyllabic lexical items,
烧锅,1,0,disyllabic lexical items,
烧火煮饭,1,0,polysyllabic lexical items,
烧火做早饭,0,1,polysyllabic lexical items,
烧她的脸,1,0,polysyllabic lexical items,
烧铁,0,1,disyllabic lexical items,
烧香,1,0,disyllabic lexical items,
烧烟,1,1,disyllabic lexical items,
烧烟土,1,0,polysyllabic lexical items,
烧衣舍饭,1,0,polysyllabic lexical items,
烧早饭,0,1,polysyllabic lexical items,
设计,0,4,disyllabic lexical items,
设计从装料到成材连续生产的工厂,0,1,polysyllabic lexical items,
设计或施工,0,1,polysyllabic lexical items,
设计鞋带造型,0,1,polysyllabic lexical items,
设计新油印机,1,0,polysyllabic lexical items,
申请,0,1,disyllabic lexical items,
申请孔子学院的奖学金,0,1,polysyllabic lexical items,
申请要走的,0,1,polysyllabic lexical items,
申请一个科技部科技基础资源调查专项,0,1,polysyllabic lexical items,
申请一张张结婚需要的文件,1,0,polysyllabic lexical items,
伸舌头,1,0,polysyllabic lexical items,
呻吟,9,1,disyllabic lexical items,
呻吟、挣扎,1,0,polysyllabic lexical items,
审,1,0,monosyllabic lexical items,
审查,0,1,disyllabic lexical items,
审问,1,1,disyllabic lexical items,
审问郝摇旗,1,0,polysyllabic lexical items,
审问两个人,0,1,polysyllabic lexical items,
审问杨子荣捉来的小炉匠,1,0,polysyllabic lexical items,
审问一个人,0,1,polysyllabic lexical items,
渗,1,0,monosyllabic lexical items,
渗血丝,1,0,polysyllabic lexical items,
升出地平线,0,1,polysyllabic lexical items,
升高,2,0,disyllabic lexical items,
升帐,0,1,disyllabic lexical items,
生病,2,1,disyllabic lexical items,
生产,4,3,disyllabic lexical items,
生产冰毒,1,0,polysyllabic lexical items,
生产香料,1,0,polysyllabic lexical items,
生产一种小巧玲珑、活泼可爱的儿童自行车,0,1,polysyllabic lexical items,
生产自己的欣赏对象,1,0,polysyllabic lexical items,
生孩子,1,0,polysyllabic lexical items,
生很大的气,0,1,polysyllabic lexical items,
企图“摆脱共产党的领导”,1,0,polysyllabic lexical items,
生闷气,2,0,polysyllabic lexical items,
生气,20,5,disyllabic lexical items,
生谁的气,1,1,polysyllabic lexical items,
生四姑娘的气,0,1,polysyllabic lexical items,
生他的气,1,0,polysyllabic lexical items,
生我的气,3,0,polysyllabic lexical items,
生我什么气,1,0,polysyllabic lexical items,
生小猪,0,1,polysyllabic lexical items,
企图从他身边撬走李嘉诚,1,0,polysyllabic lexical items,
生自己气,1,0,polysyllabic lexical items,
盛饭,1,0,disyllabic lexical items,
失败,2,0,disyllabic lexical items,
失去,1,0,disyllabic lexical items,
失去生命力与活力,0,1,polysyllabic lexical items,
失去自己的斗志,0,1,polysyllabic lexical items,
失去自信,1,0,polysyllabic lexical items,
实现,3,6,disyllabic lexical items,
实现保共第十三次代表大会所制订的战略方针,0,1,polysyllabic lexical items,
实现工作重点的转,0,1,polysyllabic lexical items,
实现全面机械化和自动化,0,1,polysyllabic lexical items,
实现中国人民从站起来到富起来、强起来的伟大飞跃,0,1,polysyllabic lexical items,
实现自动售货,1,0,polysyllabic lexical items,
实现自己的诺言,1,0,polysyllabic lexical items,
实行,3,1,disyllabic lexical items,
实行管制,2,0,polysyllabic lexical items,
实行倾销,1,0,polysyllabic lexical items,
拾地上的玉兰花片,1,0,polysyllabic lexical items,
使劲,1,0,disyllabic lexical items,
使性子,1,0,polysyllabic lexical items,
使用,3,2,disyllabic lexical items,
使用粗暴的武力,0,1,polysyllabic lexical items,
使用毒气残杀老挝苗族人民,0,1,polysyllabic lexical items,
使用很大的力量,0,1,polysyllabic lexical items,
使用金兰湾,0,1,polysyllabic lexical items,
使用联想电脑,2,0,polysyllabic lexical items,
使用两只手,0,1,polysyllabic lexical items,
使用坦克、枪炮,0,1,polysyllabic lexical items,
使用一切方法希望在社会主义国家的大家庭中散布不和,1,0,polysyllabic lexical items,
使用油性涂料,1,0,polysyllabic lexical items,
使用早期的木制车厢,1,0,polysyllabic lexical items,
驶出港湾,0,1,polysyllabic lexical items,
驶入新筑车站货场,0,1,polysyllabic lexical items,
试验,1,3,disyllabic lexical items,
试验什么东西,1,0,polysyllabic lexical items,
试验他,1,0,polysyllabic lexical items,
试验他的刀锋,1,0,polysyllabic lexical items,
试验这一模式,0,1,polysyllabic lexical items,
试衣服,1,0,polysyllabic lexical items,
试营业,1,0,polysyllabic lexical items,
适应和熟悉增值税,0,1,polysyllabic lexical items,
适应沙漠的日子,1,0,polysyllabic lexical items,
适应突来的亮光,1,0,polysyllabic lexical items,
适应这个新的现实,1,0,polysyllabic lexical items,
适应正常重力,0,1,polysyllabic lexical items,
释放出现代观念的热能,1,0,polysyllabic lexical items,
收回它的光芒,0,1,polysyllabic lexical items,
收获,0,1,disyllabic lexical items,
收获谷物,1,0,polysyllabic lexical items,
收获故事和感动,2,0,polysyllabic lexical items,
收获小麦,0,1,polysyllabic lexical items,
收获一年来的劳动果实,0,1,polysyllabic lexical items,
收集材料,0,1,polysyllabic lexical items,
收集一些骂他的文章,0,1,polysyllabic lexical items,
收集资料,0,1,polysyllabic lexical items,
收拾,1,0,disyllabic lexical items,
收拾残乱的餐桌,1,0,polysyllabic lexical items,
收拾东西,0,6,polysyllabic lexical items,
收拾房间,0,1,polysyllabic lexical items,
收拾刚才翻乱的东西,0,2,polysyllabic lexical items,
收拾隔壁房间,0,1,polysyllabic lexical items,
收拾花草,1,0,polysyllabic lexical items,
收拾回去的东西,1,0,polysyllabic lexical items,
收拾镜奁,1,0,polysyllabic lexical items,
收拾卢象升和杨陆凯尸首,0,1,polysyllabic lexical items,
收拾箩担,0,1,polysyllabic lexical items,
收拾那些吸烟的家具,1,0,polysyllabic lexical items,
收拾晒在岸边草地上花花绿绿的衣服和床单,0,1,polysyllabic lexical items,
收拾什么东西,1,0,polysyllabic lexical items,
收拾锁锁剩下来的杂物,0,1,polysyllabic lexical items,
收拾碗,1,0,polysyllabic lexical items,
收拾屋子,0,1,polysyllabic lexical items,
收拾新装修的屋子,0,1,polysyllabic lexical items,
收拾行李,1,0,polysyllabic lexical items,
收拾行装,1,0,polysyllabic lexical items,
收拾一大堆废纸,0,1,polysyllabic lexical items,
收拾一小包行装,0,1,polysyllabic lexical items,
收拾桌子,1,1,polysyllabic lexical items,
收摊儿,0,1,polysyllabic lexical items,
收早稻,1,0,polysyllabic lexical items,
守夜,1,0,disyllabic lexical items,
守寨,1,0,disyllabic lexical items,
受管制,1,0,polysyllabic lexical items,
受过,0,1,disyllabic lexical items,
受苦,9,0,disyllabic lexical items,
受苦受难,2,0,polysyllabic lexical items,
受难,3,0,disyllabic lexical items,
受群众的审查,1,0,polysyllabic lexical items,
受社会的残酷的待遇,1,0,polysyllabic lexical items,
受审,0,1,disyllabic lexical items,
受训,0,1,disyllabic lexical items,
受折磨,1,0,polysyllabic lexical items,
受这三种力的压迫,1,0,polysyllabic lexical items,
受罪,5,0,disyllabic lexical items,
梳头,3,3,disyllabic lexical items,
梳头发,1,0,polysyllabic lexical items,
输液,1,0,disyllabic lexical items,
输液治疗,0,1,polysyllabic lexical items,
企图对美国政府的某些代表人物施行压力,0,1,polysyllabic lexical items,
数和,1,0,disyllabic lexical items,
数快板,1,0,polysyllabic lexical items,
数落荷西,1,0,polysyllabic lexical items,
数洋钱,0,1,polysyllabic lexical items,
刷锅洗碗,1,0,polysyllabic lexical items,
刷牙,1,0,disyllabic lexical items,
甩掉“雾都”帽子,0,1,polysyllabic lexical items,
睡,5,0,monosyllabic lexical items,
睡觉,5,2,disyllabic lexical items,
睡懒觉,1,0,polysyllabic lexical items,
睡午觉,2,1,polysyllabic lexical items,
说,143,3,monosyllabic lexical items,
说"老头子""老太婆",1,0,polysyllabic lexical items,
说：“要努力、要努力”,1,0,polysyllabic lexical items,
说：这儿就是你的家,1,0,polysyllabic lexical items,
说“胡说八道，没有的事”,1,0,polysyllabic lexical items,
说“离婚”这件事,1,0,polysyllabic lexical items,
说“思想解放”、“创新”,1,0,polysyllabic lexical items,
说“死了”、“警察”之类的词,1,0,polysyllabic lexical items,
说「希望龙打几个好仗，早日得胜，好回家乡」,1,0,polysyllabic lexical items,
说白话,1,0,polysyllabic lexical items,
说不贞的女子,1,0,polysyllabic lexical items,
说成“非常危险”,1,0,polysyllabic lexical items,
说创业之后你有多大把握去成功,1,0,polysyllabic lexical items,
说大话、空话,1,0,polysyllabic lexical items,
说二太太,1,0,polysyllabic lexical items,
说疯话,2,0,polysyllabic lexical items,
说服教育,0,1,polysyllabic lexical items,
说服刘胜能够同意他的意见,1,0,polysyllabic lexical items,
说服妈妈,1,0,polysyllabic lexical items,
说服谁,1,0,polysyllabic lexical items,
说服淘气的不听话的小弟弟,1,0,polysyllabic lexical items,
说胡话,1,0,polysyllabic lexical items,
说话,99,13,disyllabic lexical items,
说话儿,1,0,polysyllabic lexical items,
说黄太太,1,0,polysyllabic lexical items,
说谎,9,0,disyllabic lexical items,
说老三,1,0,polysyllabic lexical items,
说老三怎么好几天没来了呢,0,1,polysyllabic lexical items,
说离婚的事儿,0,1,polysyllabic lexical items,
说罗辑,1,0,polysyllabic lexical items,
说梦话,2,0,polysyllabic lexical items,
说明,1,0,disyllabic lexical items,
说明“这事有边”,1,0,polysyllabic lexical items,
说明日本政府积极调整国际关系的起点,1,0,polysyllabic lexical items,
说明他对中国人民的影响,1,0,polysyllabic lexical items,
说明他租的是外村地,1,0,polysyllabic lexical items,
说明这老屋难免易主的原因,0,1,polysyllabic lexical items,
说哪个,2,0,polysyllabic lexical items,
说你,2,0,disyllabic lexical items,
说你的坏话,1,0,polysyllabic lexical items,
说你老丈人家中出了怪事,1,0,polysyllabic lexical items,
说朋友感情上的话,1,0,polysyllabic lexical items,
说气话,1,0,polysyllabic lexical items,
说球,1,0,disyllabic lexical items,
说人家的事情,1,0,polysyllabic lexical items,
说啥,1,0,disyllabic lexical items,
说傻话,1,0,polysyllabic lexical items,
说上海话,1,0,polysyllabic lexical items,
说尚太太,1,0,polysyllabic lexical items,
说谁,3,0,disyllabic lexical items,
说什么,58,4,polysyllabic lexical items,
说什么跟谁说,1,0,polysyllabic lexical items,
说什么金银地主,1,0,polysyllabic lexical items,
说神刀一出，神剑无光了,1,0,polysyllabic lexical items,
说树生,1,0,polysyllabic lexical items,
说他,1,0,disyllabic lexical items,
说他这一来乃是多事,1,0,polysyllabic lexical items,
说她的坏话,1,0,polysyllabic lexical items,
说她的男朋友,0,1,polysyllabic lexical items,
说她的朋友多,1,0,polysyllabic lexical items,
说为除消人类的病敌而努力,1,0,polysyllabic lexical items,
说我,4,2,disyllabic lexical items,
说我“精力充沛”,1,0,polysyllabic lexical items,
说我好棒,1,0,polysyllabic lexical items,
说我就是要为了挣钱,1,0,polysyllabic lexical items,
说我什么闲话,1,0,polysyllabic lexical items,
说我做什么,1,0,polysyllabic lexical items,
说瞎话,1,0,polysyllabic lexical items,
说闲话,1,0,polysyllabic lexical items,
说萧明的坏话,1,0,polysyllabic lexical items,
说笑话,2,2,polysyllabic lexical items,
说些什么,13,0,polysyllabic lexical items,
说一个道理,2,0,polysyllabic lexical items,
说一个女神,1,0,polysyllabic lexical items,
说一件绝大的秘密,1,0,polysyllabic lexical items,
说一篇复杂离奇的《东周列国》,1,0,polysyllabic lexical items,
说一些什么,1,0,polysyllabic lexical items,
说遗传说基因,1,0,polysyllabic lexical items,
说这个,1,0,polysyllabic lexical items,
说这种爱情没有结果,1,0,polysyllabic lexical items,
说真的,2,0,polysyllabic lexical items,
说真话,2,0,polysyllabic lexical items,
说正经话,3,0,polysyllabic lexical items,
说祝福的话,1,0,polysyllabic lexical items,
说自己,1,0,polysyllabic lexical items,
说自己的话,1,0,polysyllabic lexical items,
说祖父,1,0,polysyllabic lexical items,
思考,10,2,disyllabic lexical items,
思考别的,1,0,polysyllabic lexical items,
思考对策,1,0,polysyllabic lexical items,
思考防守的对策,1,0,polysyllabic lexical items,
思考今天如果又等不到工怎么办,0,1,polysyllabic lexical items,
思考某个深奥的问题,1,0,polysyllabic lexical items,
思考欧阳海的问题,1,0,polysyllabic lexical items,
思考如何将企业长远发展与中国的国家发展战略结合在一起,1,0,polysyllabic lexical items,
思考什么,1,0,polysyllabic lexical items,
思考什么「大道理」,0,1,polysyllabic lexical items,
思考脱身的方法,1,0,polysyllabic lexical items,
思考问题,2,1,polysyllabic lexical items,
思考些什么,1,0,polysyllabic lexical items,
思考一个问题,1,0,polysyllabic lexical items,
思考怎么办,1,0,polysyllabic lexical items,
思考这个问题,2,0,polysyllabic lexical items,
思考这些问题,1,0,polysyllabic lexical items,
思考自己的发展问题,2,0,polysyllabic lexical items,
思考自己可以有何作为,1,0,polysyllabic lexical items,
思考自己能从大湾区的建设中发现什么机遇,1,0,polysyllabic lexical items,
思索,29,6,disyllabic lexical items,
思索道静的话,1,0,polysyllabic lexical items,
思索刚才淑华说的一句话,1,0,polysyllabic lexical items,
思索离间之策,0,1,polysyllabic lexical items,
思索什么,5,0,polysyllabic lexical items,
思索什么事情,1,0,polysyllabic lexical items,
思索问题,0,1,polysyllabic lexical items,
思索一件事情,1,0,polysyllabic lexical items,
思索一件重大的事情,1,0,polysyllabic lexical items,
思索有什么解围的办法,0,1,polysyllabic lexical items,
思索再加另外什么字,1,0,polysyllabic lexical items,
思索这个问题,1,0,polysyllabic lexical items,
思索这件事情,1,0,polysyllabic lexical items,
思索这些问题,1,0,polysyllabic lexical items,
撕裂一块布,1,0,polysyllabic lexical items,
撕碎,1,0,disyllabic lexical items,
死,2,1,monosyllabic lexical items,
松开,0,1,disyllabic lexical items,
送饭,0,1,disyllabic lexical items,
送来,1,0,disyllabic lexical items,
送穷,1,0,disyllabic lexical items,
送信,1,0,disyllabic lexical items,
搜查,0,1,disyllabic lexical items,
搜查《挺进报》,1,0,polysyllabic lexical items,
搜查他的同伙,0,1,polysyllabic lexical items,
搜查一个黄脸的商人模样的人,0,1,polysyllabic lexical items,
搜集兵器谱上的各种知名兵刃,1,0,polysyllabic lexical items,
"搜集关于
「新港」的材料",0,1,polysyllabic lexical items,
搜集秘方,1,0,polysyllabic lexical items,
搜集名器谱上的各种名器,1,0,polysyllabic lexical items,
搜集我的材料,0,1,polysyllabic lexical items,
搜集衣裳或是鞋袜,1,0,polysyllabic lexical items,
搜索,0,1,disyllabic lexical items,
搜索并欲消灭他,1,0,polysyllabic lexical items,
搜索她的行踪,0,1,polysyllabic lexical items,
搜索谈话的材料,1,0,polysyllabic lexical items,
搜寻那些渐渐被忘却的往事,1,0,polysyllabic lexical items,
搜寻谁的身影,1,0,polysyllabic lexical items,
搜寻幸存者,0,1,polysyllabic lexical items,
搜寻遇难者的下落,0,1,polysyllabic lexical items,
算地主的地亩,1,0,polysyllabic lexical items,
算计别人,2,0,polysyllabic lexical items,
算计对方,1,0,polysyllabic lexical items,
算计钱钱钱,2,0,polysyllabic lexical items,
算计三个村庄谁家会投他的票,1,0,polysyllabic lexical items,
算江世荣的租子帐,1,0,polysyllabic lexical items,
算账,2,0,disyllabic lexical items,
损害澳大利亚的国际贸易,0,1,polysyllabic lexical items,
损害未来的合作机会,0,1,polysyllabic lexical items,
损失宝贵的市场份额,0,1,polysyllabic lexical items,
缩肩膀,1,0,polysyllabic lexical items,
缩小,14,7,disyllabic lexical items,
缩小它的危害,0,1,polysyllabic lexical items,
缩小同发达国家的差别,1,0,polysyllabic lexical items,
锁门,1,0,disyllabic lexical items,
塌,1,0,monosyllabic lexical items,
踏,1,0,monosyllabic lexical items,
踏大水车,1,0,polysyllabic lexical items,
踏入一个梦境,1,0,polysyllabic lexical items,
踏上一个新的台阶,0,1,polysyllabic lexical items,
踏蹄,1,0,disyllabic lexical items,
抬电杆上山抢修,1,0,polysyllabic lexical items,
抬杠,1,0,disyllabic lexical items,
抬麻翻的三个日本兵和孙毛旦,0,1,polysyllabic lexical items,
抬木头,1,0,polysyllabic lexical items,
抬头,1,1,disyllabic lexical items,
摊饼,0,1,disyllabic lexical items,
摊平,0,1,disyllabic lexical items,
谈,6,1,monosyllabic lexical items,
谈爱,1,0,disyllabic lexical items,
谈夫妻,1,0,polysyllabic lexical items,
谈个人切身的事,1,0,polysyllabic lexical items,
谈工作,0,1,polysyllabic lexical items,
谈共产党,1,0,polysyllabic lexical items,
谈古论今,0,1,polysyllabic lexical items,
谈规划,1,0,polysyllabic lexical items,
谈话,2,1,disyllabic lexical items,
谈火把节留下来的值得纪念的回忆,1,0,polysyllabic lexical items,
谈君子境界,1,0,polysyllabic lexical items,
谈恋爱,5,1,polysyllabic lexical items,
谈论,3,3,disyllabic lexical items,
谈论“北大荒”正经历着的巨大变革,1,0,polysyllabic lexical items,
谈论“人”,1,0,polysyllabic lexical items,
谈论陈家的事情,1,0,polysyllabic lexical items,
谈论村里的账,0,1,polysyllabic lexical items,
谈论房子,1,0,polysyllabic lexical items,
谈论经济大转型,0,1,polysyllabic lexical items,
谈论救亡问题,1,0,polysyllabic lexical items,
谈论军国大计,0,1,polysyllabic lexical items,
谈论连长太太的事情,1,0,polysyllabic lexical items,
谈论那本书的印象,1,0,polysyllabic lexical items,
谈论强台风“妮妲”,1,0,polysyllabic lexical items,
谈论少爷的病,0,1,polysyllabic lexical items,
谈论什么,3,0,polysyllabic lexical items,
谈论什么事,0,1,polysyllabic lexical items,
谈论时局,2,0,polysyllabic lexical items,
谈论颂莲让雁儿吞草纸的事情,1,0,polysyllabic lexical items,
谈论她的事情,2,0,polysyllabic lexical items,
谈论她的嗣子脾气古怪,0,1,polysyllabic lexical items,
谈论田地上的事情,1,0,polysyllabic lexical items,
谈论通信班长的问题,0,1,polysyllabic lexical items,
谈论我,0,1,polysyllabic lexical items,
谈论我和奥尼尔,1,0,polysyllabic lexical items,
谈论我和我的二妹利狄亚,1,0,polysyllabic lexical items,
谈论雾霾这个话题,1,0,polysyllabic lexical items,
谈论些什么,1,0,polysyllabic lexical items,
谈论学习与争红旗的计划,1,0,polysyllabic lexical items,
谈论一本刚看过的对我国目前经济形势及未来发展趋势进行评估的书,0,1,polysyllabic lexical items,
谈论政治,1,0,polysyllabic lexical items,
谈论织毛衣的事,0,1,polysyllabic lexical items,
谈论种植、庄稼,1,0,polysyllabic lexical items,
谈论重要题目,0,1,polysyllabic lexical items,
谈鸣凤的事情,1,0,polysyllabic lexical items,
谈那种可以说是……就是整个社会意义，情感上阴阳和谐的问题,1,0,polysyllabic lexical items,
谈男女大防,1,0,polysyllabic lexical items,
谈钱,1,0,disyllabic lexical items,
谈人类的初始状态,1,0,polysyllabic lexical items,
谈什么,5,0,polysyllabic lexical items,
谈死,1,0,disyllabic lexical items,
谈她生命中的最后时刻,1,0,polysyllabic lexical items,
谈她在冯家的生活情形,0,1,polysyllabic lexical items,
谈天,1,0,disyllabic lexical items,
谈我打得多么好,1,0,polysyllabic lexical items,
谈闲话,3,0,polysyllabic lexical items,
谈笑,4,3,disyllabic lexical items,
谈心,2,2,disyllabic lexical items,
谈学校,1,0,polysyllabic lexical items,
谈药学里一个很重要的一个特点,1,0,polysyllabic lexical items,
谈影片上的故事,1,0,polysyllabic lexical items,
谈枣庄杀鬼子、夺枪的故事,1,0,polysyllabic lexical items,
谈这方面的合作,1,0,polysyllabic lexical items,
谈中国文化里面一个很重要的元素,1,0,polysyllabic lexical items,
谈重要的事,1,0,polysyllabic lexical items,
叹气,5,1,disyllabic lexical items,
叹气、流泪,1,0,polysyllabic lexical items,
叹人心之不古,1,0,polysyllabic lexical items,
探索,3,2,disyllabic lexical items,
探索“更深一层”的艺术手法,1,0,polysyllabic lexical items,
探索符合本国国情的发展道路,0,1,polysyllabic lexical items,
探索共建生态城市,0,1,polysyllabic lexical items,
探索剑波的判断,1,0,polysyllabic lexical items,
探索路子,1,0,polysyllabic lexical items,
探索绿色发展,1,0,polysyllabic lexical items,
探索区校合作,0,1,polysyllabic lexical items,
探索适合本国国情的发展道路,0,1,polysyllabic lexical items,
探索文学艺术的作用,1,0,polysyllabic lexical items,
探索新的途径,0,1,polysyllabic lexical items,
烫发,0,1,disyllabic lexical items,
逃,3,0,monosyllabic lexical items,
逃难,2,0,disyllabic lexical items,
淘米,0,1,disyllabic lexical items,
讨吃过日子,1,0,polysyllabic lexical items,
讨功,1,0,disyllabic lexical items,
讨论,5,5,disyllabic lexical items,
讨论陈若狂身后,0,1,polysyllabic lexical items,
讨论到底是什么东西,1,0,polysyllabic lexical items,
讨论工作,1,0,polysyllabic lexical items,
讨论合作拍片的事,1,0,polysyllabic lexical items,
讨论和交谈,1,0,polysyllabic lexical items,
讨论刘宝善的事,0,2,polysyllabic lexical items,
讨论明天吃啥儿,1,0,polysyllabic lexical items,
讨论什么问题,1,0,polysyllabic lexical items,
讨论是否建立一个“亲人搜索”的产品,1,0,polysyllabic lexical items,
讨论是否需要炸坝,1,0,polysyllabic lexical items,
讨论四月份生产计划,0,1,polysyllabic lexical items,
讨论塑胶花上市后可能产生的经济效益,1,0,polysyllabic lexical items,
讨论燕西的婚事,2,0,polysyllabic lexical items,
讨论应付办法,0,1,polysyllabic lexical items,
讨论怎样增产,1,0,polysyllabic lexical items,
讨论这个事情,1,0,polysyllabic lexical items,
讨论这些事,0,1,polysyllabic lexical items,
讨论中国古典戏剧的象征主义,1,0,polysyllabic lexical items,
讨论作品,1,0,polysyllabic lexical items,
讨米、饿饭、砍柴、挖煤,1,0,polysyllabic lexical items,
企图发动全国性的内战,1,0,polysyllabic lexical items,
企图和中国谈判和平,1,0,polysyllabic lexical items,
踢我,1,0,disyllabic lexical items,
踢足球,1,0,polysyllabic lexical items,
提高,18,3,disyllabic lexical items,
提高它的军队的士气,0,1,polysyllabic lexical items,
提高质量,1,1,polysyllabic lexical items,
提供“坚实的翅膀”和“聪明的脑袋”,1,0,polysyllabic lexical items,
提供安全,1,0,polysyllabic lexical items,
提供更多更好的公共产品,0,1,polysyllabic lexical items,
提供新的“案例”,0,1,polysyllabic lexical items,
提供一个新例子,1,0,polysyllabic lexical items,
提海水,1,0,polysyllabic lexical items,
提脚,1,0,disyllabic lexical items,
提人,1,0,disyllabic lexical items,
提速,1,0,disyllabic lexical items,
提醒人们,1,0,polysyllabic lexical items,
提醒人们被遗忘的粮仓,1,0,polysyllabic lexical items,
提醒他,2,0,polysyllabic lexical items,
提醒他和催促他快快偿还积年老债,1,0,polysyllabic lexical items,
提醒我们,1,0,polysyllabic lexical items,
提醒我自己,1,0,polysyllabic lexical items,
提醒自己,2,0,polysyllabic lexical items,
提议,1,0,disyllabic lexical items,
体会,1,0,disyllabic lexical items,
企图破坏近几年来所取得的国际紧张局势的某些缓和,0,1,polysyllabic lexical items,
体验阿里巴巴“购物项目”,1,0,polysyllabic lexical items,
体验拔“火罐”的疗效,1,0,polysyllabic lexical items,
体验不同的“游戏”,1,0,polysyllabic lexical items,
体验社会冷暖,1,0,polysyllabic lexical items,
体验一种前所未有的激动,0,1,polysyllabic lexical items,
替代传统的交通工具,0,1,polysyllabic lexical items,
替代工业经济,0,1,polysyllabic lexical items,
替他作传,1,0,polysyllabic lexical items,
替我们“保存国粹”之恩故也,0,1,polysyllabic lexical items,
添草,0,1,disyllabic lexical items,
填对一张表格,0,2,polysyllabic lexical items,
填海,1,0,disyllabic lexical items,
舔他煮好的糨糊,0,1,polysyllabic lexical items,
挑,1,0,monosyllabic lexical items,
挑男人,1,0,polysyllabic lexical items,
挑水,1,0,disyllabic lexical items,
挑选花布,1,0,polysyllabic lexical items,
挑选教师和编制教学计划,0,1,polysyllabic lexical items,
跳,31,0,monosyllabic lexical items,
跳动,27,0,disyllabic lexical items,
跳个不停,1,0,polysyllabic lexical items,
跳集体舞,1,0,polysyllabic lexical items,
跳绳,1,0,disyllabic lexical items,
跳贴面舞,1,0,polysyllabic lexical items,
跳舞,6,1,disyllabic lexical items,
跳舞唱歌,0,1,polysyllabic lexical items,
贴春联,0,1,polysyllabic lexical items,
贴金,1,0,disyllabic lexical items,
听,26,0,monosyllabic lexical items,
听电话,0,1,polysyllabic lexical items,
听对方讲话,1,0,polysyllabic lexical items,
听广播,1,0,polysyllabic lexical items,
听广播剧,1,0,polysyllabic lexical items,
听和,1,0,disyllabic lexical items,
听蕙讲话,0,1,polysyllabic lexical items,
听剑云对淑贞讲话,0,1,polysyllabic lexical items,
听讲,2,0,disyllabic lexical items,
听觉新谈他离家的事,1,0,polysyllabic lexical items,
听老唱片,1,0,polysyllabic lexical items,
听你,2,0,disyllabic lexical items,
听你讲的东西,1,0,polysyllabic lexical items,
听琴讲故事,1,0,polysyllabic lexical items,
听琴讲话,0,1,polysyllabic lexical items,
听什么,1,0,polysyllabic lexical items,
听什么响声,1,0,polysyllabic lexical items,
听说话,0,1,polysyllabic lexical items,
听他底话,1,0,polysyllabic lexical items,
听他讲政治课,1,0,polysyllabic lexical items,
听他们那喝醉了的站长说疯话,1,0,polysyllabic lexical items,
听他们说,1,0,polysyllabic lexical items,
听他们说些什么,0,1,polysyllabic lexical items,
听他说,2,0,polysyllabic lexical items,
听她们讲话,1,0,polysyllabic lexical items,
听她说话,0,1,polysyllabic lexical items,
听堂屋的动静,1,0,polysyllabic lexical items,
听我讲,1,0,polysyllabic lexical items,
听我说,1,0,polysyllabic lexical items,
听演讲,1,0,polysyllabic lexical items,
听一场有关微电子的讲座,0,1,polysyllabic lexical items,
听一个别人家的故事,1,0,polysyllabic lexical items,
听一堂“弘扬长征精神、走好改革新长征”的主题课,0,1,polysyllabic lexical items,
听音乐,1,0,polysyllabic lexical items,
听张小川讲话,0,1,polysyllabic lexical items,
听昭华讲日间所遇到的故事,1,0,polysyllabic lexical items,
听周外婆讲话,0,1,polysyllabic lexical items,
停电,1,0,disyllabic lexical items,
同意孙达得的说法,1,0,polysyllabic lexical items,
偷他的吃剩的晚餐,0,1,polysyllabic lexical items,
投入反殖民主义的斗争,0,1,polysyllabic lexical items,
透一口大气,0,1,polysyllabic lexical items,
涂上朱红袈裟,1,0,polysyllabic lexical items,
吐,2,0,monosyllabic lexical items,
吐白沫,1,0,polysyllabic lexical items,
吐出火焰,1,0,polysyllabic lexical items,
吐气,2,0,disyllabic lexical items,
吐血,2,0,disyllabic lexical items,
吐血生病,1,0,polysyllabic lexical items,
吐紫烟,1,0,polysyllabic lexical items,
推广,0,2,disyllabic lexical items,
推广“快锄低铲”的甘蔗收获法,0,1,polysyllabic lexical items,
推广铲工组的“全面质量管理”经验,0,1,polysyllabic lexical items,
推广各种节省钢材和水泥的措施,0,1,polysyllabic lexical items,
推广惠安县乡邮改革的成功经验,0,1,polysyllabic lexical items,
推广我栽培水稻的经验,1,0,polysyllabic lexical items,
推广这种先进采煤法,0,1,polysyllabic lexical items,
推门,1,0,disyllabic lexical items,
推磨,2,0,disyllabic lexical items,
推牌九,1,0,polysyllabic lexical items,
推他,2,0,disyllabic lexical items,
推她,1,0,disyllabic lexical items,
退,4,0,monosyllabic lexical items,
托人找职业,0,1,polysyllabic lexical items,
托什么人买船票,1,0,polysyllabic lexical items,
拖,1,0,monosyllabic lexical items,
拖炮车,1,0,polysyllabic lexical items,
拖延,1,0,disyllabic lexical items,
拖延对日和约的订立,0,1,polysyllabic lexical items,
拖延谈判,1,0,polysyllabic lexical items,
脱鞋,0,1,disyllabic lexical items,
脱衣服,0,1,polysyllabic lexical items,
挖,2,0,monosyllabic lexical items,
挖工事,1,0,polysyllabic lexical items,
挖何首乌,1,0,polysyllabic lexical items,
挖开我的回忆的坟墓,1,0,polysyllabic lexical items,
挖坑,1,0,disyllabic lexical items,
挖苦你,1,0,polysyllabic lexical items,
挖苦她,2,0,polysyllabic lexical items,
挖泥,1,0,disyllabic lexical items,
挖墙洞,0,1,polysyllabic lexical items,
挖沙,1,0,disyllabic lexical items,
挖树桩子,1,0,polysyllabic lexical items,
挖同盟者的墙脚,1,0,polysyllabic lexical items,
挖土,1,0,disyllabic lexical items,
挖土筑路、架设桥梁,1,0,polysyllabic lexical items,
挖一只手电筒,1,0,polysyllabic lexical items,
挖战壕、战斗工事、修军事公路,1,0,polysyllabic lexical items,
完成量的积累,0,1,polysyllabic lexical items,
完成她们解放斗争的各国妇女们的初步成就,0,1,polysyllabic lexical items,
完成一种自我挑战,1,0,polysyllabic lexical items,
玩,7,1,monosyllabic lexical items,
玩“摔炮”,1,0,polysyllabic lexical items,
玩《三体》,1,0,polysyllabic lexical items,
玩把戏,1,0,polysyllabic lexical items,
玩猴子戏,1,0,polysyllabic lexical items,
玩火,2,0,disyllabic lexical items,
玩扑克牌,0,1,polysyllabic lexical items,
玩什么,1,0,polysyllabic lexical items,
玩什么花样,1,0,polysyllabic lexical items,
玩什么花招,1,0,polysyllabic lexical items,
玩耍,6,0,disyllabic lexical items,
玩台球,0,1,polysyllabic lexical items,
"玩同样的把
戏",0,1,polysyllabic lexical items,
玩雪,1,0,disyllabic lexical items,
玩野兽派,1,0,polysyllabic lexical items,
玩这个,1,0,polysyllabic lexical items,
玩政治,1,0,polysyllabic lexical items,
挽救别人的生命,1,0,polysyllabic lexical items,
挽救自己的生命,1,0,polysyllabic lexical items,
企图使台湾和中国分离,1,0,polysyllabic lexical items,
忘记你,1,0,polysyllabic lexical items,
望,3,0,monosyllabic lexical items,
望窗外,1,0,polysyllabic lexical items,
望梨园,2,0,polysyllabic lexical items,
望哪里,1,0,polysyllabic lexical items,
望你,1,0,disyllabic lexical items,
望什么,2,0,polysyllabic lexical items,
望她,1,0,disyllabic lexical items,
望未来的远景,1,0,polysyllabic lexical items,
望我,2,0,disyllabic lexical items,
望一朵残花,1,0,polysyllabic lexical items,
望一个美丽的梦景,1,0,polysyllabic lexical items,
望一个梦景,1,0,polysyllabic lexical items,
望月,1,0,disyllabic lexical items,
威胁,1,0,disyllabic lexical items,
威胁和平,1,0,polysyllabic lexical items,
威胁人民和平的生活文化与福利,1,0,polysyllabic lexical items,
威胁他们的国家和民族的命运,1,0,polysyllabic lexical items,
威胁她,1,0,polysyllabic lexical items,
威胁泰国,1,0,polysyllabic lexical items,
维持,1,0,disyllabic lexical items,
维持大局,1,0,polysyllabic lexical items,
维持秩序,1,0,polysyllabic lexical items,
维护其独立发展任何军备的权利,1,0,polysyllabic lexical items,
维护他,1,0,polysyllabic lexical items,
为世界上好战的人在说话,1,0,polysyllabic lexical items,
去挣钱,1,0,polysyllabic lexical items,
喂饭,0,1,disyllabic lexical items,
喂马,0,2,disyllabic lexical items,
喂磨,1,0,disyllabic lexical items,
喂兔子,2,0,polysyllabic lexical items,
喂叶,0,1,disyllabic lexical items,
喂猪,1,0,disyllabic lexical items,
温习功课,0,1,polysyllabic lexical items,
稳定情绪,0,1,polysyllabic lexical items,
问,42,0,monosyllabic lexical items,
问保润的近况,1,0,polysyllabic lexical items,
问病,1,0,disyllabic lexical items,
问大濂来信没有,1,0,polysyllabic lexical items,
问高福,1,0,polysyllabic lexical items,
问给狗“那轻薄男子还不值得叫”,1,0,polysyllabic lexical items,
问荷西,1,0,polysyllabic lexical items,
问候什么,2,0,polysyllabic lexical items,
问欢欢,1,0,polysyllabic lexical items,
问柳若松,0,1,polysyllabic lexical items,
问那个岁的自己,1,0,polysyllabic lexical items,
问那个下跪求爱者,1,0,polysyllabic lexical items,
问你,9,0,disyllabic lexical items,
问你的工资关系转过来没有,1,0,polysyllabic lexical items,
问你话,1,0,polysyllabic lexical items,
问你知不知道,1,0,polysyllabic lexical items,
问青青,1,0,polysyllabic lexical items,
问三爹这几天怎么没来,1,0,polysyllabic lexical items,
问谁,1,0,disyllabic lexical items,
问什么,1,0,polysyllabic lexical items,
问宋思明的情况,1,0,polysyllabic lexical items,
问他,2,0,disyllabic lexical items,
问他的话,1,0,polysyllabic lexical items,
问同一个问题,1,0,polysyllabic lexical items,
问问题,1,0,polysyllabic lexical items,
问我什么,1,0,polysyllabic lexical items,
问询染思成和林徽因的住处,0,1,polysyllabic lexical items,
问一个老同学,1,0,polysyllabic lexical items,
问长问短,0,1,polysyllabic lexical items,
问这个问题,1,0,polysyllabic lexical items,
问这问那,1,0,polysyllabic lexical items,
问著,1,0,disyllabic lexical items,
问自己,7,0,polysyllabic lexical items,
吸收养份、希望,1,0,polysyllabic lexical items,
吸香烟,1,0,polysyllabic lexical items,
吸烟,6,1,disyllabic lexical items,
吸烟斗,1,0,polysyllabic lexical items,
认识这个小镇,0,1,polysyllabic lexical items,
生活,3,1,disyllabic lexical items,
生长,8,4,disyllabic lexical items,
熟悉机器设备情况,1,0,polysyllabic lexical items,
牺牲朝鲜民主主义人民共和国的利益来讨好朴正熙集团,0,1,polysyllabic lexical items,
洗,1,0,monosyllabic lexical items,
洗厕所,1,0,polysyllabic lexical items,
洗脚,2,2,disyllabic lexical items,
洗脸,2,4,disyllabic lexical items,
洗脸、擦粉抹胭脂,0,1,polysyllabic lexical items,
洗笼布,0,1,polysyllabic lexical items,
洗米煮饭,1,0,polysyllabic lexical items,
洗内衣,1,0,polysyllabic lexical items,
洗牌,1,0,disyllabic lexical items,
洗扫工作,1,0,polysyllabic lexical items,
洗手摆脚,1,0,polysyllabic lexical items,
洗头,0,1,disyllabic lexical items,
洗碗,1,0,disyllabic lexical items,
洗衣服,3,0,polysyllabic lexical items,
洗澡,4,0,disyllabic lexical items,
下,6,1,monosyllabic lexical items,
下车,0,1,disyllabic lexical items,
下大雨,1,0,polysyllabic lexical items,
下工夫,1,0,polysyllabic lexical items,
下沟,0,1,disyllabic lexical items,
下火车,1,0,polysyllabic lexical items,
下降,15,1,disyllabic lexical items,
下决心,1,0,polysyllabic lexical items,
下令,0,1,disyllabic lexical items,
下露水,0,2,polysyllabic lexical items,
下棋,4,2,disyllabic lexical items,
下青浪滩,0,1,polysyllabic lexical items,
下什么棋,2,0,polysyllabic lexical items,
下跳棋,1,0,polysyllabic lexical items,
下围棋,1,1,polysyllabic lexical items,
下象棋,1,1,polysyllabic lexical items,
下雪,7,0,disyllabic lexical items,
下雨,8,1,disyllabic lexical items,
掀开,1,0,disyllabic lexical items,
显露出来,1,0,polysyllabic lexical items,
显现出来,0,1,polysyllabic lexical items,
陷入困境,0,1,polysyllabic lexical items,
陷入片面,0,1,polysyllabic lexical items,
疼,1,0,monosyllabic lexical items,
疼你,1,0,disyllabic lexical items,
惋惜,1,0,disyllabic lexical items,
献花,1,0,disyllabic lexical items,
相对而坐,0,1,polysyllabic lexical items,
享受,2,0,disyllabic lexical items,
享受“超值”游,1,0,polysyllabic lexical items,
享受“清闲”,1,0,polysyllabic lexical items,
享受奥运火炬传递带来的喜悦和快乐,1,0,polysyllabic lexical items,
享受到社会主义的好处,0,1,polysyllabic lexical items,
享受坎儿井带来的清凉,0,1,polysyllabic lexical items,
享受他的报纸,1,0,polysyllabic lexical items,
享受特权,1,0,polysyllabic lexical items,
响,42,1,monosyllabic lexical items,
想,185,5,monosyllabic lexical items,
想《天地一沙鸥》那本讲的一些境界,1,0,polysyllabic lexical items,
想「享福」,1,0,polysyllabic lexical items,
想巴菲特一夜之间醒来，诧异间发现有这么多财富的时候，他怎么来理解这个财富,1,0,polysyllabic lexical items,
想办法,2,2,polysyllabic lexical items,
想办法把小孩转到其他幼儿园去,0,1,polysyllabic lexical items,
想办法生火,0,1,polysyllabic lexical items,
想办法与下游企业和政府监管部门合作,0,1,polysyllabic lexical items,
想宝藏,1,0,polysyllabic lexical items,
想别的事情,1,0,polysyllabic lexical items,
想打烂‘三角’地区,0,1,polysyllabic lexical items,
想大上海何幸而得如此一位现代化的民主市长,1,0,polysyllabic lexical items,
想代乳粉,1,0,polysyllabic lexical items,
想法,1,0,disyllabic lexical items,
想法救灾,0,1,polysyllabic lexical items,
想法子,2,3,polysyllabic lexical items,
想法子对付,1,0,polysyllabic lexical items,
想法子减少他们的贫穷和不幸,1,0,polysyllabic lexical items,
想方法去请他们合而爲一,1,0,polysyllabic lexical items,
想分别以后还能不能有重见的机会,1,0,polysyllabic lexical items,
"想赶
快解救他们",0,1,polysyllabic lexical items,
想干什么,1,0,polysyllabic lexical items,
想各人的心事,1,0,polysyllabic lexical items,
想各人的心思,1,0,polysyllabic lexical items,
想过去的时光,1,0,polysyllabic lexical items,
想还有没有别的办法,0,1,polysyllabic lexical items,
想核弹在哪里,1,0,polysyllabic lexical items,
想黑布之下的那张面孔究竟有多么丑陋、恐怖,1,0,polysyllabic lexical items,
想惠子,1,0,polysyllabic lexical items,
想继续读那本撞到手里的书,0,1,polysyllabic lexical items,
想家,1,0,disyllabic lexical items,
想尽一切方法把印度变成为侵略战争的主要基地,0,1,polysyllabic lexical items,
想扩张,2,0,polysyllabic lexical items,
想了解日本对华政策的真意,1,0,polysyllabic lexical items,
想两年前的旧事,1,0,polysyllabic lexical items,
想另外一个事情,1,0,polysyllabic lexical items,
想明年开春种子发芽的事,1,0,polysyllabic lexical items,
想谋和平,1,0,polysyllabic lexical items,
想那个问题,1,0,polysyllabic lexical items,
想那女的用手拍那男子头部的动,1,0,polysyllabic lexical items,
想那些词儿,1,0,polysyllabic lexical items,
想你,8,2,disyllabic lexical items,
想你今天和谁在一起,1,0,polysyllabic lexical items,
想你们,1,0,polysyllabic lexical items,
想念,1,0,disyllabic lexical items,
想念儿子,1,0,polysyllabic lexical items,
想念芳林嫂,1,0,polysyllabic lexical items,
想念妈妈,1,0,polysyllabic lexical items,
想念你,1,0,polysyllabic lexical items,
想念少奶奶,1,0,polysyllabic lexical items,
想念水生,0,1,polysyllabic lexical items,
想念他,1,0,polysyllabic lexical items,
想念他的阿菊,1,0,polysyllabic lexical items,
想念他的团长,1,0,polysyllabic lexical items,
想念一个人,1,0,polysyllabic lexical items,
想女人,2,0,polysyllabic lexical items,
想爬上去,0,1,polysyllabic lexical items,
想七想八,0,1,polysyllabic lexical items,
想如何使我的话说得让她们懂得,1,0,polysyllabic lexical items,
想什么,80,2,polysyllabic lexical items,
想什么、干什么,1,0,polysyllabic lexical items,
想什么、关心什么、有什么困难、要求解决什么问题,1,0,polysyllabic lexical items,
想什么都看得清清楚楚,1,0,polysyllabic lexical items,
想什么法子,2,0,polysyllabic lexical items,
想什么干什么,1,0,polysyllabic lexical items,
想什么干什么盼什么,1,0,polysyllabic lexical items,
想什么事,1,0,polysyllabic lexical items,
想什么事情,3,0,polysyllabic lexical items,
想什么问题,1,0,polysyllabic lexical items,
想什么心事,3,0,polysyllabic lexical items,
想什么做什么,1,0,polysyllabic lexical items,
想是不是就满足他的要求,0,1,polysyllabic lexical items,
想树生的事情,1,0,polysyllabic lexical items,
想说,1,0,disyllabic lexical items,
想说什么,2,0,polysyllabic lexical items,
想说中国文化太美到底包不包含这一部分东西,1,0,polysyllabic lexical items,
想他,3,1,disyllabic lexical items,
想他的父亲的事,1,0,polysyllabic lexical items,
想他的立功计划,0,1,polysyllabic lexical items,
想他的内部快要被病菌吃光,1,0,polysyllabic lexical items,
想他这么早路过这里要到哪里去,1,0,polysyllabic lexical items,
想她,2,0,disyllabic lexical items,
想她为什么就不能够做一个像琴那样的女子,1,0,polysyllabic lexical items,
想逃不逃的问题,1,0,polysyllabic lexical items,
想跳出这个文人的圈子,0,1,polysyllabic lexical items,
想吞并较弱的朱吟秋,0,1,polysyllabic lexical items,
想脱身之计,1,0,polysyllabic lexical items,
想未成婚的女婿算不算“亲人”,0,1,polysyllabic lexical items,
想我,1,0,disyllabic lexical items,
想我的前途,1,0,polysyllabic lexical items,
想我跟树生吵架的事,1,0,polysyllabic lexical items,
想我们的斗争,1,0,polysyllabic lexical items,
想我们一起生活过的那套很小的房子,1,0,polysyllabic lexical items,
想我什么时候也去创业,1,0,polysyllabic lexical items,
想我说的事,1,0,polysyllabic lexical items,
想我转到美国学校,1,0,polysyllabic lexical items,
想现代化,1,0,polysyllabic lexical items,
想象,2,0,disyllabic lexical items,
想象你外边拍了几个月的片子,1,0,polysyllabic lexical items,
想象他就要同她见面的情景,1,0,polysyllabic lexical items,
想象这个时候公馆里的情景,1,0,polysyllabic lexical items,
想象中国,1,0,polysyllabic lexical items,
想些啥,1,0,polysyllabic lexical items,
想些什么,12,1,polysyllabic lexical items,
想些什么事,1,0,polysyllabic lexical items,
想心事,11,3,polysyllabic lexical items,
想心思,2,0,polysyllabic lexical items,
想许许多多的人经过先觉者的开导，一个个昂首挺胸觉悟起来的可喜情形,1,0,polysyllabic lexical items,
想眼前的现实,1,0,polysyllabic lexical items,
想要不要过去理他,1,0,polysyllabic lexical items,
想要怎样才能够把那一幕戏演得好,1,0,polysyllabic lexical items,
想一些安慰她的话,0,1,polysyllabic lexical items,
想以前的事,1,0,polysyllabic lexical items,
想应该说些什么话来解决他们的问题,1,0,polysyllabic lexical items,
想拥他复辟,1,0,polysyllabic lexical items,
想有关帮助刘延生的问题,1,0,polysyllabic lexical items,
想喻嘉言为什么这么做,1,0,polysyllabic lexical items,
想运动过去了，广大农民怎样对付冯老兰,1,0,polysyllabic lexical items,
想造成科班,1,0,polysyllabic lexical items,
想怎么办,1,0,polysyllabic lexical items,
想找个机会,1,0,polysyllabic lexical items,
想这段心事,1,0,polysyllabic lexical items,
想这个,1,0,polysyllabic lexical items,
想这个問題,1,0,polysyllabic lexical items,
想这件事,1,0,polysyllabic lexical items,
想这样的问题,1,0,polysyllabic lexical items,
想这样炫耀的办法未免有些杀风景,0,1,polysyllabic lexical items,
想钟老的事情,1,0,polysyllabic lexical items,
想主意,1,0,polysyllabic lexical items,
想子子孙孙能永远如此不能？,1,0,polysyllabic lexical items,
想自己,1,0,polysyllabic lexical items,
想自己的命运,1,0,polysyllabic lexical items,
想自己的前途,0,1,polysyllabic lexical items,
想自己的心事,0,1,polysyllabic lexical items,
想自己还有多少地方需要改进的,1,0,polysyllabic lexical items,
想自己如何消极到如此田地苦到如此如此,1,0,polysyllabic lexical items,
想自己下一步的计划,1,0,polysyllabic lexical items,
想自已永远能如此不能？,1,0,polysyllabic lexical items,
想做什么,1,0,polysyllabic lexical items,
想做一首诗,0,2,polysyllabic lexical items,
为未来着想,1,0,polysyllabic lexical items,
向往,2,0,disyllabic lexical items,
消除,1,2,disyllabic lexical items,
消化,1,0,disyllabic lexical items,
消灭,1,0,disyllabic lexical items,
消灭废品,1,0,polysyllabic lexical items,
消失,8,3,disyllabic lexical items,
校对,0,1,disyllabic lexical items,
笑,94,1,monosyllabic lexical items,
笑啊、说啊,0,1,polysyllabic lexical items,
笑陆涛幼稚,1,0,polysyllabic lexical items,
笑你,1,0,disyllabic lexical items,
笑人,1,0,disyllabic lexical items,
笑谁,1,0,disyllabic lexical items,
笑什么,6,0,polysyllabic lexical items,
笑他,1,0,disyllabic lexical items,
笑他说了违心话,1,0,polysyllabic lexical items,
笑他自己,1,0,polysyllabic lexical items,
笑她,1,0,disyllabic lexical items,
笑我,2,1,disyllabic lexical items,
笑我即将重蹈他人覆辙,1,0,polysyllabic lexical items,
笑自己那得意的妙算,1,0,polysyllabic lexical items,
笑昨天上火车时碰见了一个老兵,1,0,polysyllabic lexical items,
协商,0,1,disyllabic lexical items,
协助厂方设法解决这个困难,0,1,polysyllabic lexical items,
写,8,5,monosyllabic lexical items,
写《回忆录》,1,0,polysyllabic lexical items,
写《金刚经》,2,0,polysyllabic lexical items,
写榜,1,0,disyllabic lexical items,
写大量文学作品,0,1,polysyllabic lexical items,
写第三本,0,1,polysyllabic lexical items,
写读书报告,0,1,polysyllabic lexical items,
写稿,0,1,disyllabic lexical items,
写关于我的书,1,0,polysyllabic lexical items,
写关于自己家庭的第三本书,0,1,polysyllabic lexical items,
写回忆录,1,0,polysyllabic lexical items,
写家书,1,0,polysyllabic lexical items,
写历史,1,0,polysyllabic lexical items,
写两张纸条贴在两方手帕上,0,1,polysyllabic lexical items,
写流水帐,1,0,polysyllabic lexical items,
写日记,2,0,polysyllabic lexical items,
写什么,8,2,polysyllabic lexical items,
写什么东西,1,0,polysyllabic lexical items,
写什么鬼东西,1,0,polysyllabic lexical items,
写什么文字,1,0,polysyllabic lexical items,
写生内心的热烈,1,0,polysyllabic lexical items,
写诗,1,0,disyllabic lexical items,
写诗歌和散文,1,0,polysyllabic lexical items,
写他一生的故事,0,1,polysyllabic lexical items,
写文章,0,1,polysyllabic lexical items,
写戏,1,0,disyllabic lexical items,
写小说,1,1,polysyllabic lexical items,
写些什么,1,0,polysyllabic lexical items,
写信,3,4,disyllabic lexical items,
写一部小说,0,1,polysyllabic lexical items,
写一个更长、更富有文学性的作品,0,1,polysyllabic lexical items,
写一个先驱者与群众思想冲突的悲剧,1,0,polysyllabic lexical items,
写一篇文章,0,1,polysyllabic lexical items,
写一首挽歌,1,0,polysyllabic lexical items,
写一首赞曲,1,0,polysyllabic lexical items,
写遗书,1,0,polysyllabic lexical items,
写冤狱,1,0,polysyllabic lexical items,
写长篇小说,1,0,polysyllabic lexical items,
写这部著作,1,0,polysyllabic lexical items,
写自己,1,0,polysyllabic lexical items,
写字,4,4,disyllabic lexical items,
欣赏,1,0,disyllabic lexical items,
欣赏劳动者照片,0,1,polysyllabic lexical items,
欣赏他妹妹的事业家风度,1,0,polysyllabic lexical items,
欣赏一件不小心弄坏了的艺术品,1,0,polysyllabic lexical items,
形成,2,23,disyllabic lexical items,
形成崇尚高雅艺术的风气,0,1,polysyllabic lexical items,
形成高潮,0,1,polysyllabic lexical items,
形成加快农村经济社会发展的长效机制,0,1,polysyllabic lexical items,
形成所谓的寒蝉效应,0,1,polysyllabic lexical items,
形成一支洪流,0,1,polysyllabic lexical items,
形成之民主政治奠一最令人满意之基础,0,1,polysyllabic lexical items,
形成之民主政治奠一最足令人满意之基础,0,1,polysyllabic lexical items,
形成中国航企真正的全球覆盖,0,1,polysyllabic lexical items,
向往激烈的战斗生活,1,0,polysyllabic lexical items,
休息,7,1,disyllabic lexical items,
修,0,1,monosyllabic lexical items,
修地埂,0,1,polysyllabic lexical items,
修改他和土屋芳雄合著的《人鬼的角逐》,1,0,polysyllabic lexical items,
修改一本以《水浒》为题材的京剧脚本,0,1,polysyllabic lexical items,
修改自己,1,0,polysyllabic lexical items,
修改自己的武侠小说,0,1,polysyllabic lexical items,
修公园,1,0,polysyllabic lexical items,
修剪,1,0,disyllabic lexical items,
修理,0,2,disyllabic lexical items,
修理菊花枝叶,0,1,polysyllabic lexical items,
修理排灌设备,1,0,polysyllabic lexical items,
修马路,2,0,polysyllabic lexical items,
修滩地,0,1,polysyllabic lexical items,
绣花,2,0,disyllabic lexical items,
叙述,1,0,disyllabic lexical items,
叙述别人的事情,1,0,polysyllabic lexical items,
叙述来作壮丁的经过,1,0,polysyllabic lexical items,
叙述一件重大的事,1,0,polysyllabic lexical items,
宣布,0,1,disyllabic lexical items,
宣布戒严,1,0,polysyllabic lexical items,
宣布伊朗是个中立区,1,0,polysyllabic lexical items,
宣传,0,1,disyllabic lexical items,
宣传党的政策,0,1,polysyllabic lexical items,
宣传什么,1,0,polysyllabic lexical items,
旋转,12,0,disyllabic lexical items,
选食堂的炊事员和管理员,1,0,polysyllabic lexical items,
选择和世界上最先锋的艺术家进行合作,1,0,polysyllabic lexical items,
选择生活,2,0,polysyllabic lexical items,
削皮,0,1,disyllabic lexical items,
削苹果,1,0,polysyllabic lexical items,
削弱,1,0,disyllabic lexical items,
削弱美国的军事和政治力量,0,1,polysyllabic lexical items,
学,1,0,monosyllabic lexical items,
学交际舞,0,1,polysyllabic lexical items,
学昆曲,0,2,polysyllabic lexical items,
学什么,1,0,polysyllabic lexical items,
学外文,1,0,polysyllabic lexical items,
学我,1,0,disyllabic lexical items,
学武术,0,1,polysyllabic lexical items,
学习,8,4,disyllabic lexical items,
学习裁缝,0,1,polysyllabic lexical items,
学习各国人民的长处和有益经验,1,0,polysyllabic lexical items,
学习官木生,1,0,polysyllabic lexical items,
学习贯彻习近平新时代中国特色社会主义思想,0,1,polysyllabic lexical items,
学习光学、美术和面部解剖等知识,1,0,polysyllabic lexical items,
学习汉语,0,1,polysyllabic lexical items,
学习汉语国际教育专业,0,1,polysyllabic lexical items,
学习和贯彻十四届五中全会精神,0,1,polysyllabic lexical items,
学习技术,1,0,polysyllabic lexical items,
学习驾驶技术,0,1,polysyllabic lexical items,
学习焦裕禄同志的事迹,1,0,polysyllabic lexical items,
学习毛主席的著作,1,0,polysyllabic lexical items,
学习苗族鸟笼制作,1,0,polysyllabic lexical items,
学习民间音乐,1,0,polysyllabic lexical items,
学习皮肤构造和脚病种类等知识,0,1,polysyllabic lexical items,
学习上网,0,1,polysyllabic lexical items,
学习书法,1,0,polysyllabic lexical items,
学习他们的经验,0,1,polysyllabic lexical items,
"学习团体的工作和
组织的方法",1,0,polysyllabic lexical items,
学习刑法中有关重婚罪的条目,0,1,polysyllabic lexical items,
学习怎样在NBA打球,1,0,polysyllabic lexical items,
学习这个,0,1,polysyllabic lexical items,
学习专业技术,1,0,polysyllabic lexical items,
学习走路,1,0,polysyllabic lexical items,
学样瞎帮忙,1,0,polysyllabic lexical items,
学医,1,0,disyllabic lexical items,
学怎么用中文说“对不起”,1,0,polysyllabic lexical items,
学织毛衣,1,0,polysyllabic lexical items,
学直透事物本质的能力,1,0,polysyllabic lexical items,
学中国话,1,0,polysyllabic lexical items,
寻回久已失去了的思想,0,1,polysyllabic lexical items,
寻找,5,0,disyllabic lexical items,
寻找“非分工”的途径,1,0,polysyllabic lexical items,
寻找“智慧型中年专家”做深度栏目的主持人,1,0,polysyllabic lexical items,
寻找白小姐,0,1,polysyllabic lexical items,
寻找出路,1,0,polysyllabic lexical items,
寻找反抗的出路,1,1,polysyllabic lexical items,
寻找公鸡、袋鼠和小兔,1,0,polysyllabic lexical items,
寻找狗官,0,1,polysyllabic lexical items,
寻找官兵主将,0,1,polysyllabic lexical items,
寻找话题,1,0,polysyllabic lexical items,
寻找机会,2,0,polysyllabic lexical items,
寻找机会试图“回潮”,1,0,polysyllabic lexical items,
寻找记忆里熟悉的面容,1,0,polysyllabic lexical items,
寻找解放和进步道路,0,1,polysyllabic lexical items,
寻找那颗已逝去的星辰,1,0,polysyllabic lexical items,
寻找什么,5,1,polysyllabic lexical items,
寻找什么东西,1,0,polysyllabic lexical items,
寻找尸首,0,1,polysyllabic lexical items,
寻找诗,1,0,polysyllabic lexical items,
寻找思想,0,1,polysyllabic lexical items,
寻找他的抗议的反应,1,0,polysyllabic lexical items,
寻找她,0,1,polysyllabic lexical items,
寻找我的父亲,1,0,polysyllabic lexical items,
寻找我的下落,1,0,polysyllabic lexical items,
寻找习惯围绕在他身边的那颗「行星」,1,0,polysyllabic lexical items,
寻找新的投资,0,1,polysyllabic lexical items,
寻找一个人,1,0,polysyllabic lexical items,
寻找一个途径,1,0,polysyllabic lexical items,
寻找一件什么东西,1,0,polysyllabic lexical items,
寻找一件世界上最宝贵的东,1,0,polysyllabic lexical items,
寻找一种陌生感,1,0,polysyllabic lexical items,
寻找这类方法,1,0,polysyllabic lexical items,
寻找这种感觉,1,0,polysyllabic lexical items,
寻找真正可靠的商业模式,1,0,polysyllabic lexical items,
寻找职业规划机构做员工职业规划设计,1,0,polysyllabic lexical items,
寻找中国文化和西方文化的交叉点,1,0,polysyllabic lexical items,
寻找自己,1,0,polysyllabic lexical items,
寻找最好的发型,1,0,polysyllabic lexical items,
询问,7,0,disyllabic lexical items,
询问、谈论为什么把副排长调走,1,0,polysyllabic lexical items,
询问渐川一带的灾荒情况,0,1,polysyllabic lexical items,
训练,2,0,disyllabic lexical items,
训练沙湾拿吉集团的军官,1,0,polysyllabic lexical items,
训练跳远,1,0,polysyllabic lexical items,
训练吴庭艳集团掌握反游击战术、突击战术和使用战斗机,0,1,polysyllabic lexical items,
训练西德海陆空军的骨干,0,1,polysyllabic lexical items,
训练越南部队,0,1,polysyllabic lexical items,
压迫本国的人民,1,0,polysyllabic lexical items,
压迫他,1,0,polysyllabic lexical items,
压迫她,1,0,polysyllabic lexical items,
压迫我们,1,0,polysyllabic lexical items,
压迫亚洲人民,0,1,polysyllabic lexical items,
压我们年轻,1,0,polysyllabic lexical items,
压制,1,0,disyllabic lexical items,
压制自己的火气,1,0,polysyllabic lexical items,
压制自己的恼怒,1,0,polysyllabic lexical items,
压制自己的情感,1,0,polysyllabic lexical items,
研究,6,2,disyllabic lexical items,
研究、观察,1,0,polysyllabic lexical items,
研究阿里亚斯总统的和平建议,0,1,polysyllabic lexical items,
研究把“万国化油器”铸造成功,1,0,polysyllabic lexical items,
研究把这种技术和目前的电讯网结合起来,0,1,polysyllabic lexical items,
研究办法,1,0,polysyllabic lexical items,
研究包括重新考虑对越南提供经济援助在内的对策,0,1,polysyllabic lexical items,
研究波兰倡议,0,1,polysyllabic lexical items,
研究敌情,1,0,polysyllabic lexical items,
研究第二天的施工问题,1,0,polysyllabic lexical items,
研究对这个问题的处理意见,0,1,polysyllabic lexical items,
研究多份协议草案,1,0,polysyllabic lexical items,
研究改进《华北新华书店最新批发办法》,1,0,polysyllabic lexical items,
研究戈尔巴乔夫提出的建议,0,1,polysyllabic lexical items,
研究各种方法,0,1,polysyllabic lexical items,
研究关于解散政党的建议,0,1,polysyllabic lexical items,
研究规划,0,1,polysyllabic lexical items,
研究和试制小马力动力机械,0,1,polysyllabic lexical items,
研究厚黑这种学理,1,0,polysyllabic lexical items,
研究接应,1,0,polysyllabic lexical items,
研究解决,0,1,polysyllabic lexical items,
研究解决办法,0,1,polysyllabic lexical items,
研究解决新形势下出现的新问题,0,1,polysyllabic lexical items,
研究今后让美国的投资商人怎样在炸裂快活和挣钱,0,1,polysyllabic lexical items,
研究进一步加强投资管理人员管理的办法,0,1,polysyllabic lexical items,
研究军队改革,0,1,polysyllabic lexical items,
研究劳动力调配问题,0,1,polysyllabic lexical items,
研究雷锋是真是假,1,0,polysyllabic lexical items,
研究利用南极虾作食品的问题,1,0,polysyllabic lexical items,
研究联合国秘书长的通告,0,1,polysyllabic lexical items,
研究密裁计划,0,1,polysyllabic lexical items,
研究模特儿相片,0,1,polysyllabic lexical items,
研究谋划“银行港澳青年之家”的建设模式,0,1,polysyllabic lexical items,
研究那帽子,1,0,polysyllabic lexical items,
研究其他国家的经验,1,0,polysyllabic lexical items,
研究情况,1,0,polysyllabic lexical items,
研究如何说好现代长篇书目,0,1,polysyllabic lexical items,
研究三年国民经济计划,0,1,polysyllabic lexical items,
研究三体问题,1,0,polysyllabic lexical items,
"研究设计之防空
工具",1,0,polysyllabic lexical items,
研究社会问题,1,0,polysyllabic lexical items,
研究什么,1,0,polysyllabic lexical items,
研究什么问题,1,0,polysyllabic lexical items,
研究生命课题,1,0,polysyllabic lexical items,
"研究试
验之死光机(怪力线)",0,1,polysyllabic lexical items,
研究数十种对付美国,0,1,polysyllabic lexical items,
研究四川能否种热带植物,0,1,polysyllabic lexical items,
研究苏联和越南签订条约的政治含意,0,1,polysyllabic lexical items,
研究它的历史作用和地位等问题,1,0,polysyllabic lexical items,
研究她的腹部,1,0,polysyllabic lexical items,
研究她的所有物品,1,0,polysyllabic lexical items,
研究台湾情况的问题,0,1,polysyllabic lexical items,
研究探索建立支持推进节能减排的长效机制,0,1,polysyllabic lexical items,
研究推行公开发行和上市证券的保荐制度,0,1,polysyllabic lexical items,
研究小纸条上的字句,0,1,polysyllabic lexical items,
研究新的治安整顿方案,0,1,polysyllabic lexical items,
研究修订原有的中成药价格管理办法,0,1,polysyllabic lexical items,
研究一种叫路由器的新产品,0,1,polysyllabic lexical items,
研究有关法律,0,1,polysyllabic lexical items,
研究有关各方就解决中东问题所提出的方案,0,1,polysyllabic lexical items,
研究这个东西,1,0,polysyllabic lexical items,
研究这个问题,0,2,polysyllabic lexical items,
研究制造光子火箭,1,0,polysyllabic lexical items,
研究制作一种精巧的工艺作物,0,1,polysyllabic lexical items,
研究中国的经史的,1,0,polysyllabic lexical items,
研究中国政府的这个复照,0,1,polysyllabic lexical items,
研究准备搞一个不要石油的工厂,0,1,polysyllabic lexical items,
研究作出答复,0,1,polysyllabic lexical items,
研制,0,1,disyllabic lexical items,
研制光子计算机,0,1,polysyllabic lexical items,
研制另一代的新的四种洲际弹道导弹,1,0,polysyllabic lexical items,
研制蚂蚱酱,1,0,polysyllabic lexical items,
研制新型核武器,1,0,polysyllabic lexical items,
研制新型坦克,1,0,polysyllabic lexical items,
研制一种能发射远程巡航导弹的新型潜艇,0,1,polysyllabic lexical items,
研制用于通讯的玻璃纤维导线,0,1,polysyllabic lexical items,
掩盖推行反动政策,1,0,polysyllabic lexical items,
掩护别的部队往小山上撤退,0,1,polysyllabic lexical items,
掩饰,2,0,disyllabic lexical items,
掩饰其内战罪行,1,0,polysyllabic lexical items,
演,1,0,monosyllabic lexical items,
演《沙家浜》,1,0,polysyllabic lexical items,
演《胭脂虎》,0,1,polysyllabic lexical items,
演《英雄》,1,0,polysyllabic lexical items,
演《玉堂春》,2,0,polysyllabic lexical items,
演电影,3,0,polysyllabic lexical items,
演电影《跟踪追击》,1,0,polysyllabic lexical items,
演恐怖片,1,0,polysyllabic lexical items,
演希腊一个喜剧,1,0,polysyllabic lexical items,
演戏,7,0,disyllabic lexical items,
演小天鹅,1,0,polysyllabic lexical items,
演一出戏,1,0,polysyllabic lexical items,
演游园惊梦,0,1,polysyllabic lexical items,
演这些很边缘的角色,1,0,polysyllabic lexical items,
养花草,1,0,polysyllabic lexical items,
邀请,1,0,disyllabic lexical items,
邀请他去总部面试,1,0,polysyllabic lexical items,
邀请已经住在杭州多年的黄宾虹回到学校,1,0,polysyllabic lexical items,
摇晃,8,0,disyllabic lexical items,
摇铃,1,0,disyllabic lexical items,
摇头,4,0,disyllabic lexical items,
咬,1,0,monosyllabic lexical items,
咬耳朵谈心,1,0,polysyllabic lexical items,
咬瓜,1,0,disyllabic lexical items,
咬他的皮鞋,2,0,polysyllabic lexical items,
咬他的心,1,0,polysyllabic lexical items,
咬他底脑筋,1,0,polysyllabic lexical items,
咬嘴唇,1,0,polysyllabic lexical items,
兴奋,1,0,disyllabic lexical items,
要把联合国变成它们干涉匈牙利内政进行冷战的工具,0,1,polysyllabic lexical items,
要东西吃,1,0,polysyllabic lexical items,
要饭催菜,1,0,polysyllabic lexical items,
要保持现状,0,1,polysyllabic lexical items,
要咳出它来,1,0,polysyllabic lexical items,
要求,1,0,disyllabic lexical items,
要求“公平”,1,0,polysyllabic lexical items,
要求不可能得到的东西,0,1,polysyllabic lexical items,
要求发配粮,1,0,polysyllabic lexical items,
要求割让突尼斯,1,0,polysyllabic lexical items,
要求各国停止与伊朗经贸往来,1,0,polysyllabic lexical items,
要求民主、反对独裁,1,0,polysyllabic lexical items,
要求它不可能得到的东西,0,1,polysyllabic lexical items,
要人,1,0,disyllabic lexical items,
要求装饭下去,1,0,polysyllabic lexical items,
要我向他靠拢,1,0,polysyllabic lexical items,
依靠科学研究工作来推,0,1,polysyllabic lexical items,
移出,0,1,disyllabic lexical items,
移动,14,4,disyllabic lexical items,
要想一句话转圜,0,2,polysyllabic lexical items,
议论,21,2,disyllabic lexical items,
议论“许三多艺术形象”的审美价值,1,0,polysyllabic lexical items,
议论辩驳「无产阶级的文艺」的问题,0,1,polysyllabic lexical items,
议论厂里开除了三个人,1,0,polysyllabic lexical items,
议论纷纷,1,0,polysyllabic lexical items,
议论工作重点转移问题,1,0,polysyllabic lexical items,
议论今年好收成,0,1,polysyllabic lexical items,
议论开田凭啥能上电视,1,0,polysyllabic lexical items,
议论你们两个的没脸事,1,0,polysyllabic lexical items,
议论山楂树现象,1,0,polysyllabic lexical items,
议论什么,3,0,polysyllabic lexical items,
议论十五那天日本兵要来收白面和猪,1,0,polysyllabic lexical items,
议论树与钱的关系,1,0,polysyllabic lexical items,
议论他和巧珍的“不正经”,0,1,polysyllabic lexical items,
议论他们,1,0,polysyllabic lexical items,
议论他们两个,1,0,polysyllabic lexical items,
议论同样的事,2,0,polysyllabic lexical items,
议论我,1,0,polysyllabic lexical items,
议论这本书,1,0,polysyllabic lexical items,
议论这次湖心之游,1,0,polysyllabic lexical items,
隐藏自己的宇宙,1,0,polysyllabic lexical items,
隐入历史深处,0,1,polysyllabic lexical items,
印《挺进报》,1,0,polysyllabic lexical items,
印一盒檀香,1,0,polysyllabic lexical items,
应用,1,0,disyllabic lexical items,
应用到生产领域中去,0,1,polysyllabic lexical items,
迎接八方来客,0,1,polysyllabic lexical items,
迎接咱们,1,0,polysyllabic lexical items,
迎接准备参加第十六届奥林匹克运动会的中国运动员们,0,1,polysyllabic lexical items,
迎来第三次创作高潮,0,1,polysyllabic lexical items,
映出好模范,2,0,polysyllabic lexical items,
拥抱,1,0,disyllabic lexical items,
涌进停泊区,0,1,polysyllabic lexical items,
涌现出,0,1,polysyllabic lexical items,
用,3,0,monosyllabic lexical items,
用“蚕网”“替蚕砂”,0,1,polysyllabic lexical items,
用“利普斯的功德无量的德译本《人性论》”,1,0,polysyllabic lexical items,
用“一国营，二集体，倒霉也不去当个体”的标准选择职业,1,0,polysyllabic lexical items,
用「勿令再失」的老话来掩丑,1,0,polysyllabic lexical items,
用2009年谷歌的各种技术去谈恋爱,1,0,polysyllabic lexical items,
用北大西洋公约,1,0,polysyllabic lexical items,
用餐,0,1,disyllabic lexical items,
用大木桩撞门,1,0,polysyllabic lexical items,
用刀叉,1,0,polysyllabic lexical items,
用电灯代替煤油灯,0,1,polysyllabic lexical items,
用废电池换鲜花绿植,1,0,polysyllabic lexical items,
用更准确的能携带大量弹头的发射系统取代了较老的陆基导弹,0,1,polysyllabic lexical items,
用公款大量买书订报发给个人,1,0,polysyllabic lexical items,
用古巴青年的鲜血偿还苏联的债务,0,1,polysyllabic lexical items,
用谷歌的整合搜索查询信息,1,0,polysyllabic lexical items,
用话套我,1,0,polysyllabic lexical items,
用尖头的竹筷拣“头眠”,0,1,polysyllabic lexical items,
用力,1,0,disyllabic lexical items,
用柳枝扎一个不大的花圈架,0,1,polysyllabic lexical items,
用茅草扎成长束,0,1,polysyllabic lexical items,
用少妇扮少女、用晚春代早春,1,0,polysyllabic lexical items,
用施莱尔马赫翻译的《柏拉图全集》,1,0,polysyllabic lexical items,
用实际的行动证实它在日内瓦说过的话,1,0,polysyllabic lexical items,
用数字说明，谷歌的市场份额在迅速滑落,1,0,polysyllabic lexical items,
用思,0,1,disyllabic lexical items,
用他们的卖身钱办这样杂志,1,0,polysyllabic lexical items,
用他们自己的眼睛来看问题,1,0,polysyllabic lexical items,
用他自己的作品来推翻,1,0,polysyllabic lexical items,
用她的钱,1,0,polysyllabic lexical items,
用她多年苦练的“无相神功”，来伤自己五脏六腑,1,0,polysyllabic lexical items,
用她破了皮肤的手，将线放在小小的木架上，缕成直而有条理的形式,0,1,polysyllabic lexical items,
用午餐,0,1,polysyllabic lexical items,
用鲜血和愤怒的示威来抵抗美军在东京郊外扩大原子弹飞机机场的暴政,1,0,polysyllabic lexical items,
用心思,1,0,polysyllabic lexical items,
用心听,1,0,polysyllabic lexical items,
用虚伪的态度来对待这个毫无保留爱着他的人,1,0,polysyllabic lexical items,
用一串新名词活埋,1,0,polysyllabic lexical items,
用音乐反对战争,1,0,polysyllabic lexical items,
用银行卡,1,0,polysyllabic lexical items,
用早餐,1,0,polysyllabic lexical items,
用这个词,1,0,polysyllabic lexical items,
用这样的词汇互相试探和鼓励,1,0,polysyllabic lexical items,
疑惑,1,1,disyllabic lexical items,
犹豫,5,6,disyllabic lexical items,
犹豫担心,1,0,polysyllabic lexical items,
犹豫是否要跟他上汽车,0,1,polysyllabic lexical items,
犹豫是否应该进去,0,1,polysyllabic lexical items,
犹豫要不要洗澡,1,0,polysyllabic lexical items,
犹豫怎么办,0,1,polysyllabic lexical items,
犹豫怎么介绍柳生,0,1,polysyllabic lexical items,
游,1,0,monosyllabic lexical items,
游弋,1,0,disyllabic lexical items,
游泳,1,0,disyllabic lexical items,
预备讲义,0,1,polysyllabic lexical items,
预备拿《圣经》到市场去卖,0,1,polysyllabic lexical items,
预备泥房土和垫圈土,1,0,polysyllabic lexical items,
预备入美国籍,1,0,polysyllabic lexical items,
预备烧晚饭,0,1,polysyllabic lexical items,
预备英语,0,2,polysyllabic lexical items,
预备早饭,1,0,polysyllabic lexical items,
遇到严重的补给问题,0,1,polysyllabic lexical items,
怨我,1,0,disyllabic lexical items,
阅读,2,0,disyllabic lexical items,
阅读“中国关键词”,1,0,polysyllabic lexical items,
阅读《人民日报》,1,0,polysyllabic lexical items,
阅读评论新星的文章,0,1,polysyllabic lexical items,
阅读一份开城前线的战报,0,1,polysyllabic lexical items,
阅读赠阅的《人民日报》,0,1,polysyllabic lexical items,
运粪,1,0,disyllabic lexical items,
运来矿区,0,1,polysyllabic lexical items,
运料,0,1,disyllabic lexical items,
运输谷物,0,1,polysyllabic lexical items,
运输应用材料等,0,1,polysyllabic lexical items,
运送一批枪枝,0,1,polysyllabic lexical items,
运行,3,1,disyllabic lexical items,
运用,1,0,disyllabic lexical items,
运用“互联网”思维,1,0,polysyllabic lexical items,
运用武力,0,1,polysyllabic lexical items,
运用直接法测定单晶体结构问题著书,0,1,polysyllabic lexical items,
酝酿,5,3,disyllabic lexical items,
酝酿北大西洋集团垮台后自立门户,1,0,polysyllabic lexical items,
酝酿庇护印度侵略的新丑剧,1,0,polysyllabic lexical items,
酝酿别人为代表候选人,1,0,polysyllabic lexical items,
酝酿采取必要反报复措施,0,1,polysyllabic lexical items,
酝酿成立全美武术协会,1,0,polysyllabic lexical items,
酝酿成立统一的学联,0,1,polysyllabic lexical items,
酝酿成立学生自治会,1,0,polysyllabic lexical items,
酝酿和发展,1,0,polysyllabic lexical items,
酝酿近期给职工普调工资,0,1,polysyllabic lexical items,
酝酿巨变,0,1,polysyllabic lexical items,
酝酿什么新的人生计划,1,0,polysyllabic lexical items,
酝酿响应支援,1,0,polysyllabic lexical items,
酝酿新的斗争,1,0,polysyllabic lexical items,
酝酿一次朝鲜式的战争,0,1,polysyllabic lexical items,
酝酿一个政治解决的方案,0,1,polysyllabic lexical items,
酝酿一系列贸易保护法案,1,0,polysyllabic lexical items,
酝酿战争,1,0,polysyllabic lexical items,
酝酿支援惨遭火灾的工人的斗争,1,0,polysyllabic lexical items,
酝酿转向经营,1,0,polysyllabic lexical items,
砸石头,1,0,polysyllabic lexical items,
砸她的锅,1,0,polysyllabic lexical items,
砸一柄剑,0,1,polysyllabic lexical items,
栽红薯,1,0,polysyllabic lexical items,
尽一切必要的努力,1,0,polysyllabic lexical items,
赞美他,1,0,polysyllabic lexical items,
赞美她的容貌,1,0,polysyllabic lexical items,
糟蹋老百姓,1,0,polysyllabic lexical items,
造饭,0,1,disyllabic lexical items,
造谣,2,0,disyllabic lexical items,
责备他,2,0,polysyllabic lexical items,
责备他怕死,1,0,polysyllabic lexical items,
责备她,1,0,polysyllabic lexical items,
责备她底心爱的孩子,1,0,polysyllabic lexical items,
责备她那次不该挺身而出,1,0,polysyllabic lexical items,
责备我,2,0,polysyllabic lexical items,
责备兄弟,1,0,polysyllabic lexical items,
责备燕西,4,0,polysyllabic lexical items,
责备丈夫,1,0,polysyllabic lexical items,
责备自己,2,0,polysyllabic lexical items,
责备自己的失职,0,1,polysyllabic lexical items,
忧虑,4,0,disyllabic lexical items,
增加,42,7,disyllabic lexical items,
增加大家的风险,1,0,polysyllabic lexical items,
增加防御能力,0,1,polysyllabic lexical items,
增加军备,1,0,polysyllabic lexical items,
增加收入节省开支,1,0,polysyllabic lexical items,
增加新的混乱,1,0,polysyllabic lexical items,
增长,31,7,disyllabic lexical items,
增长还是放缓,1,0,polysyllabic lexical items,
增长和巩固,0,1,polysyllabic lexical items,
增长和加强,0,1,polysyllabic lexical items,
扎大红花,1,0,polysyllabic lexical items,
扎花,1,0,disyllabic lexical items,
扎皮带,0,1,polysyllabic lexical items,
炸卡赛,0,1,polysyllabic lexical items,
炸我们,0,1,polysyllabic lexical items,
粘贴邮票,0,1,polysyllabic lexical items,
展开,0,14,disyllabic lexical items,
展开不屈不挠的斗争,0,1,polysyllabic lexical items,
展开大规模的销售,0,1,polysyllabic lexical items,
展开调查,0,2,polysyllabic lexical items,
展开斗争,0,1,polysyllabic lexical items,
展开攻势机动灵活消灭敌人,0,1,polysyllabic lexical items,
展开广泛的讨论来总结经验,0,1,polysyllabic lexical items,
展开活动,0,1,polysyllabic lexical items,
展开机动作战,1,0,polysyllabic lexical items,
展开剧烈斗争,1,0,polysyllabic lexical items,
展开抗震救灾工作,0,1,polysyllabic lexical items,
展开免费培训活动,1,0,polysyllabic lexical items,
展开募捐运动,0,1,polysyllabic lexical items,
展开全面节约工作,0,1,polysyllabic lexical items,
展览,0,1,disyllabic lexical items,
战斗,19,1,disyllabic lexical items,
战斗得火热,0,1,polysyllabic lexical items,
张望,3,4,disyllabic lexical items,
长,2,1,monosyllabic lexical items,
长出来,0,1,polysyllabic lexical items,
长高,1,0,disyllabic lexical items,
长劲,2,0,disyllabic lexical items,
长毛,1,0,disyllabic lexical items,
长身体,0,2,polysyllabic lexical items,
掌握广大农民,0,1,polysyllabic lexical items,
掌握这一庞大的信息系统,1,0,polysyllabic lexical items,
招打扫卫生的大妈,1,0,polysyllabic lexical items,
招待客,2,0,polysyllabic lexical items,
招待客人,1,0,polysyllabic lexical items,
招待一桌来自上海的客人,0,1,polysyllabic lexical items,
招呼,1,0,disyllabic lexical items,
招呼辅导员,1,0,polysyllabic lexical items,
招呼你,2,0,polysyllabic lexical items,
招呼他,2,1,polysyllabic lexical items,
招呼她,1,0,polysyllabic lexical items,
招呼我,1,0,polysyllabic lexical items,
招呼自己,1,0,polysyllabic lexical items,
招手,12,4,disyllabic lexical items,
招我,1,0,disyllabic lexical items,
招洗头工,0,2,polysyllabic lexical items,
找,5,1,monosyllabic lexical items,
找‘静老师’,1,0,polysyllabic lexical items,
找错误,1,0,polysyllabic lexical items,
找到宿命的借口,1,0,polysyllabic lexical items,
找典型,0,1,polysyllabic lexical items,
找东西,1,0,polysyllabic lexical items,
找东西吃,1,0,polysyllabic lexical items,
找方法让别人懂他,1,0,polysyllabic lexical items,
找方向,1,0,polysyllabic lexical items,
找房,1,0,disyllabic lexical items,
找房子,1,0,polysyllabic lexical items,
找父亲,1,0,polysyllabic lexical items,
找工作,2,1,polysyllabic lexical items,
找回平衡,0,1,polysyllabic lexical items,
找机会想与陈家鹄聊聊天,1,0,polysyllabic lexical items,
找机会由沙哈拉威（意思就是沙漠里的居民）带我一路经过大漠到西非去,0,1,polysyllabic lexical items,
找酒喝,1,0,polysyllabic lexical items,
找梁英,1,0,polysyllabic lexical items,
找矛盾,1,0,polysyllabic lexical items,
找帽子,2,0,polysyllabic lexical items,
找弥补的招,1,0,polysyllabic lexical items,
找摸,1,0,disyllabic lexical items,
找墓地,1,0,polysyllabic lexical items,
找你,9,1,disyllabic lexical items,
找你们,1,0,polysyllabic lexical items,
找破译师,1,0,polysyllabic lexical items,
找人,3,0,disyllabic lexical items,
找人办一份关于书籍的杂志,0,1,polysyllabic lexical items,
找什么,4,0,polysyllabic lexical items,
找什么东西,1,0,polysyllabic lexical items,
找什么人家,1,0,polysyllabic lexical items,
找他,5,1,disyllabic lexical items,
找他们,0,1,polysyllabic lexical items,
找他谈话,1,0,polysyllabic lexical items,
找她,2,0,disyllabic lexical items,
找她自己的影子,1,0,polysyllabic lexical items,
找特别顾问商量,0,1,polysyllabic lexical items,
找王琦瑶,1,0,polysyllabic lexical items,
找我,1,1,disyllabic lexical items,
找我们的党,1,0,polysyllabic lexical items,
找洗手间,1,0,polysyllabic lexical items,
找寻俘虏,1,0,polysyllabic lexical items,
找寻另外一个人,1,0,polysyllabic lexical items,
找寻陆校长,0,1,polysyllabic lexical items,
找寻什么,2,0,polysyllabic lexical items,
找寻什么线索,1,0,polysyllabic lexical items,
找寻他,1,0,polysyllabic lexical items,
找一个好的销路和稳定的销售渠道,1,0,polysyllabic lexical items,
找一种感觉,1,0,polysyllabic lexical items,
找这块牌子,1,0,polysyllabic lexical items,
召开,0,3,disyllabic lexical items,
召开华北电信会议,0,1,polysyllabic lexical items,
召开全县三级干部会议,0,1,polysyllabic lexical items,
召开团代会和学代会,0,1,polysyllabic lexical items,
召开支委会,0,1,polysyllabic lexical items,
照顾她,1,0,polysyllabic lexical items,
照顾媳妇生孩子,0,1,polysyllabic lexical items,
照顾志刚,1,0,polysyllabic lexical items,
照镜子,1,0,polysyllabic lexical items,
折磨胡浩,1,0,polysyllabic lexical items,
折磨他,3,0,polysyllabic lexical items,
折磨她,1,0,polysyllabic lexical items,
折磨我,1,0,polysyllabic lexical items,
折腾,1,0,disyllabic lexical items,
怎样虐待马来亚人民和华侨,0,1,polysyllabic lexical items,
着急,0,1,disyllabic lexical items,
镇压阿富汗人,0,1,polysyllabic lexical items,
镇压刚果人民,1,0,polysyllabic lexical items,
争,1,0,monosyllabic lexical items,
争吵,2,3,disyllabic lexical items,
争吵轿价,1,0,polysyllabic lexical items,
争夺“话语权”,1,0,polysyllabic lexical items,
争夺地盘,1,0,polysyllabic lexical items,
争夺矿产资源,1,0,polysyllabic lexical items,
争夺市场,1,0,polysyllabic lexical items,
争夺这几秒,1,0,polysyllabic lexical items,
争夺中原,1,0,polysyllabic lexical items,
争论,7,2,disyllabic lexical items,
争论巩俐和刘晓庆到底谁更漂亮,1,0,polysyllabic lexical items,
争论究竟那种正确,1,0,polysyllabic lexical items,
争论你是否该进NBA,1,0,polysyllabic lexical items,
争论一件事情,1,0,polysyllabic lexical items,
争抢鱼食,1,0,polysyllabic lexical items,
争取,1,1,disyllabic lexical items,
争取喘息机会,1,0,polysyllabic lexical items,
争取喘息时间,0,1,polysyllabic lexical items,
争取和平,1,0,polysyllabic lexical items,
争取和平解放台湾,0,1,polysyllabic lexical items,
争取尽力改进和精简国家机关以及保证最严格地遵守法制,1,0,polysyllabic lexical items,
争取进步联盟,1,0,polysyllabic lexical items,
争取美好的前程,1,0,polysyllabic lexical items,
争取民族解放和阶级解放,1,0,polysyllabic lexical items,
争取入党,0,1,polysyllabic lexical items,
争取申请国家项目的试点,0,1,polysyllabic lexical items,
争取提前和超额完成第一个五年计划,1,0,polysyllabic lexical items,
争取在雨季之前稳定地控制全柬埔寨,0,1,polysyllabic lexical items,
争议研究与证明和直觉式的“知道”,1,0,polysyllabic lexical items,
征求会员,0,1,polysyllabic lexical items,
征求意见,2,0,polysyllabic lexical items,
征求有关部门和各地区的意见,0,1,polysyllabic lexical items,
挣扎,24,4,disyllabic lexical items,
挣扎出来,0,1,polysyllabic lexical items,
挣扎于问题丛脞中,0,1,polysyllabic lexical items,
蒸蛋,0,1,disyllabic lexical items,
蒸发出来,0,1,polysyllabic lexical items,
蒸干粮,0,1,polysyllabic lexical items,
蒸馍,0,1,disyllabic lexical items,
蒸气,1,0,disyllabic lexical items,
蒸桑拿,1,0,polysyllabic lexical items,
整顿地方武装,0,1,polysyllabic lexical items,
整顿秩序,0,1,polysyllabic lexical items,
整理,1,0,disyllabic lexical items,
整理、分析今年的小麦资料,0,1,polysyllabic lexical items,
整理被搞乱的本册信笺,1,0,polysyllabic lexical items,
整理冰箱,1,0,polysyllabic lexical items,
整理财政,1,0,polysyllabic lexical items,
整理救护箱,0,1,polysyllabic lexical items,
整理你的东西,1,0,polysyllabic lexical items,
整理瓶口几枝山茶的红花绿叶,1,0,polysyllabic lexical items,
整理她的书桌,1,0,polysyllabic lexical items,
整理厅堂,0,1,polysyllabic lexical items,
整理文件,1,0,polysyllabic lexical items,
整理我的小说,1,0,polysyllabic lexical items,
整理箱子,0,1,polysyllabic lexical items,
整理向大会提交的提案,1,0,polysyllabic lexical items,
整理徐志摩的遗作,0,1,polysyllabic lexical items,
整理研究我国已故的杰出京剧表演艺术家周信芳和盖叫天在长期的艺术实践中各自形成的麒派和盖派表演艺术,0,1,polysyllabic lexical items,
整理遗体,1,0,polysyllabic lexical items,
整理自己的头发,0,1,polysyllabic lexical items,
利用柬埔寨叛乱分子,0,1,polysyllabic lexical items,
支持埃及人民为要求英法侵略军队撤出埃及领土和尊重埃及在苏伊士运河的主权而进行的正义斗争,0,1,polysyllabic lexical items,
支持国家发挥它的潜力,1,0,polysyllabic lexical items,
支持叛军垂死挣扎,1,0,polysyllabic lexical items,
支持叛乱分子,0,1,polysyllabic lexical items,
支持他,1,0,polysyllabic lexical items,
支持他们,1,0,polysyllabic lexical items,
着想,1,0,disyllabic lexical items,
支配,1,0,disyllabic lexical items,
织鱼网,1,0,polysyllabic lexical items,
执行,1,1,disyllabic lexical items,
执行跟踪,0,1,polysyllabic lexical items,
执行解放军的命令,0,1,polysyllabic lexical items,
执行命令,1,1,polysyllabic lexical items,
执行某种任务不能按时退伍,0,1,polysyllabic lexical items,
执行潜伏任务,0,1,polysyllabic lexical items,
执行所司,1,0,polysyllabic lexical items,
执行一项保密任务,0,1,polysyllabic lexical items,
执行一项长期计划,0,1,polysyllabic lexical items,
执行这个恶毒阴谋,1,0,polysyllabic lexical items,
执行这任务,0,1,polysyllabic lexical items,
指导纪检监察工作,0,1,polysyllabic lexical items,
指导艰苦的战斗,0,1,polysyllabic lexical items,
指导试点企业有序实施,0,1,polysyllabic lexical items,
指导乡人,1,0,polysyllabic lexical items,
指导自己的思想、学习和工作,1,0,polysyllabic lexical items,
指挥,5,0,disyllabic lexical items,
指挥捕食和逃跑,1,0,polysyllabic lexical items,
指挥操练,0,1,polysyllabic lexical items,
指挥操演阵法,0,1,polysyllabic lexical items,
指挥操纵,1,0,polysyllabic lexical items,
指挥攻击,0,1,polysyllabic lexical items,
指挥几个人一起抢抄一份“险报”,1,0,polysyllabic lexical items,
指挥开炮,0,1,polysyllabic lexical items,
指挥排除第八、九号墩子底下的定时炸弹，,0,1,polysyllabic lexical items,
指挥骑兵变化队形,0,1,polysyllabic lexical items,
指挥同学们演出,1,0,polysyllabic lexical items,
指挥土匪,1,0,polysyllabic lexical items,
指挥我们战斗、学习,1,0,polysyllabic lexical items,
指挥越南部队侵略柬埔寨,1,0,polysyllabic lexical items,
指挥作战的光景,1,0,polysyllabic lexical items,
指路,0,1,disyllabic lexical items,
知道特鲁多总裁是带着一张大得吓人的订单而,1,0,polysyllabic lexical items,
指维德,1,0,polysyllabic lexical items,
制定,0,2,disyllabic lexical items,
制定从现在到一九八五年的全国哲学社会科学发展规划,0,1,polysyllabic lexical items,
制定发展埃及经济的计划,0,1,polysyllabic lexical items,
制定发展太空技术的计划,0,1,polysyllabic lexical items,
制定法令,0,1,polysyllabic lexical items,
制定工作规划,0,1,polysyllabic lexical items,
制定全方位的水果市场开拓战略规划,0,1,polysyllabic lexical items,
制定我国国民经济和社会发展的跨世纪蓝图,0,1,polysyllabic lexical items,
制定相关法规,0,1,polysyllabic lexical items,
制定行业准入条件,0,1,polysyllabic lexical items,
制定一个新的经济计划,0,1,polysyllabic lexical items,
制定预算,1,0,polysyllabic lexical items,
制定资本主义欧洲的政策,1,0,polysyllabic lexical items,
制造,1,2,disyllabic lexical items,
制造第十台三十三万千瓦汽轮发电机,0,1,polysyllabic lexical items,
制造法律,1,0,polysyllabic lexical items,
制造分裂,1,0,polysyllabic lexical items,
制造各种计划,0,1,polysyllabic lexical items,
制造核武器,0,1,polysyllabic lexical items,
制造紧张气氛,1,0,polysyllabic lexical items,
制造口实,0,1,polysyllabic lexical items,
制造逆流,1,0,polysyllabic lexical items,
制造战争,1,0,polysyllabic lexical items,
制造障碍,2,0,polysyllabic lexical items,
治,1,1,monosyllabic lexical items,
治病,1,0,disyllabic lexical items,
治疗,0,2,disyllabic lexical items,
种,1,0,monosyllabic lexical items,
种好小麦,0,1,polysyllabic lexical items,
重复过去当苏联同南斯拉夫关系不好的时候曾经风行一时的那些对苏联的攻击,1,0,polysyllabic lexical items,
主持,1,0,disyllabic lexical items,
主持工厂,1,0,polysyllabic lexical items,
主持一个大国元首的欢迎仪式,0,1,polysyllabic lexical items,
煮饭,1,1,disyllabic lexical items,
嘱咐他,1,0,polysyllabic lexical items,
嘱咐她“一失足成千古恨”,1,0,polysyllabic lexical items,
住,1,0,monosyllabic lexical items,
住院,4,0,disyllabic lexical items,
注视什么,1,0,polysyllabic lexical items,
注视他、支持他、期待他、鞭策他,1,0,polysyllabic lexical items,
注视他的衣袋,0,1,polysyllabic lexical items,
注视她,1,0,polysyllabic lexical items,
注视我与叮噹,1,0,polysyllabic lexical items,
注视远远的什么东西,1,0,polysyllabic lexical items,
注视这次新民主主义青年团成立大会的经过与结果,1,0,polysyllabic lexical items,
注意解决,1,0,polysyllabic lexical items,
注意老齐,1,0,polysyllabic lexical items,
注意他,3,0,polysyllabic lexical items,
注意我们,1,0,polysyllabic lexical items,
注意这次火山爆发会不会诱发地震和大喷火,0,1,polysyllabic lexical items,
注意这种具体的组织工作,0,1,polysyllabic lexical items,
祝贺乔迁之喜,0,1,polysyllabic lexical items,
抓,1,0,monosyllabic lexical items,
抓车,0,1,disyllabic lexical items,
抓经济建设,0,1,polysyllabic lexical items,
抓内贼,1,0,polysyllabic lexical items,
抓全社抗旱救灾的问题,0,1,polysyllabic lexical items,
抓人,2,1,disyllabic lexical items,
抓他的心,1,0,polysyllabic lexical items,
抓她,1,0,disyllabic lexical items,
抓鱼,0,1,disyllabic lexical items,
转,8,0,monosyllabic lexical items,
转啊转,1,0,polysyllabic lexical items,
转变,2,3,disyllabic lexical items,
转变机制、深化改革,0,1,polysyllabic lexical items,
转变经济生活,0,1,polysyllabic lexical items,
转变为创新生态环境的竞争,0,1,polysyllabic lexical items,
转化为激昂高亢的精神力量,0,1,polysyllabic lexical items,
转化为治理效能,0,1,polysyllabic lexical items,
转圈,1,0,disyllabic lexical items,
转入防御,0,1,polysyllabic lexical items,
转入战略反攻,0,1,polysyllabic lexical items,
转身,0,2,disyllabic lexical items,
转甚么顽皮的念头,1,0,polysyllabic lexical items,
转弯,4,0,disyllabic lexical items,
转些什么念头,1,0,polysyllabic lexical items,
转移,2,0,disyllabic lexical items,
转移到亚洲,0,1,polysyllabic lexical items,
转移营地,0,1,polysyllabic lexical items,
赚钱,3,0,disyllabic lexical items,
装病,1,0,disyllabic lexical items,
装菜蔬上船,1,0,polysyllabic lexical items,
装货,1,1,disyllabic lexical items,
装傻,1,0,disyllabic lexical items,
装树木,0,1,polysyllabic lexical items,
装蒜,1,0,disyllabic lexical items,
装运上船,0,1,polysyllabic lexical items,
撞我,1,0,disyllabic lexical items,
追赶,5,5,disyllabic lexical items,
追赶“申花”,0,1,polysyllabic lexical items,
追赶世界,0,1,polysyllabic lexical items,
追赶他,1,0,polysyllabic lexical items,
追赶一只雪白雪白的像鸽子那样大的一只小鸟,0,1,polysyllabic lexical items,
追你,4,0,disyllabic lexical items,
追求,2,0,disyllabic lexical items,
追求‘效用最小化’,1,0,polysyllabic lexical items,
追求另一种境界,1,0,polysyllabic lexical items,
追求美和善,1,0,polysyllabic lexical items,
追求你,1,0,polysyllabic lexical items,
追求他们黑甜乡的滋味,1,0,polysyllabic lexical items,
追求我,1,0,polysyllabic lexical items,
追求新的战争,0,1,polysyllabic lexical items,
追求一个人,0,1,polysyllabic lexical items,
追求一种高质量的生活,1,0,polysyllabic lexical items,
追求一种与歌词的意境相吻合的表达方式,1,0,polysyllabic lexical items,
追求这个姑娘,1,0,polysyllabic lexical items,
追求自由,1,0,polysyllabic lexical items,
追他,1,0,disyllabic lexical items,
追他们,0,1,polysyllabic lexical items,
追她,2,0,disyllabic lexical items,
追我,1,0,disyllabic lexical items,
准备,4,1,disyllabic lexical items,
准备“行灶”和丝车,1,0,polysyllabic lexical items,
准备把飞机也运送回台湾去,0,1,polysyllabic lexical items,
准备把过去张正典的一些活动来质问他,0,1,polysyllabic lexical items,
准备搬家,1,0,polysyllabic lexical items,
准备表示自己同中国人民亲密无间、休戚与共的关系,1,0,polysyllabic lexical items,
准备材料,0,1,polysyllabic lexical items,
准备参加第三十五届世界乒乓球赛,0,1,polysyllabic lexical items,
准备参加支委会,1,0,polysyllabic lexical items,
准备春耕,1,1,polysyllabic lexical items,
准备大选,1,0,polysyllabic lexical items,
准备当天晚上的晚会,0,1,polysyllabic lexical items,
准备抵抗日本,0,1,polysyllabic lexical items,
准备对冲向岸边的鬼子进行抵抗,1,0,polysyllabic lexical items,
准备对古巴共和国发动一次新的军事进攻,0,1,polysyllabic lexical items,
准备发言,0,1,polysyllabic lexical items,
准备高考,1,0,polysyllabic lexical items,
准备跟中国作战,0,1,polysyllabic lexical items,
准备和王治郅的解放军队比赛,0,1,polysyllabic lexical items,
准备后事,1,0,polysyllabic lexical items,
准备互相开撕战,1,0,polysyllabic lexical items,
准备婚礼,0,1,polysyllabic lexical items,
准备纪念攻打蒙卡达兵营九周年的活动,0,1,polysyllabic lexical items,
准备继续听他的朗诵,1,0,polysyllabic lexical items,
准备将水分配到更需要的村子去,0,1,polysyllabic lexical items,
准备接班,1,0,polysyllabic lexical items,
准备进攻上海,1,0,polysyllabic lexical items,
准备进行片面选举,0,1,polysyllabic lexical items,
准备进一步广泛展开对北极的科学考察工作,0,1,polysyllabic lexical items,
准备开农民大会,1,0,polysyllabic lexical items,
准备扩大,0,1,polysyllabic lexical items,
准备离开大桥区,0,1,polysyllabic lexical items,
准备炼一炉合金钢,0,1,polysyllabic lexical items,
准备隆重欢迎国宾,0,1,polysyllabic lexical items,
准备卖企业,1,0,polysyllabic lexical items,
准备密码本子,0,1,polysyllabic lexical items,
准备灭亡的条件,1,0,polysyllabic lexical items,
准备泡茶,1,0,polysyllabic lexical items,
准备迁往香港等地,0,1,polysyllabic lexical items,
准备热烈欢迎大平首相一行访问,0,1,polysyllabic lexical items,
准备上床睡觉,0,1,polysyllabic lexical items,
准备盛大酒宴,1,0,polysyllabic lexical items,
准备收割,1,0,polysyllabic lexical items,
准备树苗和树籽,0,1,polysyllabic lexical items,
准备送给斯大林的礼物,0,1,polysyllabic lexical items,
准备送给她的生日礼物,2,0,polysyllabic lexical items,
准备投降,0,1,polysyllabic lexical items,
准备为其父办七十大寿,0,1,polysyllabic lexical items,
准备为中国生产三十三万千瓦的气轮发电机和三套生产水泥的设备,0,1,polysyllabic lexical items,
准备下一年再考,0,1,polysyllabic lexical items,
准备写,1,0,polysyllabic lexical items,
准备行动,0,1,polysyllabic lexical items,
准备行装,0,1,polysyllabic lexical items,
准备选村长,0,1,polysyllabic lexical items,
准备一个内容丰富的展览会,0,1,polysyllabic lexical items,
"准备一吐他们的
离情别绪",1,0,polysyllabic lexical items,
准备以新的成就来庆祝斯大林的七十诞辰,0,1,polysyllabic lexical items,
准备与苏联合作,1,0,polysyllabic lexical items,
准备再次开火射击,0,1,polysyllabic lexical items,
准备再来一个一百辆车运动,0,1,polysyllabic lexical items,
准备在港开设,0,1,polysyllabic lexical items,
准备战斗,0,1,polysyllabic lexical items,
准备战争,0,1,polysyllabic lexical items,
准备召开,0,1,polysyllabic lexical items,
准备这一进攻,1,0,polysyllabic lexical items,
准备争夺世锦赛冠军,0,1,polysyllabic lexical items,
准备重建架构,0,1,polysyllabic lexical items,
准备祝贺斯大林七十大寿的礼物,0,1,polysyllabic lexical items,
准备最终的一战,1,0,polysyllabic lexical items,
捉迷藏,3,0,polysyllabic lexical items,
捉虱,1,0,disyllabic lexical items,
总结检验,1,0,polysyllabic lexical items,
总结今年抗旱斗争的经验,0,1,polysyllabic lexical items,
总结开放市场销售水泥的经验,0,1,polysyllabic lexical items,
总结武汉市的初步经验制订规划,0,1,polysyllabic lexical items,
总结正反两方面的实践经验,1,0,polysyllabic lexical items,
走,29,6,monosyllabic lexical items,
走出地震的阴影,0,1,polysyllabic lexical items,
走出来,0,1,polysyllabic lexical items,
走出粮食供应丰富期,0,1,polysyllabic lexical items,
走出一条计划生育的行政管理与群众工作相结合，人口与经济、社会、环境、资源协调发展的新路子,0,1,polysyllabic lexical items,
走到另一个相同的时代,1,0,polysyllabic lexical items,
走过场,1,0,polysyllabic lexical items,
走过来,0,1,polysyllabic lexical items,
走黑运,1,0,polysyllabic lexical items,
走进普通人的日常生活,0,1,polysyllabic lexical items,
走路,3,4,disyllabic lexical items,
走路，放羊,1,0,polysyllabic lexical items,
走平衡木,1,0,polysyllabic lexical items,
走签字流程,0,1,polysyllabic lexical items,
走全盘西化的路,1,0,polysyllabic lexical items,
走入百姓家,0,1,polysyllabic lexical items,
走商业化道路,1,0,polysyllabic lexical items,
走上国家建设工作岗位,0,1,polysyllabic lexical items,
走上具有自己特色的发展道路,0,1,polysyllabic lexical items,
走上主席台,0,1,polysyllabic lexical items,
走我的路,1,0,polysyllabic lexical items,
走希特勒的老路,0,1,polysyllabic lexical items,
走希特勒侵略老路,0,1,polysyllabic lexical items,
走下坡路,2,1,polysyllabic lexical items,
走自己的必由之路,1,0,polysyllabic lexical items,
组织编辑出版《李大钊文集》,0,1,polysyllabic lexical items,
组织部队有秩序地迅速撤离工地,0,1,polysyllabic lexical items,
组织定县二区保卫团区分队的武装哗变,0,1,polysyllabic lexical items,
组织放生,1,0,polysyllabic lexical items,
组织和不结盟运动,0,1,polysyllabic lexical items,
组织火力,0,1,polysyllabic lexical items,
组织力量,0,1,polysyllabic lexical items,
组织年文物保护方案的报批等工作,0,1,polysyllabic lexical items,
组织群众,1,0,polysyllabic lexical items,
组织群众往山里撤,0,1,polysyllabic lexical items,
组织实施,0,1,polysyllabic lexical items,
组织实施年度调水工作,0,1,polysyllabic lexical items,
组织一个军方和科技界的联席会议,0,1,polysyllabic lexical items,
组织有关方面认真总结前几年改革的经验教训,0,1,polysyllabic lexical items,
组装电台,1,0,polysyllabic lexical items,
钻,1,0,monosyllabic lexical items,
钻进炸弹坑里去,0,1,polysyllabic lexical items,
钻研,0,1,disyllabic lexical items,
钻研改进他的许多杰出的节目,1,0,polysyllabic lexical items,
遵守核查协议,0,1,polysyllabic lexical items,
遵守配额,1,0,polysyllabic lexical items,
琢磨,3,0,disyllabic lexical items,
琢磨对“抡花”的技巧和装置作些改进,0,1,polysyllabic lexical items,
琢磨黄鼬铡,0,1,polysyllabic lexical items,
琢磨会上那几个同志的发言,1,0,polysyllabic lexical items,
琢磨连长的这个指示,0,1,polysyllabic lexical items,
琢磨欧阳海刚才讲的这几句话,1,0,polysyllabic lexical items,
琢磨如何驱鬼,1,0,polysyllabic lexical items,
琢磨它们的意义,0,1,polysyllabic lexical items,
琢磨通讯员这话,0,1,polysyllabic lexical items,
琢磨魏武跃刚才介绍的这些情况,1,0,polysyllabic lexical items,
琢磨养猪的事,1,0,polysyllabic lexical items,
琢磨夜间瞄准的要领,1,0,polysyllabic lexical items,
琢磨一个问题,1,0,polysyllabic lexical items,
琢磨怎么表白,1,0,polysyllabic lexical items,
琢磨怎么做才能将诚信教育自然而然地融入助学贷款业务流程,1,0,polysyllabic lexical items,
琢磨这个“冲”字,1,0,polysyllabic lexical items,
琢磨这个事情,1,0,polysyllabic lexical items,
琢磨周虎山这后半句话的意思,1,0,polysyllabic lexical items,
"作
长足的进展",0,1,polysyllabic lexical items,
作“官样文章”,1,0,polysyllabic lexical items,
作案,0,1,disyllabic lexical items,
作奥运总动员,1,0,polysyllabic lexical items,
作沉默的永久的呼号,1,0,polysyllabic lexical items,
作崇,1,0,disyllabic lexical items,
作出慈悲的样子,1,0,polysyllabic lexical items,
作出发准备,0,1,polysyllabic lexical items,
作出反应,0,1,polysyllabic lexical items,
作出贡献,0,1,polysyllabic lexical items,
作出努力,0,2,polysyllabic lexical items,
作出努力挫败帝国主义和新老殖民主义破坏会议的企图,0,1,polysyllabic lexical items,
作出自己的努力和贡献,1,0,polysyllabic lexical items,
作垂死的挣扎,1,0,polysyllabic lexical items,
作垂死挣扎,1,0,polysyllabic lexical items,
作斗争,1,0,polysyllabic lexical items,
作恶,1,0,disyllabic lexical items,
作功课,2,0,polysyllabic lexical items,
作贡献,1,0,polysyllabic lexical items,
作怪,10,0,disyllabic lexical items,
作和事老,1,0,polysyllabic lexical items,
作画,1,0,disyllabic lexical items,
作欢迎状,1,0,polysyllabic lexical items,
作技术员的工作,1,0,polysyllabic lexical items,
作交谈,1,0,polysyllabic lexical items,
作介绍,1,0,polysyllabic lexical items,
作乐,1,0,disyllabic lexical items,
作民运工作,1,0,polysyllabic lexical items,
作弄人,1,0,polysyllabic lexical items,
作弄她,1,0,polysyllabic lexical items,
作努力,0,1,polysyllabic lexical items,
作陪衬,1,0,polysyllabic lexical items,
作穷打算,1,0,polysyllabic lexical items,
作深呼吸,0,1,polysyllabic lexical items,
作什么,8,0,polysyllabic lexical items,
作诗,4,0,disyllabic lexical items,
作诗词,0,1,polysyllabic lexical items,
作同样的窥探,1,0,polysyllabic lexical items,
作筒子条子的缺一门,1,0,polysyllabic lexical items,
作痛,1,0,disyllabic lexical items,
作微观经济学的讲座“价格理论”,0,1,polysyllabic lexical items,
作文稿,0,1,polysyllabic lexical items,
作下地的准备,0,1,polysyllabic lexical items,
作响,1,0,disyllabic lexical items,
作些什么,2,0,polysyllabic lexical items,
作秀,1,0,disyllabic lexical items,
作学术与时事的座谈讨论,0,1,polysyllabic lexical items,
作痒,2,0,disyllabic lexical items,
作有关地震伤救治专业知识的讲座,0,1,polysyllabic lexical items,
作越狱的准备,1,0,polysyllabic lexical items,
作责任编辑,1,0,polysyllabic lexical items,
作战,2,0,disyllabic lexical items,
作战斗准备,1,0,polysyllabic lexical items,
作挣扎,1,0,polysyllabic lexical items,
作重新合作的准备,1,0,polysyllabic lexical items,
作准备,2,2,polysyllabic lexical items,
作最后的冲刺,0,1,polysyllabic lexical items,
作最后的抗争,1,0,polysyllabic lexical items,
坐山观虎斗,1,0,polysyllabic lexical items,
坐桃,0,1,disyllabic lexical items,
坐月子,0,1,polysyllabic lexical items,
做,18,8,monosyllabic lexical items,
做“看板娘”,1,0,polysyllabic lexical items,
做“刷洗过的旧诗”,1,0,polysyllabic lexical items,
做“月球车养生保健操”,0,1,polysyllabic lexical items,
做按摩服务,1,0,polysyllabic lexical items,
做按摩挣钱的事,1,0,polysyllabic lexical items,
做表演「三国演义」,1,0,polysyllabic lexical items,
做不同的职业,1,0,polysyllabic lexical items,
做菜,1,0,disyllabic lexical items,
做铲除草皮工作,1,0,polysyllabic lexical items,
做出下棋的动作,1,0,polysyllabic lexical items,
做错误的事情,1,0,polysyllabic lexical items,
做大,1,1,disyllabic lexical items,
做大家的疏导工作,0,1,polysyllabic lexical items,
做导演助理,0,1,polysyllabic lexical items,
做囤积的生意,1,0,polysyllabic lexical items,
做恶意劫持行为,1,0,polysyllabic lexical items,
做噩梦,3,1,polysyllabic lexical items,
做法宣,0,1,polysyllabic lexical items,
做饭,4,2,disyllabic lexical items,
做工作,1,0,polysyllabic lexical items,
做公债生意,1,0,polysyllabic lexical items,
做攻击,1,0,polysyllabic lexical items,
做供给侧结构性调整,1,0,polysyllabic lexical items,
做共产主义的美梦,1,0,polysyllabic lexical items,
做古文,1,0,polysyllabic lexical items,
做怪,1,0,disyllabic lexical items,
做官,1,0,disyllabic lexical items,
做棺材,1,0,polysyllabic lexical items,
做好生产安排,0,1,polysyllabic lexical items,
做黑市生意,1,0,polysyllabic lexical items,
做活,2,0,disyllabic lexical items,
做积极努力,1,0,polysyllabic lexical items,
做积极准备,0,1,polysyllabic lexical items,
做家务,0,1,polysyllabic lexical items,
做假证,1,0,polysyllabic lexical items,
做检查,0,1,polysyllabic lexical items,
做将来副总统候选的各项推测,1,0,polysyllabic lexical items,
做紧急防守的安排,0,1,polysyllabic lexical items,
做进一步的学问,2,0,polysyllabic lexical items,
做警戒,1,0,polysyllabic lexical items,
做救济工作,1,0,polysyllabic lexical items,
做口碑,1,0,polysyllabic lexical items,
做另一件事,0,1,polysyllabic lexical items,
做买卖,2,0,polysyllabic lexical items,
做买卖讨价还价,1,0,polysyllabic lexical items,
做没有效果的挣扎,1,0,polysyllabic lexical items,
做梦,58,0,disyllabic lexical items,
做梦游,1,0,polysyllabic lexical items,
做秘密的工作,1,0,polysyllabic lexical items,
做牛排,1,0,polysyllabic lexical items,
做祈祷,1,0,polysyllabic lexical items,
做强盗,1,0,polysyllabic lexical items,
做清一色,1,0,polysyllabic lexical items,
做啥,2,0,disyllabic lexical items,
做什么,57,2,polysyllabic lexical items,
做什么、有什么意图,1,0,polysyllabic lexical items,
做什么把戏,1,0,polysyllabic lexical items,
做什么犯法的丑事,0,1,polysyllabic lexical items,
做什么工作,1,0,polysyllabic lexical items,
做什么事情,1,0,polysyllabic lexical items,
做什么说什么,1,0,polysyllabic lexical items,
做什么香艳文字,1,0,polysyllabic lexical items,
做生意,1,0,polysyllabic lexical items,
做诗,2,1,disyllabic lexical items,
做实业,1,0,polysyllabic lexical items,
做收费服务,1,0,polysyllabic lexical items,
做手脚,1,0,polysyllabic lexical items,
做手术,0,2,polysyllabic lexical items,
做思想工作,1,0,polysyllabic lexical items,
做缩头乌龟,1,0,polysyllabic lexical items,
做特技,1,0,polysyllabic lexical items,
做筒子的一色,1,0,polysyllabic lexical items,
做投入,1,0,polysyllabic lexical items,
做晚饭,1,0,polysyllabic lexical items,
做微信服务号,0,1,polysyllabic lexical items,
做违法的事情,1,0,polysyllabic lexical items,
做我们的老妈子,1,0,polysyllabic lexical items,
做希特勒独霸欧洲的迷梦,1,0,polysyllabic lexical items,
做戏,3,0,disyllabic lexical items,
做现场直播,1,0,polysyllabic lexical items,
做相关的事情,1,0,polysyllabic lexical items,
做相关国家的工作,1,0,polysyllabic lexical items,
做相同的事情,1,0,polysyllabic lexical items,
做些女人的私事,0,1,polysyllabic lexical items,
做些什么,7,0,polysyllabic lexical items,
做些什么蠢事,1,0,polysyllabic lexical items,
做些什么事,1,0,polysyllabic lexical items,
做宣传,1,0,polysyllabic lexical items,
做学联工作,1,0,polysyllabic lexical items,
做学问,1,0,polysyllabic lexical items,
做幺事,2,0,polysyllabic lexical items,
做夜工,2,0,polysyllabic lexical items,
做一次即将远途旅行的准备,1,0,polysyllabic lexical items,
做一次实验,1,0,polysyllabic lexical items,
做一个彩排,1,0,polysyllabic lexical items,
做一个黄金似的好梦,1,0,polysyllabic lexical items,
做一个快速突破,0,1,polysyllabic lexical items,
做一个长条板凳,0,1,polysyllabic lexical items,
做一家公司,1,0,polysyllabic lexical items,
做一件汗衣,1,0,polysyllabic lexical items,
做一件秘密事,2,0,polysyllabic lexical items,
做一件女人的事情,1,0,polysyllabic lexical items,
做一件事,1,0,polysyllabic lexical items,
做一种“投机革命”的买卖,1,0,polysyllabic lexical items,
做一种姿态,1,0,polysyllabic lexical items,
做一桩极见不得人的勾当,1,0,polysyllabic lexical items,
做游戏,1,0,polysyllabic lexical items,
做预防和消毒的工作,1,0,polysyllabic lexical items,
做贼,1,0,disyllabic lexical items,
做战斗准备哈希望塔防止战火重燃,1,0,polysyllabic lexical items,
做这个生意,1,0,polysyllabic lexical items,
做这个挖掘过程,1,0,polysyllabic lexical items,
做这件事,1,0,polysyllabic lexical items,
做针线,1,0,polysyllabic lexical items,
做针线活,0,1,polysyllabic lexical items,
做侦探,1,0,polysyllabic lexical items,
做真正的信息编辑,1,0,polysyllabic lexical items,
做政治工作,1,0,polysyllabic lexical items,
做庄,1,0,disyllabic lexical items,
做庄子文学思想研究,1,0,polysyllabic lexical items,
做状态准备,0,1,polysyllabic lexical items,
做准备,3,0,polysyllabic lexical items,
做准备工作,0,2,polysyllabic lexical items,
做自己的份内事,1,0,polysyllabic lexical items,
做自杀女孩的思想工作,0,1,polysyllabic lexical items,
做最后冲刺,0,1,polysyllabic lexical items,
做最后的润饰,0,1,polysyllabic lexical items,
做最后的拾掇,0,1,polysyllabic lexical items,
