The usage of ZAI and ZHENGZAI in classical Chinese and modern Chinese,,,
Verbs,Time,ZAI,ZHENGZAI
‘磋商’什么,modern Chinese（1920-2020）,1,0
“围攻英国”,modern Chinese（1920-2020）,0,1
“帮助”别人,modern Chinese（1920-2020）,1,0
“扫黄”,modern Chinese（1920-2020）,1,0
“杀价竞争”,modern Chinese（1920-2020）,1,0
“浏览”我,modern Chinese（1920-2020）,1,0
“玩朋友”,modern Chinese（1920-2020）,1,0
“白搭车”,modern Chinese（1920-2020）,1,0
“等活”,modern Chinese（1920-2020）,2,0
“讨论”什么问题,modern Chinese（1920-2020）,0,1
一边吸烟一边翻着书,modern Chinese（1920-2020）,0,1
一边溜达一边啃草,modern Chinese（1920-2020）,1,0
一边研读特务头子戴笠的事迹，一边欣赏着收音机里的音乐,modern Chinese（1920-2020）,0,1
一边纳鞋底一边拉闲话,modern Chinese（1920-2020）,1,0
一面生产一面修整,modern Chinese（1920-2020）,0,1
丈量他的良心,modern Chinese（1920-2020）,1,0
上仰,modern Chinese（1920-2020）,1,0
上俄文课,modern Chinese（1920-2020）,0,1
上公开课,modern Chinese（1920-2020）,0,1
上升,modern Chinese（1920-2020）,18,5
上吊,modern Chinese（1920-2020）,1,0
上大学,modern Chinese（1920-2020）,0,2
上大学四年级,modern Chinese（1920-2020）,0,1
上学,modern Chinese（1920-2020）,1,1
上客,modern Chinese（1920-2020）,1,0
上小学,modern Chinese（1920-2020）,0,1
上工,modern Chinese（1920-2020）,1,0
上市,modern Chinese（1920-2020）,0,2
上涨,modern Chinese（1920-2020）,12,0
上演,modern Chinese（1920-2020）,2,3
上演一场深刻的变革,modern Chinese（1920-2020）,0,1
上演新片,modern Chinese（1920-2020）,1,0
上煤,modern Chinese（1920-2020）,0,1
上班,modern Chinese（1920-2020）,9,0
上班和下班,modern Chinese（1920-2020）,1,0
上组抢救,modern Chinese（1920-2020）,0,1
上网,modern Chinese（1920-2020）,1,0
上船,modern Chinese（1920-2020）,0,1
上菜,modern Chinese（1920-2020）,0,1
上课,modern Chinese（1920-2020）,1,5
上车,modern Chinese（1920-2020）,1,2
上辅导班,modern Chinese（1920-2020）,1,0
上长,modern Chinese（1920-2020）,1,0
上鞍子,modern Chinese（1920-2020）,1,0
下,modern Chinese（1920-2020）,6,1
下什么棋,modern Chinese（1920-2020）,2,0
下令,modern Chinese（1920-2020）,0,1
下决心,modern Chinese（1920-2020）,1,0
下围棋,modern Chinese（1920-2020）,1,1
下垂,modern Chinese（1920-2020）,1,0
下大雨,modern Chinese（1920-2020）,1,0
下工夫,modern Chinese（1920-2020）,1,0
下棋,modern Chinese（1920-2020）,4,2
下沉,modern Chinese（1920-2020）,2,4
下沟,modern Chinese（1920-2020）,0,1
下滑,modern Chinese（1920-2020）,3,0
下滑失落,modern Chinese（1920-2020）,0,1
下火车,modern Chinese（1920-2020）,1,0
下着,modern Chinese（1920-2020）,6,0
下着铺门板,modern Chinese（1920-2020）,1,0
下神,modern Chinese（1920-2020）,0,1
下象棋,modern Chinese（1920-2020）,1,1
下跌,modern Chinese（1920-2020）,3,2
下跳棋,modern Chinese（1920-2020）,1,0
下车,modern Chinese（1920-2020）,0,1
下逐客令,modern Chinese（1920-2020）,1,0
下降,modern Chinese（1920-2020）,15,1
下雨,modern Chinese（1920-2020）,8,1
下雪,modern Chinese（1920-2020）,7,0
下露水,modern Chinese（1920-2020）,0,1
下青浪滩,modern Chinese（1920-2020）,0,1
不平,modern Chinese（1920-2020）,0,2
不眠不休,modern Chinese（1920-2020）,1,0
不知如何应付,modern Chinese（1920-2020）,0,1
不知所措,modern Chinese（1920-2020）,0,1
不解,modern Chinese（1920-2020）,0,1
不齿,modern Chinese（1920-2020）,1,0
与日俱增,modern Chinese（1920-2020）,0,3
与时尚、生活接轨,modern Chinese（1920-2020）,1,0
东奔西跑,modern Chinese（1920-2020）,1,0
丢我们赏心苑的脸,modern Chinese（1920-2020）,1,0
严查借营改增涨价的行为,modern Chinese（1920-2020）,0,1
丧失,modern Chinese（1920-2020）,0,3
丧失了稳定与安全,modern Chinese（1920-2020）,0,1
丧失威信,modern Chinese（1920-2020）,0,1
中毒,modern Chinese（1920-2020）,1,0
中立,modern Chinese（1920-2020）,1,0
丰富着人类的生活,modern Chinese（1920-2020）,1,0
丰富着艺术创作,modern Chinese（1920-2020）,1,0
串村,modern Chinese（1920-2020）,1,0
临摹此帖,modern Chinese（1920-2020）,0,1
临近,modern Chinese（1920-2020）,0,1
临近中国和逼近你本人,modern Chinese（1920-2020）,0,1
为世界上好战的人在说话,modern Chinese（1920-2020）,1,0
为你着想,modern Chinese（1920-2020）,1,0
为信念而战,modern Chinese（1920-2020）,1,0
为去留的问题所扰,modern Chinese（1920-2020）,1,0
为未来着想,modern Chinese（1920-2020）,1,0
为自由和平而战,modern Chinese（1920-2020）,0,1
为虎作伥,modern Chinese（1920-2020）,1,0
为难,modern Chinese（1920-2020）,0,6
为雨兴云,modern Chinese（1920-2020）,0,1
为非作歹,modern Chinese（1920-2020）,1,0
主办,modern Chinese（1920-2020）,1,0
主张召开和平解决朝鲜问题的国际会议,modern Chinese（1920-2020）,1,0
主持,modern Chinese（1920-2020）,1,0
主持一个大国元首的欢迎仪式,modern Chinese（1920-2020）,0,1
主持工厂,modern Chinese（1920-2020）,1,0
主持放赈,modern Chinese（1920-2020）,0,1
主持着纪念列宁的座谈会,modern Chinese（1920-2020）,1,0
主演《少奶奶的扇子》,modern Chinese（1920-2020）,1,0
举一反三,modern Chinese（1920-2020）,0,1
举办一场丧礼,modern Chinese（1920-2020）,0,1
举办德国艺术家托比阿斯·瑞博格的装置展,modern Chinese（1920-2020）,0,1
举办服务与发展上海浦东服务外包国际论坛,modern Chinese（1920-2020）,0,1
举办讲演会,modern Chinese（1920-2020）,1,0
举办题为“梨园第一人·梅兰芳与苏联戏剧”展览会,modern Chinese（1920-2020）,0,1
举着一个子儿,modern Chinese（1920-2020）,0,1
举行,modern Chinese（1920-2020）,1,10
举行一次记者招待会,modern Chinese（1920-2020）,0,1
举行一项纪念活动,modern Chinese（1920-2020）,0,1
举行二十六届世界乒乓球锦标赛,modern Chinese（1920-2020）,0,1
举行化装联欢晚会,modern Chinese（1920-2020）,0,1
举行古老而虔诚的祭奠,modern Chinese（1920-2020）,1,0
举行各种会议,modern Chinese（1920-2020）,0,1
举行国际晶体学协会全会,modern Chinese（1920-2020）,0,1
举行婚礼,modern Chinese（1920-2020）,0,1
举行最后的裁判,modern Chinese（1920-2020）,1,0
举行有小乐队伴奏的酒会,modern Chinese（1920-2020）,0,1
举行测试,modern Chinese（1920-2020）,1,0
举行第三次的跳舞,modern Chinese（1920-2020）,1,0
举行红旗竞赛,modern Chinese（1920-2020）,0,1
举行集会,modern Chinese（1920-2020）,1,1
举行首发仪式,modern Chinese（1920-2020）,0,1
乐,modern Chinese（1920-2020）,0,1
乘凉,modern Chinese（1920-2020）,1,0
乘风破浪,modern Chinese（1920-2020）,1,0
乞怜,modern Chinese（1920-2020）,1,0
乞怜美国救命 ,modern Chinese（1920-2020）,1,0
乞求,modern Chinese（1920-2020）,1,0
乞求他,modern Chinese（1920-2020）,1,0
乞讨,modern Chinese（1920-2020）,1,0
习惯它的过程里受到了小小的挫折,modern Chinese（1920-2020）,1,0
习拳术,modern Chinese（1920-2020）,1,0
书写或讴歌这个时代中国人充满自信和昂扬奋进的精神风貌,modern Chinese（1920-2020）,1,0
书写祝福,modern Chinese（1920-2020）,1,0
书写自己的名字,modern Chinese（1920-2020）,1,0
买东西,modern Chinese（1920-2020）,1,0
买土卖土,modern Chinese（1920-2020）,1,0
买小菜,modern Chinese（1920-2020）,1,0
买房子,modern Chinese（1920-2020）,1,0
买教训,modern Chinese（1920-2020）,1,0
买烟抽,modern Chinese（1920-2020）,1,0
买田,modern Chinese（1920-2020）,1,0
买票,modern Chinese（1920-2020）,1,0
买米,modern Chinese（1920-2020）,1,0
买肉,modern Chinese（1920-2020）,0,1
买花线,modern Chinese（1920-2020）,0,1
买药,modern Chinese（1920-2020）,1,0
买西瓜,modern Chinese（1920-2020）,0,1
乱丢,modern Chinese（1920-2020）,1,0
乱叫乱嚎,modern Chinese（1920-2020）,1,0
乱吼大叫,modern Chinese（1920-2020）,1,0
乱嗅,modern Chinese（1920-2020）,0,1
乱打,modern Chinese（1920-2020）,1,0
乱收费,modern Chinese（1920-2020）,1,0
乱滚,modern Chinese（1920-2020）,1,0
乱着,modern Chinese（1920-2020）,1,0
乱窜,modern Chinese（1920-2020）,1,0
乱说,modern Chinese（1920-2020）,1,0
乱说些什么,modern Chinese（1920-2020）,1,0
乱踢乱打,modern Chinese（1920-2020）,1,0
了望,modern Chinese（1920-2020）,0,2
了望他们徒子徒孙的威力,modern Chinese（1920-2020）,1,0
了解机器人构造,modern Chinese（1920-2020）,0,1
争,modern Chinese（1920-2020）,1,0
"争个人偶然认定的
利害或一羣人偶然结合起来认
定的利害",modern Chinese（1920-2020）,1,0
争取,modern Chinese（1920-2020）,1,1
争取入党,modern Chinese（1920-2020）,0,1
争取和平,modern Chinese（1920-2020）,1,0
争取和平解放台湾,modern Chinese（1920-2020）,0,1
争取喘息时间,modern Chinese（1920-2020）,0,1
争取喘息机会,modern Chinese（1920-2020）,1,0
争取在雨季之前稳定地控制全柬埔寨,modern Chinese（1920-2020）,0,1
争取尽力改进和精简国家机关以及保证最严格地遵守法制,modern Chinese（1920-2020）,1,0
争取提前和超额完成第一个五年计划,modern Chinese（1920-2020）,1,0
争取民族解放和阶级解放,modern Chinese（1920-2020）,1,0
争取申请国家项目的试点,modern Chinese（1920-2020）,0,1
争取美好的前程,modern Chinese（1920-2020）,1,0
争取进步联盟,modern Chinese（1920-2020）,1,0
争吵,modern Chinese（1920-2020）,2,3
争吵轿价,modern Chinese（1920-2020）,1,0
争夺“话语权”,modern Chinese（1920-2020）,1,0
争夺中原,modern Chinese（1920-2020）,1,0
争夺地盘,modern Chinese（1920-2020）,1,0
争夺市场,modern Chinese（1920-2020）,1,0
争夺矿产资源,modern Chinese（1920-2020）,1,0
争夺这几秒,modern Chinese（1920-2020）,1,0
争妍,modern Chinese（1920-2020）,1,0
争执,modern Chinese（1920-2020）,1,2
争抢着发抒观感和评论,modern Chinese（1920-2020）,1,0
争抢着那金鱼,modern Chinese（1920-2020）,1,0
争抢鱼食,modern Chinese（1920-2020）,1,0
争权夺利,modern Chinese（1920-2020）,1,0
争来争去,modern Chinese（1920-2020）,1,0
争看洋钱,modern Chinese（1920-2020）,1,0
争着,modern Chinese（1920-2020）,0,1
"争着先鞭，和弗朗哥讲求妥
协",modern Chinese（1920-2020）,0,1
争着献媚,modern Chinese（1920-2020）,1,0
争着看,modern Chinese（1920-2020）,1,0
争议研究与证明和直觉式的“知道”,modern Chinese（1920-2020）,1,0
争论,modern Chinese（1920-2020）,7,2
争论 究竟那种正确,modern Chinese（1920-2020）,1,0
争论一件事情,modern Chinese（1920-2020）,1,0
争论你是否该进NBA,modern Chinese（1920-2020）,1,0
争论巩俐和刘晓庆到底谁更漂亮,modern Chinese（1920-2020）,1,0
争论着,modern Chinese（1920-2020）,1,0
争论着什么事,modern Chinese（1920-2020）,0,1
争论着敌人假投降,modern Chinese（1920-2020）,1,0
争购小汽车,modern Chinese（1920-2020）,1,0
争跳,modern Chinese（1920-2020）,1,0
争辩,modern Chinese（1920-2020）,3,0
互动,modern Chinese（1920-2020）,1,0
互相啮咬,modern Chinese（1920-2020）,1,0
互相帮助,modern Chinese（1920-2020）,1,0
互相推诿,modern Chinese（1920-2020）,1,0
互致问好,modern Chinese（1920-2020）,1,0
互诉心中最重要的秘密,modern Chinese（1920-2020）,0,1
交代什么,modern Chinese（1920-2020）,1,0
交出亮眼的成绩单,modern Chinese（1920-2020）,0,1
交叉着,modern Chinese（1920-2020）,1,0
交合,modern Chinese（1920-2020）,1,0
交头接耳,modern Chinese（1920-2020）,2,0
交战,modern Chinese（1920-2020）,2,1
交换充满幻想的密约,modern Chinese（1920-2020）,1,0
交换意见,modern Chinese（1920-2020）,1,0
交换战事的消息,modern Chinese（1920-2020）,1,0
交替变换外形,modern Chinese（1920-2020）,1,0
交流,modern Chinese（1920-2020）,4,0
交流着,modern Chinese（1920-2020）,1,0
交涉,modern Chinese（1920-2020）,2,1
交火,modern Chinese（1920-2020）,0,1
交融,modern Chinese（1920-2020）,1,0
交谈,modern Chinese（1920-2020）,3,0
交谈着,modern Chinese（1920-2020）,1,1
交运,modern Chinese（1920-2020）,0,1
产仔,modern Chinese（1920-2020）,0,1
产生不容忽视的渗透作用,modern Chinese（1920-2020）,0,1
产生着障碍,modern Chinese（1920-2020）,1,0
享乐,modern Chinese（1920-2020）,1,0
享受,modern Chinese（1920-2020）,2,0
享受“清闲”,modern Chinese（1920-2020）,1,0
享受“超值”游,modern Chinese（1920-2020）,1,0
享受他的报纸,modern Chinese（1920-2020）,1,0
享受到社会主义的好处,modern Chinese（1920-2020）,0,1
享受坎儿井带来的清凉,modern Chinese（1920-2020）,0,1
享受奥运火炬传递带来的喜悦和快乐,modern Chinese（1920-2020）,1,0
享受特权,modern Chinese（1920-2020）,1,0
享受着合理的人格完整的待遇,modern Chinese（1920-2020）,1,0
享受着这尘世之外的黄昏,modern Chinese（1920-2020）,0,1
享用免费的晚餐,modern Chinese（1920-2020）,1,0
亮,modern Chinese（1920-2020）,2,0
亮着,modern Chinese（1920-2020）,1,0
亮起,modern Chinese（1920-2020）,0,1
亮起来,modern Chinese（1920-2020）,0,2
亲她爱她,modern Chinese（1920-2020）,1,0
亲热着,modern Chinese（1920-2020）,1,0
亵渎,modern Chinese（1920-2020）,1,0
人吃人,modern Chinese（1920-2020）,1,0
仇恨他,modern Chinese（1920-2020）,1,0
介意,modern Chinese（1920-2020）,1,0
介绍,modern Chinese（1920-2020）,0,2
介绍中国的经济形势,modern Chinese（1920-2020）,1,0
介绍哪家的姑娘长得最标致,modern Chinese（1920-2020）,0,1
介绍撒哈拉沙漠,modern Chinese（1920-2020）,1,0
介绍着,modern Chinese（1920-2020）,1,0
介绍着什么,modern Chinese（1920-2020）,1,0
介绍自己的美术作品,modern Chinese（1920-2020）,1,0
介绍西方的文学与文论,modern Chinese（1920-2020）,0,1
从事,modern Chinese（1920-2020）,1,1
从事《伟大的劳动》一书的写作,modern Chinese（1920-2020）,0,1
从事于实践理性的第二批判,modern Chinese（1920-2020）,0,1
从事什么著作,modern Chinese（1920-2020）,1,0
从事伟大的事业,modern Chinese（1920-2020）,0,1
从事军事活动,modern Chinese（1920-2020）,1,0
从事各种活动,modern Chinese（1920-2020）,1,0
从事拥护普遍和平与安全 反对另一次战争的挑拨者的斗争,modern Chinese（1920-2020）,0,1
从事新作,modern Chinese（1920-2020）,0,1
从事着解放省的事业,modern Chinese（1920-2020）,0,1
从事艰苦的斗争,modern Chinese（1920-2020）,0,1
从事超导研究,modern Chinese（1920-2020）,1,0
从事这一研发,modern Chinese（1920-2020）,1,0
从事这项事业,modern Chinese（1920-2020）,0,1
从事重建犹太文化和批判极权主义的工作,modern Chinese（1920-2020）,0,1
从军,modern Chinese（1920-2020）,1,0
仗义执言,modern Chinese（1920-2020）,1,0
付印,modern Chinese（1920-2020）,0,1
付筹码,modern Chinese（1920-2020）,1,0
付钱,modern Chinese（1920-2020）,0,1
代替,modern Chinese（1920-2020）,0,4
代替历史一字一句地讲出上述这句话,modern Chinese（1920-2020）,1,0
代理,modern Chinese（1920-2020）,1,0
代言广告,modern Chinese（1920-2020）,1,0
以不批准该条约作为向俄施压、保障自身军事优势的政治筹码,modern Chinese（1920-2020）,1,0
以乘风破浪之势用在我国许多大型厂家的汽车,modern Chinese（1920-2020）,0,1
以孔子自居,modern Chinese（1920-2020）,1,0
仰望着天空,modern Chinese（1920-2020）,1,0
仰着头热烈品评,modern Chinese（1920-2020）,1,0
仰着头认真看、认真听,modern Chinese（1920-2020）,1,0
仰视屋梁,modern Chinese（1920-2020）,0,1
企图“摆脱共产党的领导”,modern Chinese（1920-2020）,1,0
企图从他身边撬走李嘉诚,modern Chinese（1920-2020）,1,0
企图使台湾和中国分离,modern Chinese（1920-2020）,1,0
企图发动全国性的内战,modern Chinese（1920-2020）,1,0
企图和中国谈判和平,modern Chinese（1920-2020）,1,0
企图对美国政府的某些代表人物施行压力,modern Chinese（1920-2020）,0,1
企图破坏近几年来所取得的国际紧张局势的某些缓和,modern Chinese（1920-2020）,0,1
伏地默祷,modern Chinese（1920-2020）,0,1
休产假,modern Chinese（1920-2020）,3,0
休假,modern Chinese（1920-2020）,0,1
休年假,modern Chinese（1920-2020）,1,0
休息,modern Chinese（1920-2020）,7,1
休息一下,modern Chinese（1920-2020）,1,0
休息着,modern Chinese（1920-2020）,2,0
优化,modern Chinese（1920-2020）,0,1
会客,modern Chinese（1920-2020）,2,0
会餐,modern Chinese（1920-2020）,0,1
传,modern Chinese（1920-2020）,2,0
传唱,modern Chinese（1920-2020）,1,0
传承,modern Chinese（1920-2020）,1,0
传抄,modern Chinese（1920-2020）,1,0
传授从苏联学来的先进技术,modern Chinese（1920-2020）,1,0
传授做马鞍的技术,modern Chinese（1920-2020）,1,0
传播,modern Chinese（1920-2020）,2,1
传播不健康信息,modern Chinese（1920-2020）,1,0
传播小道消息,modern Chinese（1920-2020）,1,0
传播文化垃圾,modern Chinese（1920-2020）,1,0
传播这丢脸事,modern Chinese（1920-2020）,1,0
传播这个说法,modern Chinese（1920-2020）,1,0
传来,modern Chinese（1920-2020）,1,0
传看那些数据、表格和录像,modern Chinese（1920-2020）,1,0
传着一种神话,modern Chinese（1920-2020）,1,0
传说,modern Chinese（1920-2020）,1,0
传说市长孔明亮的小弟孔明辉，患有一种精神病,modern Chinese（1920-2020）,1,0
传诵着,modern Chinese（1920-2020）,1,0
传起你和金东水,modern Chinese（1920-2020）,1,0
传达自己的思想、见解,modern Chinese（1920-2020）,1,0
传递力量,modern Chinese（1920-2020）,0,1
传递执法机关推进公开透明、夯实法治信仰的决心,modern Chinese（1920-2020）,1,0
传递着强劲的正能量两会时刻,modern Chinese（1920-2020）,0,1
传递这样的信号,modern Chinese（1920-2020）,0,1
伤人,modern Chinese（1920-2020）,1,0
伤害弟弟宝贵的童心与童趣,modern Chinese（1920-2020）,1,0
伤害自己,modern Chinese（1920-2020）,1,0
伤心,modern Chinese（1920-2020）,1,2
伤心不已,modern Chinese（1920-2020）,0,1
伤心落泪,modern Chinese（1920-2020）,1,1
伤痛着,modern Chinese（1920-2020）,1,0
伪造嫁祸于中共的 证据,modern Chinese（1920-2020）,0,1
估猜,modern Chinese（1920-2020）,1,0
估计她的胆量,modern Chinese（1920-2020）,1,0
估计我,modern Chinese（1920-2020）,1,0
估计拿出富农的一些地,modern Chinese（1920-2020）,1,0
估量着他会提出什么要求,modern Chinese（1920-2020）,0,1
估量着沈振新是什么人,modern Chinese（1920-2020）,1,0
伴奏,modern Chinese（1920-2020）,1,0
伸展,modern Chinese（1920-2020）,0,1
伸舌头,modern Chinese（1920-2020）,1,0
伺察吴荪甫的一笑一颦,modern Chinese（1920-2020）,1,0
伺机渗入英联邦,modern Chinese（1920-2020）,1,0
伺机进攻,modern Chinese（1920-2020）,1,0
低吟浅斟,modern Chinese（1920-2020）,1,0
低唱,modern Chinese（1920-2020）,1,0
低语,modern Chinese（1920-2020）,1,0
低语着,modern Chinese（1920-2020）,1,0
"低诵“嗟夫，草木无情，有时飘零，人为动物，

惟物之灵，百忧感其心，万事劳其形，有动乎中，必摇其精。

而况思其力之所不及，忧其智之所不能”",modern Chinese（1920-2020）,1,0
住,modern Chinese（1920-2020）,1,0
住院,modern Chinese（1920-2020）,4,0
体会,modern Chinese（1920-2020）,1,0
体味着什么,modern Chinese（1920-2020）,1,0
体现着正确导向的鲜明而丰富的内涵,modern Chinese（1920-2020）,1,0
体贴她,modern Chinese（1920-2020）,1,0
体贴着,modern Chinese（1920-2020）,1,0
体验一种前所未有的激动,modern Chinese（1920-2020）,0,1
体验不同的“游戏”,modern Chinese（1920-2020）,1,0
体验拔“火罐”的疗效,modern Chinese（1920-2020）,1,0
体验着一个纯净透明的世界和一个可怕的、令人羞耻和心跳的世界,modern Chinese（1920-2020）,0,1
体验社会冷暖,modern Chinese（1920-2020）,1,0
体验那种绞心的痛苦,modern Chinese（1920-2020）,1,0
体验阿里巴巴“购物项目”,modern Chinese（1920-2020）,1,0
"作
长足的进展",modern Chinese（1920-2020）,0,1
作“官样文章”,modern Chinese（1920-2020）,1,0
作下地的准备,modern Chinese（1920-2020）,0,1
作业,modern Chinese（1920-2020）,2,2
作乐,modern Chinese（1920-2020）,1,0
作了一个小买卖,modern Chinese（1920-2020）,1,0
作些什么,modern Chinese（1920-2020）,2,0
作交谈,modern Chinese（1920-2020）,1,0
作什么,modern Chinese（1920-2020）,5,0
作介绍,modern Chinese（1920-2020）,1,0
作准备,modern Chinese（1920-2020）,2,2
作出,modern Chinese（1920-2020）,0,1
作出努力,modern Chinese（1920-2020）,0,2
作出努力挫败帝国主义和新老殖民主义破坏会议的企图,modern Chinese（1920-2020）,0,1
作出反应,modern Chinese（1920-2020）,0,1
作出发准备,modern Chinese（1920-2020）,0,1
作出很多牺牲,modern Chinese（1920-2020）,1,0
作出慈悲的样子,modern Chinese（1920-2020）,1,0
作出自己的努力和贡献,modern Chinese（1920-2020）,1,0
作出贡献,modern Chinese（1920-2020）,0,1
作功课,modern Chinese（1920-2020）,1,0
作努力,modern Chinese（1920-2020）,0,1
作同样的窥探,modern Chinese（1920-2020）,1,0
作和事老,modern Chinese（1920-2020）,1,0
作响,modern Chinese（1920-2020）,1,0
作垂死挣扎,modern Chinese（1920-2020）,1,0
作垂死的挣扎,modern Chinese（1920-2020）,1,0
作奥运总动员,modern Chinese（1920-2020）,1,0
作学术与时事的座谈讨论,modern Chinese（1920-2020）,0,1
作对,modern Chinese（1920-2020）,2,0
作崇,modern Chinese（1920-2020）,1,0
作弄人,modern Chinese（1920-2020）,1,0
作弄她,modern Chinese（1920-2020）,1,0
作微观经济学的讲座“价格理论”,modern Chinese（1920-2020）,0,1
作怪,modern Chinese（1920-2020）,18,0
作恶,modern Chinese（1920-2020）,1,0
作想,modern Chinese（1920-2020）,0,1
作战,modern Chinese（1920-2020）,2,0
作战斗准备,modern Chinese（1920-2020）,1,0
作技术员的工作,modern Chinese（1920-2020）,1,0
作挣扎,modern Chinese（1920-2020）,1,0
作文稿,modern Chinese（1920-2020）,0,1
作斗争,modern Chinese（1920-2020）,1,0
作最后的冲刺,modern Chinese（1920-2020）,0,1
作最后的抗争,modern Chinese（1920-2020）,1,0
作有关地震伤救治专业知识的讲座,modern Chinese（1920-2020）,0,1
作案,modern Chinese（1920-2020）,0,1
作欢迎状,modern Chinese（1920-2020）,1,0
作民运工作,modern Chinese（1920-2020）,1,0
作沉默的永久的呼号,modern Chinese（1920-2020）,1,0
作深呼吸,modern Chinese（1920-2020）,0,1
作玩,modern Chinese（1920-2020）,1,0
作画,modern Chinese（1920-2020）,1,0
作痒,modern Chinese（1920-2020）,1,0
作痛,modern Chinese（1920-2020）,1,0
作着一个受难的形象,modern Chinese（1920-2020）,1,0
作着一件有违良心的事,modern Chinese（1920-2020）,1,0
作着一种工作,modern Chinese（1920-2020）,1,0
作着告别,modern Chinese（1920-2020）,1,0
作着最后几分钟的拚头,modern Chinese（1920-2020）,0,1
作着用影片代替教科书的试验,modern Chinese（1920-2020）,0,1
作着自以为满有把握的估计和判断,modern Chinese（1920-2020）,1,0
作祟,modern Chinese（1920-2020）,4,0
作秀,modern Chinese（1920-2020）,1,0
作穷打算,modern Chinese（1920-2020）,1,0
作筒子条子的缺一门,modern Chinese（1920-2020）,1,0
作诗,modern Chinese（1920-2020）,3,0
作诗词,modern Chinese（1920-2020）,0,1
作贡献,modern Chinese（1920-2020）,1,0
作责任编辑,modern Chinese（1920-2020）,1,0
作越狱的准备,modern Chinese（1920-2020）,1,0
作重新合作的准备,modern Chinese（1920-2020）,1,0
作陪衬,modern Chinese（1920-2020）,1,0
作难,modern Chinese（1920-2020）,0,1
佩服着自己这位首长判断的准确,modern Chinese（1920-2020）,1,0
使世界面临一场新战争的威胁,modern Chinese（1920-2020）,0,1
使中东的紧张局势加剧,modern Chinese（1920-2020）,0,1
使人们忘记另一个人,modern Chinese（1920-2020）,1,0
使你的左手痛苦,modern Chinese（1920-2020）,1,0
使劲,modern Chinese（1920-2020）,1,0
使各省的伪“地方武装”受“战地训练”,modern Chinese（1920-2020）,0,1
使唤一种坚韧无比的忍耐力承担着这些话的分量,modern Chinese（1920-2020）,0,1
使唤一种引诱的神气对他微笑着,modern Chinese（1920-2020）,0,1
使性子,modern Chinese（1920-2020）,1,0
使战略核武器现代化,modern Chinese（1920-2020）,1,0
使用,modern Chinese（1920-2020）,3,2
使用一切方法希望在社会主义国家的大家庭中散布不和,modern Chinese（1920-2020）,1,0
使用两只手,modern Chinese（1920-2020）,0,1
使用坦克、枪炮,modern Chinese（1920-2020）,0,1
使用很大的力量,modern Chinese（1920-2020）,0,1
使用早期的木制车厢,modern Chinese（1920-2020）,1,0
使用毒气残杀老挝苗族人民,modern Chinese（1920-2020）,0,1
使用油性涂料,modern Chinese（1920-2020）,1,0
使用着,modern Chinese（1920-2020）,2,0
使用粗暴的武力,modern Chinese（1920-2020）,0,1
使用联想电脑,modern Chinese（1920-2020）,2,0
使用金兰湾,modern Chinese（1920-2020）,0,1
使相声提高到理论的高度,modern Chinese（1920-2020）,1,0
使眼色要宗敏小声,modern Chinese（1920-2020）,0,1
侍弄着,modern Chinese（1920-2020）,1,0
依仗权势,modern Chinese（1920-2020）,1,0
依依惜别,modern Chinese（1920-2020）,0,1
依靠科学研究工作来推,modern Chinese（1920-2020）,0,1
侦听他们的电台,modern Chinese（1920-2020）,1,0
侦听延安与武汉八路军办事处的无线电联络,modern Chinese（1920-2020）,1,0
侦察火情,modern Chinese（1920-2020）,1,0
侧耳细听,modern Chinese（1920-2020）,0,1
侮辱中国人,modern Chinese（1920-2020）,1,0
侵入,modern Chinese（1920-2020）,0,1
侵犯公民的合法商业经营权利,modern Chinese（1920-2020）,1,0
侵犯老挝川圹省等地上空,modern Chinese（1920-2020）,0,1
侵略中国,modern Chinese（1920-2020）,0,1
侵略柬埔寨,modern Chinese（1920-2020）,0,1
侵袭百科的公正性,modern Chinese（1920-2020）,0,1
便秘,modern Chinese（1920-2020）,1,0
促使着她,modern Chinese（1920-2020）,1,0
"促成「小剧
院运动」",modern Chinese（1920-2020）,1,0
促成环境的恶化,modern Chinese（1920-2020）,1,0
促进和平,modern Chinese（1920-2020）,1,0
促销一部好莱坞僵尸片,modern Chinese（1920-2020）,1,0
保佑,modern Chinese（1920-2020）,1,0
保佑俺们,modern Chinese（1920-2020）,1,0
保卫他们的民族独立和世界和平,modern Chinese（1920-2020）,0,1
保卫地球,modern Chinese（1920-2020）,1,0
保卫着和平事业,modern Chinese（1920-2020）,1,0
保命,modern Chinese（1920-2020）,1,0
保护他,modern Chinese（1920-2020）,1,0
保护他底心爱的东西,modern Chinese（1920-2020）,1,0
保护他自己,modern Chinese（1920-2020）,1,0
保护创新,modern Chinese（1920-2020）,1,0
保护她,modern Chinese（1920-2020）,1,0
保护着他的小儿子,modern Chinese（1920-2020）,1,0
保护着你,modern Chinese（1920-2020）,1,0
保护着她,modern Chinese（1920-2020）,1,0
保护着我,modern Chinese（1920-2020）,1,0
保持住,modern Chinese（1920-2020）,1,0
保留实力,modern Chinese（1920-2020）,1,0
保证,modern Chinese（1920-2020）,2,0
保证青藏公路祖国的血脉畅通,modern Chinese（1920-2020）,1,0
保障怀孕女教师,modern Chinese（1920-2020）,1,0
保驾护航,modern Chinese（1920-2020）,1,0
信口开河,modern Chinese（1920-2020）,1,0
信息化,modern Chinese（1920-2020）,1,0
修,modern Chinese（1920-2020）,0,1
修习一种神功,modern Chinese（1920-2020）,0,1
修习改进,modern Chinese（1920-2020）,0,1
修公园,modern Chinese（1920-2020）,1,0
修养他们的趣味,modern Chinese（1920-2020）,0,1
修剪,modern Chinese（1920-2020）,1,0
修地埂,modern Chinese（1920-2020）,0,1
修复,modern Chinese（1920-2020）,0,1
修复一百多个“微型”园林,modern Chinese（1920-2020）,0,1
修复道清铁路,modern Chinese（1920-2020）,0,1
修寨和布置障碍,modern Chinese（1920-2020）,0,1
修建,modern Chinese（1920-2020）,0,1
修建一个饮水库,modern Chinese（1920-2020）,0,1
修建宿舍,modern Chinese（1920-2020）,1,0
修建核电站,modern Chinese（1920-2020）,0,1
修建水库,modern Chinese（1920-2020）,0,1
修挖渠道,modern Chinese（1920-2020）,1,0
修改一本以《水浒》为题材的京剧脚本,modern Chinese（1920-2020）,0,1
修改他和土屋芳雄合著的《人鬼的角逐》,modern Chinese（1920-2020）,1,0
修改自己,modern Chinese（1920-2020）,1,0
修改自己的武侠小说,modern Chinese（1920-2020）,0,1
修整,modern Chinese（1920-2020）,1,1
修整打扮,modern Chinese（1920-2020）,1,0
修染红指甲,modern Chinese（1920-2020）,1,0
修正,modern Chinese（1920-2020）,1,0
修滩地,modern Chinese（1920-2020）,0,1
修理,modern Chinese（1920-2020）,0,2
修理排灌设备,modern Chinese（1920-2020）,1,0
修理着,modern Chinese（1920-2020）,0,1
修理菊花枝叶,modern Chinese（1920-2020）,0,1
修省,modern Chinese（1920-2020）,0,1
修着做着让炸裂通往为超级大都市的路道和桥梁,modern Chinese（1920-2020）,1,0
修筑,modern Chinese（1920-2020）,0,1
修筑同蒲铁路,modern Chinese（1920-2020）,0,1
修筑和勘察,modern Chinese（1920-2020）,0,1
修筑着,modern Chinese（1920-2020）,1,0
修筑铁路,modern Chinese（1920-2020）,0,1
修练武功,modern Chinese（1920-2020）,1,0
修补着被毁的工事,modern Chinese（1920-2020）,1,0
修补蒸馍的锅盖,modern Chinese（1920-2020）,1,0
修订,modern Chinese（1920-2020）,1,1
修订《女职工劳动保护特别规定》,modern Chinese（1920-2020）,0,1
修订相关法律,modern Chinese（1920-2020）,0,1
修马路,modern Chinese（1920-2020）,2,0
俯冲,modern Chinese（1920-2020）,1,0
俯视,modern Chinese（1920-2020）,1,0
俯视他,modern Chinese（1920-2020）,1,0
倒,modern Chinese（1920-2020）,0,1
倒两大桶豆油,modern Chinese（1920-2020）,1,0
倒卖玉米,modern Chinese（1920-2020）,0,1
倒葡萄酒,modern Chinese（1920-2020）,0,1
倒酒,modern Chinese（1920-2020）,1,1
候机来渝,modern Chinese（1920-2020）,0,1
候着款子,modern Chinese（1920-2020）,1,0
候着飞机返航休息,modern Chinese（1920-2020）,1,0
候车,modern Chinese（1920-2020）,1,0
倚重,modern Chinese（1920-2020）,0,1
借机教育自己,modern Chinese（1920-2020）,1,0
借钱,modern Chinese（1920-2020）,1,0
倡导健康文明的生活方式和奋发向上的人生追求,modern Chinese（1920-2020）,1,0
值班,modern Chinese（1920-2020）,0,2
倾力工作,modern Chinese（1920-2020）,0,1
倾吐着内心的辛醉,modern Chinese（1920-2020）,0,1
倾听,modern Chinese（1920-2020）,5,0
倾听什么声音,modern Chinese（1920-2020）,1,0
倾听拴福大哥叙讲自己的腌菜汤的悠久历史,modern Chinese（1920-2020）,0,1
倾听教师讲解,modern Chinese（1920-2020）,1,0
倾听远海的风雨,modern Chinese（1920-2020）,1,0
倾斜,modern Chinese（1920-2020）,1,0
倾注她的全力,modern Chinese（1920-2020）,1,0
倾泻下来,modern Chinese（1920-2020）,1,0
倾泻着,modern Chinese（1920-2020）,1,0
倾诉,modern Chinese（1920-2020）,1,0
倾诉无奈,modern Chinese（1920-2020）,1,0
倾诉生活和感情的种种,modern Chinese（1920-2020）,1,0
倾诉着一种对英雄的一种感情,modern Chinese（1920-2020）,1,0
倾诉着什么,modern Chinese（1920-2020）,1,0
倾诉衷肠,modern Chinese（1920-2020）,1,0
倾谈友情,modern Chinese（1920-2020）,1,0
假借卖力教练,modern Chinese（1920-2020）,1,0
假寐着,modern Chinese（1920-2020）,1,0
做,modern Chinese（1920-2020）,18,8
做“刷洗过的旧诗”,modern Chinese（1920-2020）,1,0
做“月球车养生保健操”,modern Chinese（1920-2020）,0,1
做“看板娘”,modern Chinese（1920-2020）,1,0
做一个彩排,modern Chinese（1920-2020）,1,0
做一个快速突破,modern Chinese（1920-2020）,0,1
做一个长条板凳,modern Chinese（1920-2020）,0,1
做一个黄金似的好梦,modern Chinese（1920-2020）,1,0
做一件事,modern Chinese（1920-2020）,1,0
做一件女人的事情,modern Chinese（1920-2020）,1,0
做一件汗衣,modern Chinese（1920-2020）,1,0
做一件秘密事,modern Chinese（1920-2020）,2,0
做一家公司,modern Chinese（1920-2020）,1,0
做一桩极见不得人的勾当,modern Chinese（1920-2020）,1,0
做一次即将远途旅行的准备,modern Chinese（1920-2020）,1,0
做一次实验,modern Chinese（1920-2020）,1,0
做一种“投机革命”的买卖,modern Chinese（1920-2020）,1,0
做一种姿态,modern Chinese（1920-2020）,1,0
做不同的职业,modern Chinese（1920-2020）,1,0
做买卖,modern Chinese（1920-2020）,2,0
做买卖讨价还价,modern Chinese（1920-2020）,1,0
做些什么,modern Chinese（1920-2020）,7,0
做些什么事,modern Chinese（1920-2020）,1,0
做些什么蠢事,modern Chinese（1920-2020）,1,0
做些女人的私事,modern Chinese（1920-2020）,0,1
做什么,modern Chinese（1920-2020）,56,2
做什么、有什么意图,modern Chinese（1920-2020）,1,0
做什么事情,modern Chinese（1920-2020）,1,0
做什么工作,modern Chinese（1920-2020）,1,0
做什么把戏,modern Chinese（1920-2020）,1,0
做什么犯法的丑事,modern Chinese（1920-2020）,0,1
做什么说什么,modern Chinese（1920-2020）,1,0
做什么香艳文字,modern Chinese（1920-2020）,1,0
做供给侧结构性调整,modern Chinese（1920-2020）,1,0
做侦探,modern Chinese（1920-2020）,1,0
做假证,modern Chinese（1920-2020）,1,0
做公债生意,modern Chinese（1920-2020）,1,0
做共产主义的美梦,modern Chinese（1920-2020）,1,0
做准备,modern Chinese（1920-2020）,3,0
做准备工作,modern Chinese（1920-2020）,0,2
做出下棋的动作,modern Chinese（1920-2020）,1,0
做口碑,modern Chinese（1920-2020）,1,0
做古文,modern Chinese（1920-2020）,1,0
做另一件事,modern Chinese（1920-2020）,0,1
做啥,modern Chinese（1920-2020）,2,0
做噩梦,modern Chinese（1920-2020）,3,1
做囤积的生意,modern Chinese（1920-2020）,1,0
做夜工,modern Chinese（1920-2020）,2,0
做大,modern Chinese（1920-2020）,1,1
做大家的疏导工作,modern Chinese（1920-2020）,0,1
做好生产安排,modern Chinese（1920-2020）,0,1
做学联工作,modern Chinese（1920-2020）,1,0
做学问,modern Chinese（1920-2020）,1,0
做官,modern Chinese（1920-2020）,1,0
做实业,modern Chinese（1920-2020）,1,0
做宣传,modern Chinese（1920-2020）,1,0
做家务,modern Chinese（1920-2020）,0,1
做导演助理,modern Chinese（1920-2020）,0,1
做将来副总统候选的各项推测,modern Chinese（1920-2020）,1,0
做工作,modern Chinese（1920-2020）,1,0
做希特勒独霸欧洲的迷梦,modern Chinese（1920-2020）,1,0
做幺事,modern Chinese（1920-2020）,2,0
做庄,modern Chinese（1920-2020）,1,0
做庄子文学思想研究,modern Chinese（1920-2020）,1,0
做强盗,modern Chinese（1920-2020）,1,0
做微信服务号,modern Chinese（1920-2020）,0,1
做思想工作,modern Chinese（1920-2020）,1,0
做怪,modern Chinese（1920-2020）,1,0
做恶意劫持行为,modern Chinese（1920-2020）,1,0
做戏,modern Chinese（1920-2020）,3,0
做我们的老妈子,modern Chinese（1920-2020）,1,0
做战斗准备哈希望塔防止战火重燃,modern Chinese（1920-2020）,1,0
做手术,modern Chinese（1920-2020）,0,2
做手脚,modern Chinese（1920-2020）,1,0
做投入,modern Chinese（1920-2020）,1,0
做按摩挣钱的事,modern Chinese（1920-2020）,1,0
做按摩服务,modern Chinese（1920-2020）,1,0
做收费服务,modern Chinese（1920-2020）,1,0
做攻击,modern Chinese（1920-2020）,1,0
做政治工作,modern Chinese（1920-2020）,1,0
做救济工作,modern Chinese（1920-2020）,1,0
做晚饭,modern Chinese（1920-2020）,1,0
做最后冲刺,modern Chinese（1920-2020）,0,1
做最后的拾掇,modern Chinese（1920-2020）,0,1
做最后的润饰,modern Chinese（1920-2020）,0,1
做梦,modern Chinese（1920-2020）,58,0
做梦游,modern Chinese（1920-2020）,1,0
做检查,modern Chinese（1920-2020）,0,1
做棺材,modern Chinese（1920-2020）,1,0
做没有效果的挣扎,modern Chinese（1920-2020）,1,0
做法宣,modern Chinese（1920-2020）,0,1
做活,modern Chinese（1920-2020）,2,0
做清一色,modern Chinese（1920-2020）,1,0
做游戏,modern Chinese（1920-2020）,1,0
做牛排,modern Chinese（1920-2020）,1,0
做特技,modern Chinese（1920-2020）,1,0
做状态准备,modern Chinese（1920-2020）,0,1
做现场直播,modern Chinese（1920-2020）,1,0
做生意,modern Chinese（1920-2020）,1,0
做相关国家的工作,modern Chinese（1920-2020）,1,0
做相关的事情,modern Chinese（1920-2020）,1,0
做相同的事情,modern Chinese（1920-2020）,1,0
做真正的信息编辑,modern Chinese（1920-2020）,1,0
做着一个美好的梦,modern Chinese（1920-2020）,0,1
做着一件奇怪的事,modern Chinese（1920-2020）,1,0
做着一件类似于考据的工作,modern Chinese（1920-2020）,0,1
做着一场游戏,modern Chinese（1920-2020）,1,0
做着一种抵制损害健康的斗争,modern Chinese（1920-2020）,0,1
做着不应该做的事情,modern Chinese（1920-2020）,1,0
做着与本性相悖的又一次努力,modern Chinese（1920-2020）,0,1
做着两大工作,modern Chinese（1920-2020）,1,0
做着先期的准备,modern Chinese（1920-2020）,1,0
做着准备,modern Chinese（1920-2020）,0,1
做着努力,modern Chinese（1920-2020）,1,0
做着各种不同的梦,modern Chinese（1920-2020）,1,0
做着同样的事,modern Chinese（1920-2020）,1,0
做着工作,modern Chinese（1920-2020）,0,1
做着当年“大东亚共荣圈”的迷梦,modern Chinese（1920-2020）,1,0
做着海洛因的生意,modern Chinese（1920-2020）,0,1
做着清洁处理,modern Chinese（1920-2020）,0,1
做着这三位一体的动作,modern Chinese（1920-2020）,1,0
做着这桩事,modern Chinese（1920-2020）,1,0
做着顽强不息的努力,modern Chinese（1920-2020）,1,0
做祈祷,modern Chinese（1920-2020）,1,0
做秘密的工作,modern Chinese（1920-2020）,1,0
做积极准备,modern Chinese（1920-2020）,0,1
做积极努力,modern Chinese（1920-2020）,1,0
做筒子的一色,modern Chinese（1920-2020）,1,0
做紧急防守的安排,modern Chinese（1920-2020）,0,1
做缩头乌龟,modern Chinese（1920-2020）,1,0
做自己的份内事,modern Chinese（1920-2020）,1,0
做自杀女孩的思想工作,modern Chinese（1920-2020）,0,1
做菜,modern Chinese（1920-2020）,1,0
做表演「三国演义」,modern Chinese（1920-2020）,1,0
做警戒,modern Chinese（1920-2020）,1,0
做诗,modern Chinese（1920-2020）,2,1
做贼,modern Chinese（1920-2020）,1,0
做这个挖掘过程,modern Chinese（1920-2020）,1,0
做这个生意,modern Chinese（1920-2020）,1,0
做这件事,modern Chinese（1920-2020）,1,0
做进一步的学问,modern Chinese（1920-2020）,1,0
做违法的事情,modern Chinese（1920-2020）,1,0
做针线,modern Chinese（1920-2020）,1,0
做针线活,modern Chinese（1920-2020）,0,1
做铲除草皮工作,modern Chinese（1920-2020）,1,0
做错误的事情,modern Chinese（1920-2020）,1,0
做预防和消毒的工作,modern Chinese（1920-2020）,1,0
做饭,modern Chinese（1920-2020）,4,2
做黑市生意,modern Chinese（1920-2020）,1,0
停业整顿,modern Chinese（1920-2020）,1,0
停电,modern Chinese（1920-2020）,1,0
停着,modern Chinese（1920-2020）,1,0
健全,modern Chinese（1920-2020）,1,0
偷他的吃剩的晚餐,modern Chinese（1920-2020）,0,1
偷听,modern Chinese（1920-2020）,2,0
偷听电话,modern Chinese（1920-2020）,1,0
偷懒,modern Chinese（1920-2020）,1,0
偷盗我们的绿色,modern Chinese（1920-2020）,1,0
偷看,modern Chinese（1920-2020）,2,0
偷看一本“新”字排行模样的杂志,modern Chinese（1920-2020）,0,1
偷看你,modern Chinese（1920-2020）,1,0
偷瞄他,modern Chinese（1920-2020）,1,0
偷窃电线,modern Chinese（1920-2020）,1,0
偷袭珍珠港,modern Chinese（1920-2020）,1,0
偷运大米,modern Chinese（1920-2020）,1,0
催促,modern Chinese（1920-2020）,3,1
催促他们的同伴,modern Chinese（1920-2020）,1,0
催促她,modern Chinese（1920-2020）,1,0
催促我们,modern Chinese（1920-2020）,1,0
催促着、驱赶着他,modern Chinese（1920-2020）,1,0
催促着他,modern Chinese（1920-2020）,0,1
催促良玉进兵,modern Chinese（1920-2020）,0,1
催她,modern Chinese（1920-2020）,1,0
催她“快叫，快叫”,modern Chinese（1920-2020）,1,0
催她走,modern Chinese（1920-2020）,1,0
催我动身,modern Chinese（1920-2020）,1,0
催房钱,modern Chinese（1920-2020）,1,0
催枚少爷上轿,modern Chinese（1920-2020）,1,0
催着,modern Chinese（1920-2020）,1,0
催着什么人,modern Chinese（1920-2020）,1,0
催着还钱,modern Chinese（1920-2020）,1,0
催驾,modern Chinese（1920-2020）,1,0
傻笑,modern Chinese（1920-2020）,2,0
充“主角”,modern Chinese（1920-2020）,1,0
充实起来,modern Chinese（1920-2020）,1,0
充当美国侵略帮凶,modern Chinese（1920-2020）,0,1
充满,modern Chinese（1920-2020）,0,1
克制我自己,modern Chinese（1920-2020）,1,0
克制着自己,modern Chinese（1920-2020）,1,0
克服,modern Chinese（1920-2020）,1,0
克服严重的自然灾害所造成的困难,modern Chinese（1920-2020）,0,1
克服各种各样宗派的成见和限制,modern Chinese（1920-2020）,1,0
克服工作中的缺点,modern Chinese（1920-2020）,0,1
克服障碍为维护自己神圣领土而战斗,modern Chinese（1920-2020）,0,1
克隆人,modern Chinese（1920-2020）,0,1
兑现竞选时的承诺,modern Chinese（1920-2020）,1,0
兜卖,modern Chinese（1920-2020）,1,0
兜售,modern Chinese（1920-2020）,1,0
兜售亚安体系的旧货色,modern Chinese（1920-2020）,1,0
兜售商品,modern Chinese（1920-2020）,1,0
兜售美国和谈骗局,modern Chinese（1920-2020）,1,0
兜圈子,modern Chinese（1920-2020）,1,0
兜生意,modern Chinese（1920-2020）,1,0
入圈,modern Chinese（1920-2020）,0,1
入睡,modern Chinese（1920-2020）,1,0
全体动员进行紧张的支前工作,modern Chinese（1920-2020）,0,1
全力以赴加紧备战空间站飞行任务,modern Chinese（1920-2020）,0,1
公布学生考试成绩并按成绩排,modern Chinese（1920-2020）,1,0
共享欢乐,modern Chinese（1920-2020）,1,0
共鸣,modern Chinese（1920-2020）,1,0
关心,modern Chinese（1920-2020）,0,1
关心、培养自己,modern Chinese（1920-2020）,1,0
关心她,modern Chinese（1920-2020）,1,0
关心着会议的情况,modern Chinese（1920-2020）,1,0
关心着同志们,modern Chinese（1920-2020）,1,0
关心着自己,modern Chinese（1920-2020）,1,0
关心过去这四年您在谷歌,modern Chinese（1920-2020）,1,0
关心这种事,modern Chinese（1920-2020）,1,0
关心那些东西,modern Chinese（1920-2020）,1,0
关心那些把他视为救星的山区孩子们,modern Chinese（1920-2020）,1,0
关心重庆饭店,modern Chinese（1920-2020）,1,0
关怀、引导、督促青年人好好进步,modern Chinese（1920-2020）,1,0
关注,modern Chinese（1920-2020）,1,0
关注中国的发展,modern Chinese（1920-2020）,2,0
关注他,modern Chinese（1920-2020）,1,0
关注前南地区的形势发展,modern Chinese（1920-2020）,1,0
关注着这些新兴市场,modern Chinese（1920-2020）,1,0
关注自己家庭生活质量的提高,modern Chinese（1920-2020）,1,0
关注这一事件,modern Chinese（1920-2020）,1,0
关注这种探索,modern Chinese（1920-2020）,0,1
关闭寨门,modern Chinese（1920-2020）,0,1
关闭模拟进程,modern Chinese（1920-2020）,0,1
兴修灌溉渠道,modern Chinese（1920-2020）,0,1
兴奋,modern Chinese（1920-2020）,1,1
兴奋着,modern Chinese（1920-2020）,1,0
兴建,modern Chinese（1920-2020）,2,6
兴建一所李时珍纪念馆,modern Chinese（1920-2020）,0,1
兴建七个糖厂,modern Chinese（1920-2020）,0,1
兴建卫星城,modern Chinese（1920-2020）,0,1
兴建和筹建一批新工厂,modern Chinese（1920-2020）,0,1
兴起,modern Chinese（1920-2020）,2,9
兴起一个技术革新技术革命的高潮,modern Chinese（1920-2020）,0,1
养精蓄锐,modern Chinese（1920-2020）,0,1
养花草,modern Chinese（1920-2020）,1,0
再版,modern Chinese（1920-2020）,0,1
冒,modern Chinese（1920-2020）,1,0
冒充伟大的先知,modern Chinese（1920-2020）,1,0
冒出火苗,modern Chinese（1920-2020）,1,0
冒气,modern Chinese（1920-2020）,1,0
冒泡,modern Chinese（1920-2020）,1,0
冒泡泡,modern Chinese（1920-2020）,1,0
冒火,modern Chinese（1920-2020）,1,0
冒烟,modern Chinese（1920-2020）,6,2
冒热气,modern Chinese（1920-2020）,1,1
冒着冷汗,modern Chinese（1920-2020）,1,0
冒着最后的一缕青烟,modern Chinese（1920-2020）,1,0
冒着汽流出,modern Chinese（1920-2020）,1,0
冒着烟,modern Chinese（1920-2020）,0,1
冒着烟雾,modern Chinese（1920-2020）,1,0
冒着黑烟,modern Chinese（1920-2020）,1,0
冒酸水,modern Chinese（1920-2020）,1,0
冒险,modern Chinese（1920-2020）,3,0
冒险生产,modern Chinese（1920-2020）,1,0
写,modern Chinese（1920-2020）,7,5
写《回忆录》,modern Chinese（1920-2020）,1,0
写《金刚经》,modern Chinese（1920-2020）,1,0
写一个先驱者与群众思想冲突的悲剧,modern Chinese（1920-2020）,1,0
写一个更长、更富有文学性的作品,modern Chinese（1920-2020）,0,1
写一篇文章,modern Chinese（1920-2020）,0,1
写一部小说,modern Chinese（1920-2020）,0,1
写一首挽歌,modern Chinese（1920-2020）,1,0
写一首赞曲,modern Chinese（1920-2020）,1,0
写两张纸条贴在两方手帕上,modern Chinese（1920-2020）,0,1
写些什么,modern Chinese（1920-2020）,1,0
写什么,modern Chinese（1920-2020）,6,2
写什么东西,modern Chinese（1920-2020）,1,0
写什么文字,modern Chinese（1920-2020）,1,0
写什么鬼东西,modern Chinese（1920-2020）,1,0
写他一生的故事,modern Chinese（1920-2020）,0,1
写作,modern Chinese（1920-2020）,1,1
写作一部以她母亲生活为根据的小说,modern Chinese（1920-2020）,0,1
写作他的《存在与时间》,modern Chinese（1920-2020）,0,1
写作或做类似的事,modern Chinese（1920-2020）,1,0
写信,modern Chinese（1920-2020）,3,4
写关于我的书,modern Chinese（1920-2020）,1,0
写关于自己家庭的第三本书,modern Chinese（1920-2020）,0,1
写冤狱,modern Chinese（1920-2020）,1,0
写出,modern Chinese（1920-2020）,0,1
写出时代的脉搏,modern Chinese（1920-2020）,0,1
写历史,modern Chinese（1920-2020）,1,0
写回忆录,modern Chinese（1920-2020）,1,0
写大量文学作品,modern Chinese（1920-2020）,0,1
写字,modern Chinese（1920-2020）,4,4
写家书,modern Chinese（1920-2020）,1,0
写小说,modern Chinese（1920-2020）,1,1
写戏,modern Chinese（1920-2020）,1,0
写文章,modern Chinese（1920-2020）,0,1
写日记,modern Chinese（1920-2020）,2,0
写榜,modern Chinese（1920-2020）,1,0
写流水帐,modern Chinese（1920-2020）,1,0
写照,modern Chinese（1920-2020）,1,0
写生内心的热烈,modern Chinese（1920-2020）,1,0
写着,modern Chinese（1920-2020）,1,2
写着什么,modern Chinese（1920-2020）,1,1
写着字,modern Chinese（1920-2020）,1,0
写着崇祯皇帝的种种错误行事,modern Chinese（1920-2020）,0,1
写着玩,modern Chinese（1920-2020）,0,1
写着美国的未来史,modern Chinese（1920-2020）,0,1
写着补习班发下的试题,modern Chinese（1920-2020）,1,0
写稿,modern Chinese（1920-2020）,0,1
写第三本,modern Chinese（1920-2020）,0,1
写自己,modern Chinese（1920-2020）,1,0
写诗,modern Chinese（1920-2020）,1,0
写诗歌和散文,modern Chinese（1920-2020）,1,0
写读书报告,modern Chinese（1920-2020）,0,1
写这部著作,modern Chinese（1920-2020）,1,0
写遗书,modern Chinese（1920-2020）,1,0
写长篇小说,modern Chinese（1920-2020）,1,0
冬眠,modern Chinese（1920-2020）,0,1
冲凉水米劳糟,modern Chinese（1920-2020）,0,1
冲击“深圳华为公司的技术创新之路”,modern Chinese（1920-2020）,1,0
冲去,modern Chinese（1920-2020）,0,1
冲向他,modern Chinese（1920-2020）,1,0
冲向堤岸,modern Chinese（1920-2020）,1,0
冲撞着,modern Chinese（1920-2020）,1,0
冲澡,modern Chinese（1920-2020）,0,1
冲破原有体制的束缚,modern Chinese（1920-2020）,0,1
冲荡着,modern Chinese（1920-2020）,1,0
冲锋,modern Chinese（1920-2020）,1,0
决心实现伟大的目标,modern Chinese（1920-2020）,0,1
决心找到她,modern Chinese（1920-2020）,1,0
决战,modern Chinese（1920-2020）,1,0
决断不下,modern Chinese（1920-2020）,1,0
冶炼着年轻的团支书的心灵,modern Chinese（1920-2020）,0,1
冷嘲,modern Chinese（1920-2020）,1,0
冷笑,modern Chinese（1920-2020）,2,0
冷笑他的光景,modern Chinese（1920-2020）,1,0
冷静思索,modern Chinese（1920-2020）,1,0
净身,modern Chinese（1920-2020）,2,0
准备,modern Chinese（1920-2020）,4,1
准备“行灶”和丝车,modern Chinese（1920-2020）,1,0
准备一个内容丰富的展览会,modern Chinese（1920-2020）,0,1
"准备一吐他们的
离情别绪",modern Chinese（1920-2020）,1,0
准备上床睡觉,modern Chinese（1920-2020）,0,1
准备下一年再考,modern Chinese（1920-2020）,0,1
准备与苏联合作,modern Chinese（1920-2020）,1,0
准备为中国生产三十三万千瓦的气轮发电机和三套生产水泥的设备,modern Chinese（1920-2020）,0,1
准备为其父办七十大寿,modern Chinese（1920-2020）,0,1
准备争夺世锦赛冠军,modern Chinese（1920-2020）,0,1
准备互相开撕战,modern Chinese（1920-2020）,1,0
准备以新的成就来庆祝斯大林的七十诞辰,modern Chinese（1920-2020）,0,1
准备再来一个一百辆车运动,modern Chinese（1920-2020）,0,1
准备再次开火射击,modern Chinese（1920-2020）,0,1
准备写,modern Chinese（1920-2020）,1,0
准备卖企业,modern Chinese（1920-2020）,1,0
准备参加支委会,modern Chinese（1920-2020）,1,0
准备参加第三十五届世界乒乓球赛,modern Chinese（1920-2020）,0,1
准备发言,modern Chinese（1920-2020）,0,1
准备召开,modern Chinese（1920-2020）,0,1
准备后事,modern Chinese（1920-2020）,1,0
准备和王治郅的解放军队比赛,modern Chinese（1920-2020）,0,1
准备在港开设,modern Chinese（1920-2020）,0,1
准备大选,modern Chinese（1920-2020）,1,0
准备婚礼,modern Chinese（1920-2020）,0,1
准备密码本子,modern Chinese（1920-2020）,0,1
准备对冲向岸边的鬼子进行抵抗,modern Chinese（1920-2020）,1,0
准备对古巴共和国发动一次新的军事进攻,modern Chinese（1920-2020）,0,1
准备将水分配到更需要的村子去,modern Chinese（1920-2020）,0,1
准备开农民大会,modern Chinese（1920-2020）,1,0
准备当天晚上的晚会,modern Chinese（1920-2020）,0,1
准备战争,modern Chinese（1920-2020）,0,1
准备战斗,modern Chinese（1920-2020）,0,1
准备扩大,modern Chinese（1920-2020）,0,1
准备把过去张正典的一些活动来质问他,modern Chinese（1920-2020）,0,1
准备把飞机也运送回台湾去,modern Chinese（1920-2020）,0,1
准备投降,modern Chinese（1920-2020）,0,1
准备抵抗日本,modern Chinese（1920-2020）,0,1
准备接班,modern Chinese（1920-2020）,1,0
准备搬家,modern Chinese（1920-2020）,1,0
准备撤退,modern Chinese（1920-2020）,1,0
准备收割,modern Chinese（1920-2020）,1,0
准备春耕,modern Chinese（1920-2020）,1,1
准备最终的一战,modern Chinese（1920-2020）,1,0
准备材料,modern Chinese（1920-2020）,0,1
准备树苗和树籽,modern Chinese（1920-2020）,0,1
准备泡茶,modern Chinese（1920-2020）,1,0
准备灭亡的条件,modern Chinese（1920-2020）,1,0
准备炼一炉合金钢,modern Chinese（1920-2020）,0,1
准备热烈欢迎大平首相一行访问,modern Chinese（1920-2020）,0,1
准备盛大酒宴,modern Chinese（1920-2020）,1,0
准备着,modern Chinese（1920-2020）,2,1
准备着参加青年节表演的特别节目,modern Chinese（1920-2020）,0,1
准备着发财,modern Chinese（1920-2020）,1,0
准备着用生命保卫它,modern Chinese（1920-2020）,1,0
准备着痛快的将来,modern Chinese（1920-2020）,1,0
准备着第三次世界大战,modern Chinese（1920-2020）,0,1
准备着结束和换班,modern Chinese（1920-2020）,1,0
准备着给全队来一顿丰富的会餐,modern Chinese（1920-2020）,1,0
准备着迁都洛阳,modern Chinese（1920-2020）,1,0
准备祝贺斯大林七十大寿的礼物,modern Chinese（1920-2020）,0,1
准备离开大桥区,modern Chinese（1920-2020）,0,1
准备纪念攻打蒙卡达兵营九周年的活动,modern Chinese（1920-2020）,0,1
准备继续听他的朗诵,modern Chinese（1920-2020）,1,0
准备行动,modern Chinese（1920-2020）,0,1
准备行装,modern Chinese（1920-2020）,0,1
准备表示自己同中国人民亲密无间、休戚与共的关系,modern Chinese（1920-2020）,1,0
准备跟中国作战,modern Chinese（1920-2020）,0,1
准备迁往香港等地,modern Chinese（1920-2020）,0,1
准备这一进攻,modern Chinese（1920-2020）,1,0
准备进一步广泛展开对北极的科学考察工作,modern Chinese（1920-2020）,0,1
准备进攻上海,modern Chinese（1920-2020）,1,0
准备进行片面选举,modern Chinese（1920-2020）,0,1
准备送给她的生日礼物,modern Chinese（1920-2020）,2,0
准备送给斯大林的礼物,modern Chinese（1920-2020）,0,1
准备选村长,modern Chinese（1920-2020）,0,1
准备重建架构,modern Chinese（1920-2020）,0,1
准备隆重欢迎国宾,modern Chinese（1920-2020）,0,1
准备高考,modern Chinese（1920-2020）,1,0
减低,modern Chinese（1920-2020）,1,0
减小,modern Chinese（1920-2020）,0,1
减少,modern Chinese（1920-2020）,15,1
减少包装垃圾,modern Chinese（1920-2020）,1,0
减弱,modern Chinese（1920-2020）,6,2
减税,modern Chinese（1920-2020）,1,0
减轻,modern Chinese（1920-2020）,3,0
减退,modern Chinese（1920-2020）,1,0
减速,modern Chinese（1920-2020）,1,1
减速慢行,modern Chinese（1920-2020）,1,0
凑趣,modern Chinese（1920-2020）,1,0
"凝思怎
样可以入窍",modern Chinese（1920-2020）,0,1
凝想,modern Chinese（1920-2020）,0,1
凝望,modern Chinese（1920-2020）,0,1
凝神,modern Chinese（1920-2020）,0,1
凝神深思,modern Chinese（1920-2020）,2,0
凝神静气,modern Chinese（1920-2020）,0,1
凝视和深思,modern Chinese（1920-2020）,0,1
凝视我脸上的伤痕,modern Chinese（1920-2020）,2,0
凝视着前方,modern Chinese（1920-2020）,0,1
凝视着小分队的人群,modern Chinese（1920-2020）,1,0
凯旋,modern Chinese（1920-2020）,1,0
凸显,modern Chinese（1920-2020）,0,1
出,modern Chinese（1920-2020）,1,0
出一个方子,modern Chinese（1920-2020）,1,0
出主意,modern Chinese（1920-2020）,1,0
出力,modern Chinese（1920-2020）,1,0
出卖人道,modern Chinese（1920-2020）,1,0
出卖他们民族的利益,modern Chinese（1920-2020）,0,1
出卖社会主义事业,modern Chinese（1920-2020）,1,0
出台,modern Chinese（1920-2020）,0,1
出售棉花和余粮,modern Chinese（1920-2020）,0,1
出售精工制作的饰银的藏式腰带,modern Chinese（1920-2020）,1,0
出土,modern Chinese（1920-2020）,1,0
出席世界经济论坛中东会议,modern Chinese（1920-2020）,0,1
出席他的葬礼,modern Chinese（1920-2020）,1,0
出席第六次不结盟国家首脑会议,modern Chinese（1920-2020）,0,1
出操,modern Chinese（1920-2020）,0,1
出早操,modern Chinese（1920-2020）,0,1
出汗,modern Chinese（1920-2020）,1,0
出洋相,modern Chinese（1920-2020）,1,0
出版,modern Chinese（1920-2020）,1,1
出版一套杂文丛书,modern Chinese（1920-2020）,0,1
出现,modern Chinese（1920-2020）,2,2
出现新的情况,modern Chinese（1920-2020）,0,1
出现群芳竞春、百花争艳的景象,modern Chinese（1920-2020）,0,1
出神,modern Chinese（1920-2020）,2,5
出神儿,modern Chinese（1920-2020）,0,1
出穗吐缨,modern Chinese（1920-2020）,1,0
出血,modern Chinese（1920-2020）,0,1
出谋出力,modern Chinese（1920-2020）,1,0
分享你们的愉快和欢乐,modern Chinese（1920-2020）,1,0
分享苏维埃人的欢欣,modern Chinese（1920-2020）,0,1
分享青春故事,modern Chinese（1920-2020）,1,0
分割大哥的爱情,modern Chinese（1920-2020）,1,0
分化解体,modern Chinese（1920-2020）,0,1
分发什么东西,modern Chinese（1920-2020）,1,0
分家,modern Chinese（1920-2020）,1,0
分崩离析,modern Chinese（1920-2020）,0,1
分开,modern Chinese（1920-2020）,0,1
分开咱们俩,modern Chinese（1920-2020）,1,0
分担他的痛苦,modern Chinese（1920-2020）,1,0
分担着他的饥饿和疼痛,modern Chinese（1920-2020）,1,0
分拣着,modern Chinese（1920-2020）,1,0
分析台风路径,modern Chinese（1920-2020）,1,0
分果实,modern Chinese（1920-2020）,0,1
分离出去,modern Chinese（1920-2020）,0,1
分箱消毒,modern Chinese（1920-2020）,1,0
分类电报,modern Chinese（1920-2020）,0,1
分菜,modern Chinese（1920-2020）,1,0
分裂中国,modern Chinese（1920-2020）,1,0
分装鸭梨,modern Chinese（1920-2020）,1,0
分解下去,modern Chinese（1920-2020）,0,1
分辨水泵嗡嗡的抽水声,modern Chinese（1920-2020）,1,0
分辩,modern Chinese（1920-2020）,1,0
分送茶水,modern Chinese（1920-2020）,1,0
分饭菜,modern Chinese（1920-2020）,0,1
切切嗟嗟,modern Chinese（1920-2020）,1,0
切割着,modern Chinese（1920-2020）,0,1
切煎蛋,modern Chinese（1920-2020）,0,1
切猪草,modern Chinese（1920-2020）,1,0
"切盼
着",modern Chinese（1920-2020）,0,1
切面,modern Chinese（1920-2020）,0,1
划出厚黑区域,modern Chinese（1920-2020）,0,1
划船,modern Chinese（1920-2020）,2,0
划过,modern Chinese（1920-2020）,0,1
列举误诊的例子,modern Chinese（1920-2020）,1,0
创业,modern Chinese（1920-2020）,1,1
创作,modern Chinese（1920-2020）,1,3
创作一部名为“九州同”的交响乐,modern Chinese（1920-2020）,0,1
创立,modern Chinese（1920-2020）,1,0
创这种议论,modern Chinese（1920-2020）,1,0
创造,modern Chinese（1920-2020）,4,2
创造一切先决条件来继续推进这个胜利的发展,modern Chinese（1920-2020）,0,1
创造价值,modern Chinese（1920-2020）,1,0
创造各种优良的条件,modern Chinese（1920-2020）,0,1
创造更多的公共产品,modern Chinese（1920-2020）,0,1
创造更好条件,modern Chinese（1920-2020）,0,1
创造更美好的未来,modern Chinese（1920-2020）,0,1
创造条件,modern Chinese（1920-2020）,1,0
创造条件以便使所有的田间费力工作在一九六零年完全机械化,modern Chinese（1920-2020）,0,1
创造源源不断的红利,modern Chinese（1920-2020）,0,1
创造着人类的文明,modern Chinese（1920-2020）,1,0
创造祖国灿烂的未来,modern Chinese（1920-2020）,0,1
初耕,modern Chinese（1920-2020）,0,1
判断着敌情,modern Chinese（1920-2020）,1,0
刨着土,modern Chinese（1920-2020）,0,1
利用一切水源、组织起来担水点种 ,modern Chinese（1920-2020）,1,0
利用人们的心理偏差,modern Chinese（1920-2020）,1,0
利用他们整掉自己,modern Chinese（1920-2020）,1,0
利用他们的军事基地和影响打击阿拉伯穆斯林,modern Chinese（1920-2020）,0,1
利用刚刚产生的各种有利条件,modern Chinese（1920-2020）,0,1
利用区划成果指导发展农村商品经济,modern Chinese（1920-2020）,0,1
利用卡斯特洛公路一事“勒索”俄罗斯和叙利亚政府以换取更多的谈判筹码,modern Chinese（1920-2020）,0,1
利用嘉定伯府和锦衣都督田府对皇后和田贵妃暗中求情,modern Chinese（1920-2020）,0,1
利用国内局势的稳定和国际社会的支援两大有利因素，努力建设自己的国家,modern Chinese（1920-2020）,0,1
利用她,modern Chinese（1920-2020）,1,0
利用布鲁塞尔谈判所提供的一切机会来搞掉长期来使它感到不痛快的英联邦的关税优惠,modern Chinese（1920-2020）,0,1
利用当前的局势，努力要实现他们邪恶的目的,modern Chinese（1920-2020）,1,0
利用汛期到来之前的良好时机加紧施工,modern Chinese（1920-2020）,0,1
利用联合国的招牌来实现它的新殖民主义的目的,modern Chinese（1920-2020）,1,0
利用课余时间抬土、打坯,modern Chinese（1920-2020）,0,1
利用谈判大造反华舆论,modern Chinese（1920-2020）,1,0
利用豆类作物,modern Chinese（1920-2020）,1,0
利用这一点行骗,modern Chinese（1920-2020）,1,0
利用马三婆这条线,modern Chinese（1920-2020）,0,1
刮,modern Chinese（1920-2020）,3,0
刮着,modern Chinese（1920-2020）,1,0
刮着他的脸,modern Chinese（1920-2020）,1,0
刮自己身体,modern Chinese（1920-2020）,1,0
刮风,modern Chinese（1920-2020）,2,0
刮风下雨,modern Chinese（1920-2020）,1,0
到位,modern Chinese（1920-2020）,0,1
到来,modern Chinese（1920-2020）,0,9
到达太阳系,modern Chinese（1920-2020）,0,2
制定,modern Chinese（1920-2020）,0,2
制定一个新的经济计划,modern Chinese（1920-2020）,0,1
制定从现在到一九八五年的全国哲学社会科学发展规划,modern Chinese（1920-2020）,0,1
制定全方位的水果市场开拓战略规划,modern Chinese（1920-2020）,0,1
制定发展埃及经济的计划,modern Chinese（1920-2020）,0,1
制定发展太空技术的计划,modern Chinese（1920-2020）,0,1
制定工作规划,modern Chinese（1920-2020）,0,1
制定我国国民经济和社会发展的跨世纪蓝图,modern Chinese（1920-2020）,0,1
制定法令,modern Chinese（1920-2020）,0,1
制定相关法规,modern Chinese（1920-2020）,0,1
制定着作战计划,modern Chinese（1920-2020）,1,0
制定行业准入条件,modern Chinese（1920-2020）,0,1
制定资本主义欧洲的政策,modern Chinese（1920-2020）,1,0
制定预算,modern Chinese（1920-2020）,1,0
制止史强,modern Chinese（1920-2020）,1,0
制止着自己,modern Chinese（1920-2020）,1,0
制裁着,modern Chinese（1920-2020）,1,0
制订,modern Chinese（1920-2020）,1,1
制订冬奥场馆可持续指南工作方案,modern Chinese（1920-2020）,0,1
制订发展规划政策法规,modern Chinese（1920-2020）,0,1
制造,modern Chinese（1920-2020）,1,2
制造分裂,modern Chinese（1920-2020）,1,0
制造口实,modern Chinese（1920-2020）,0,1
制造各种计划,modern Chinese（1920-2020）,0,1
制造战争,modern Chinese（1920-2020）,1,0
制造核武器,modern Chinese（1920-2020）,0,1
制造法律,modern Chinese（1920-2020）,1,0
制造第十台三十三万千瓦汽轮发电机,modern Chinese（1920-2020）,0,1
制造紧张气氛,modern Chinese（1920-2020）,1,0
制造逆流,modern Chinese（1920-2020）,1,0
制造障碍,modern Chinese（1920-2020）,2,0
刷新房屋,modern Chinese（1920-2020）,1,0
刷牙,modern Chinese（1920-2020）,1,0
刷着一匹坐马,modern Chinese（1920-2020）,0,1
刷锅洗碗,modern Chinese（1920-2020）,1,0
刹,modern Chinese（1920-2020）,1,0
刺,modern Chinese（1920-2020）,1,0
刺杀他底爱人,modern Chinese（1920-2020）,1,0
刺激她,modern Chinese（1920-2020）,1,0
刺激消费者的胃口,modern Chinese（1920-2020）,1,0
刺激英苏,modern Chinese（1920-2020）,1,0
刺痛,modern Chinese（1920-2020）,2,0
刺痛着他的心,modern Chinese（1920-2020）,2,0
刺着她的心,modern Chinese（1920-2020）,1,0
刻石头,modern Chinese（1920-2020）,1,0
削弱,modern Chinese（1920-2020）,1,0
削弱美国的军事和政治力量,modern Chinese（1920-2020）,0,1
削皮,modern Chinese（1920-2020）,0,1
削苹果,modern Chinese（1920-2020）,1,0
前行,modern Chinese（1920-2020）,0,2
前进,modern Chinese（1920-2020）,74,14
前进并向前看,modern Chinese（1920-2020）,1,0
前进着,modern Chinese（1920-2020）,0,1
剜掉他的这颗心,modern Chinese（1920-2020）,0,1
剥削,modern Chinese（1920-2020）,2,0
剥削你,modern Chinese（1920-2020）,1,0
剥削着,modern Chinese（1920-2020）,1,0
剥夺他的享受,modern Chinese（1920-2020）,1,0
剥柳条皮,modern Chinese（1920-2020）,0,1
剥着,modern Chinese（1920-2020）,1,0
剥胡桃,modern Chinese（1920-2020）,2,0
剥花生仁,modern Chinese（1920-2020）,0,1
剧烈,modern Chinese（1920-2020）,0,1
剪“北京人”的影子,modern Chinese（1920-2020）,1,0
剪制八朵比篮子还大的红纸花,modern Chinese（1920-2020）,0,1
剪整齐,modern Chinese（1920-2020）,0,1
剪枝,modern Chinese（1920-2020）,0,1
剪枝清运,modern Chinese（1920-2020）,0,1
剪烛花,modern Chinese（1920-2020）,1,0
割他的心,modern Chinese（1920-2020）,2,0
割她的肉,modern Chinese（1920-2020）,1,0
割小海心上的肉,modern Chinese（1920-2020）,1,0
割爸爸的耳朵,modern Chinese（1920-2020）,1,0
割野草,modern Chinese（1920-2020）,1,0
割麦,modern Chinese（1920-2020）,1,0
割麦子,modern Chinese（1920-2020）,1,0
剿匪安民,modern Chinese（1920-2020）,1,0
剿杀官军,modern Chinese（1920-2020）,1,0
剿贼,modern Chinese（1920-2020）,0,1
劈着鬼子,modern Chinese（1920-2020）,1,0
力争上游,modern Chinese（1920-2020）,1,0
力图发动一次新战争,modern Chinese（1920-2020）,0,1
力图建立与国际接轨的网络法规,modern Chinese（1920-2020）,0,1
力图抓紧机遇,modern Chinese（1920-2020）,1,0
力图钻这些国家的暂时困难的空子,modern Chinese（1920-2020）,0,1
力图阻挡这一潮流,modern Chinese（1920-2020）,1,0
力行,modern Chinese（1920-2020）,0,1
劝,modern Chinese（1920-2020）,1,0
劝他,modern Chinese（1920-2020）,1,0
劝他不要老是想反攻大陆,modern Chinese（1920-2020）,1,0
劝他不要闹,modern Chinese（1920-2020）,1,0
劝他们,modern Chinese（1920-2020）,0,1
劝导作家们要以大局为重,modern Chinese（1920-2020）,1,0
劝开田,modern Chinese（1920-2020）,1,0
劝解,modern Chinese（1920-2020）,1,0
劝说大家,modern Chinese（1920-2020）,1,0
劝说白莉苹什么,modern Chinese（1920-2020）,1,0
劝说着白莉苹,modern Chinese（1920-2020）,1,0
劝阻什么人,modern Chinese（1920-2020）,1,0
劝阻他,modern Chinese（1920-2020）,2,0
办一件事,modern Chinese（1920-2020）,1,0
办事,modern Chinese（1920-2020）,1,0
办什么孔教会的事情,modern Chinese（1920-2020）,1,0
办公司,modern Chinese（1920-2020）,1,0
办喜事,modern Chinese（1920-2020）,0,1
办年货,modern Chinese（1920-2020）,1,0
办报请退役,modern Chinese（1920-2020）,1,0
办案,modern Chinese（1920-2020）,1,0
办理,modern Chinese（1920-2020）,0,4
办理什么事,modern Chinese（1920-2020）,1,0
办理住院,modern Chinese（1920-2020）,0,1
办理借贷手续,modern Chinese（1920-2020）,0,1
办理军事政治学校,modern Chinese（1920-2020）,1,0
办理后事,modern Chinese（1920-2020）,1,0
办理离婚,modern Chinese（1920-2020）,0,1
办理移交、法共政治局号召党员,modern Chinese（1920-2020）,0,1
办理选举,modern Chinese（1920-2020）,0,1
办着,modern Chinese（1920-2020）,1,0
办结束,modern Chinese（1920-2020）,1,0
办这个学期的结束,modern Chinese（1920-2020）,1,0
办这件事,modern Chinese（1920-2020）,0,1
加以仔细研究,modern Chinese（1920-2020）,0,1
加以克服,modern Chinese（1920-2020）,0,1
加以解决,modern Chinese（1920-2020）,0,1
加以重建与恢复,modern Chinese（1920-2020）,0,1
加倍,modern Chinese（1920-2020）,1,0
加剧,modern Chinese（1920-2020）,4,2
加剧北欧紧张局势,modern Chinese（1920-2020）,1,0
加剧对南部非洲的争夺,modern Chinese（1920-2020）,0,1
加固桥墩和基础,modern Chinese（1920-2020）,0,1
加增,modern Chinese（1920-2020）,2,0
加大,modern Chinese（1920-2020）,5,0
加大中西部开发的力度,modern Chinese（1920-2020）,0,1
加大为残疾人服务的体育健身指导员培养力度,modern Chinese（1920-2020）,1,0
加大走出去的步伐和力度,modern Chinese（1920-2020）,1,0
加密外交电报,modern Chinese（1920-2020）,1,0
加工,modern Chinese（1920-2020）,0,1
加工钢材,modern Chinese（1920-2020）,1,0
加强,modern Chinese（1920-2020）,11,5
加强他们的阵地,modern Chinese（1920-2020）,1,0
加强军事进攻力量,modern Chinese（1920-2020）,0,1
加强反腐力度,modern Chinese（1920-2020）,1,0
"加强合作,相互协商",modern Chinese（1920-2020）,0,1
加强和发展,modern Chinese（1920-2020）,0,1
加强和巩固,modern Chinese（1920-2020）,0,1
加强团结,modern Chinese（1920-2020）,1,0
加强对老挝的控制,modern Chinese（1920-2020）,1,0
加强控制,modern Chinese（1920-2020）,1,0
加强海军,modern Chinese（1920-2020）,0,1
加强美国在近东的地位,modern Chinese（1920-2020）,1,0
加快,modern Chinese（1920-2020）,5,4
加快完成,modern Chinese（1920-2020）,0,1
加快建设,modern Chinese（1920-2020）,0,1
加快建设步伐,modern Chinese（1920-2020）,1,0
加快推进报业传媒集团、省广电传媒集团、省绿色产业集团、省职业教育集团等企业重组改制,modern Chinese（1920-2020）,0,1
加快新的经济契约的谈判,modern Chinese（1920-2020）,0,1
加快构建开放型经济新体制,modern Chinese（1920-2020）,0,1
加快规划建设,modern Chinese（1920-2020）,1,0
加快调整产业结构、引领经济转型发展,modern Chinese（1920-2020）,1,0
加快进行,modern Chinese（1920-2020）,0,3
加木柴,modern Chinese（1920-2020）,0,1
加深,modern Chinese（1920-2020）,9,2
加班,modern Chinese（1920-2020）,2,0
加班加点、忘我工作,modern Chinese（1920-2020）,1,0
加班工作,modern Chinese（1920-2020）,1,1
加紧与帝国主义进行联络,modern Chinese（1920-2020）,1,0
加紧争夺海湾地区,modern Chinese（1920-2020）,0,1
加紧他们的阴谋活动,modern Chinese（1920-2020）,0,1
加紧修建十三项水利工程,modern Chinese（1920-2020）,0,1
加紧修筑,modern Chinese（1920-2020）,0,1
加紧准备,modern Chinese（1920-2020）,1,0
加紧准备打常规战争,modern Chinese（1920-2020）,1,0
加紧制定,modern Chinese（1920-2020）,0,1
加紧制订旨在年内实现预算平衡的预算调整法案,modern Chinese（1920-2020）,0,1
加紧复活帝国主义和军国主义,modern Chinese（1920-2020）,0,1
加紧实施,modern Chinese（1920-2020）,0,1
加紧密切磋商,modern Chinese（1920-2020）,0,1
加紧崩溃的败途,modern Chinese（1920-2020）,1,0
加紧建设,modern Chinese（1920-2020）,0,3
加紧开发建设,modern Chinese（1920-2020）,0,1
加紧战争,modern Chinese（1920-2020）,1,0
加紧战争准备,modern Chinese（1920-2020）,0,1
加紧排练,modern Chinese（1920-2020）,1,0
加紧推动落实,modern Chinese（1920-2020）,0,1
加紧收割,modern Chinese（1920-2020）,1,0
加紧新民主主义的国家建设,modern Chinese（1920-2020）,0,1
加紧施工,modern Chinese（1920-2020）,0,2
加紧煽动反对反法西斯的防御墙,modern Chinese（1920-2020）,1,0
加紧筹备,modern Chinese（1920-2020）,0,1
加紧调兵遣将准备进一步扩大战争,modern Chinese（1920-2020）,1,0
加紧起草《保护消费者权益条例》,modern Chinese（1920-2020）,0,3
加紧进攻冷口,modern Chinese（1920-2020）,0,1
加紧进行,modern Chinese（1920-2020）,2,1
加紧进行战争准备,modern Chinese（1920-2020）,0,1
加紧进行把南方变成一个单独国家,modern Chinese（1920-2020）,0,1
加紧进行控制,modern Chinese（1920-2020）,0,1
加紧进行这个卑鄙的制造,modern Chinese（1920-2020）,0,1
加紧酝酿修改宪法,modern Chinese（1920-2020）,0,1
加紧重新研究同苏贸易问题,modern Chinese（1920-2020）,0,1
加紧镇压塞浦路斯和怯尼亚人民反抗殖民统治的斗争,modern Chinese（1920-2020）,1,0
加紧防汛,modern Chinese（1920-2020）,0,1
加速,modern Chinese（1920-2020）,5,0
加速修建一个雷达基地,modern Chinese（1920-2020）,0,1
加速修建拖拉机站,modern Chinese（1920-2020）,0,1
加速兴建,modern Chinese（1920-2020）,0,1
加速发展,modern Chinese（1920-2020）,1,0
加速发展着,modern Chinese（1920-2020）,0,1
加速向二维平面坠落,modern Chinese（1920-2020）,0,1
加速复活日本军国主义,modern Chinese（1920-2020）,1,0
加速建设,modern Chinese（1920-2020）,0,1
加速扩散,modern Chinese（1920-2020）,0,1
加速提质,modern Chinese（1920-2020）,0,1
加速落地,modern Chinese（1920-2020）,0,1
加速蒋介石和傅作义的灭亡,modern Chinese（1920-2020）,0,1
加速调整升级,modern Chinese（1920-2020）,0,1
加速进行,modern Chinese（1920-2020）,1,0
加速释放,modern Chinese（1920-2020）,0,1
加重,modern Chinese（1920-2020）,4,0
加重全球普通消费者的负担,modern Chinese（1920-2020）,0,1
加长,modern Chinese（1920-2020）,0,1
加高,modern Chinese（1920-2020）,1,0
加高寨墙,modern Chinese（1920-2020）,0,1
动,modern Chinese（1920-2020）,35,0
动作,modern Chinese（1920-2020）,2,0
动员,modern Chinese（1920-2020）,1,1
动员侯清槐向他要红契,modern Chinese（1920-2020）,1,0
动员村民栽枣树,modern Chinese（1920-2020）,1,0
动员社员投资,modern Chinese（1920-2020）,1,0
动工,modern Chinese（1920-2020）,2,1
动工修建,modern Chinese（1920-2020）,0,1
动工兴建一个大型的排水工程,modern Chinese（1920-2020）,0,1
动手,modern Chinese（1920-2020）,1,1
动手实行,modern Chinese（1920-2020）,0,1
动手挖坟刨墓,modern Chinese（1920-2020）,1,0
动手术,modern Chinese（1920-2020）,1,1
动摇,modern Chinese（1920-2020）,1,0
动摇全世界帝国主义的基础,modern Chinese（1920-2020）,0,1
动着上船的念头,modern Chinese（1920-2020）,0,1
动移,modern Chinese（1920-2020）,1,0
动脑筋,modern Chinese（1920-2020）,1,0
动荡,modern Chinese（1920-2020）,1,0
动荡和分化,modern Chinese（1920-2020）,0,1
助推实现“绿色三夏”,modern Chinese（1920-2020）,0,1
助长那些无视法律的行径,modern Chinese（1920-2020）,1,0
努力,modern Chinese（1920-2020）,18,14
努力为农民作事业,modern Chinese（1920-2020）,1,0
努力争取亚洲和世界和平,modern Chinese（1920-2020）,1,0
努力争取基层党员投赞成票,modern Chinese（1920-2020）,0,1
努力争取恢复关贸总协定缔约国地位,modern Chinese（1920-2020）,1,0
努力争取提早完成上半年生产万部双轮双铧犁的任务,modern Chinese（1920-2020）,0,1
努力使台湾军事化 ,modern Chinese（1920-2020）,1,0
努力保证政策的连续性,modern Chinese（1920-2020）,1,0
努力准备,modern Chinese（1920-2020）,1,0
努力劳动,modern Chinese（1920-2020）,0,1
努力发展,modern Chinese（1920-2020）,1,0
努力取得一些东西,modern Chinese（1920-2020）,1,0
努力告别简单,modern Chinese（1920-2020）,0,1
努力培植他,modern Chinese（1920-2020）,1,0
努力增加生产以实际行动推进争取协商和普选的斗争,modern Chinese（1920-2020）,1,0
努力奋斗,modern Chinese（1920-2020）,0,1
努力学习扮演“父亲”的角色,modern Chinese（1920-2020）,1,0
努力完成他们的历史任务,modern Chinese（1920-2020）,1,0
努力实现大会的四大原则,modern Chinese（1920-2020）,1,0
努力实现自己的“红薯梦”,modern Chinese（1920-2020）,0,1
努力寻求新的业务模式,modern Chinese（1920-2020）,1,0
努力将农村工业化,modern Chinese（1920-2020）,1,0
努力将现实主义的电影语言和观众审美需求相结合,modern Chinese（1920-2020）,1,0
努力工作,modern Chinese（1920-2020）,1,0
努力建设我们自己的国家,modern Chinese（1920-2020）,1,0
努力往那方面学习,modern Chinese（1920-2020）,0,1
努力忘记你,modern Chinese（1920-2020）,1,0
努力恢复,modern Chinese（1920-2020）,0,1
努力扩大巴格达条约成员国的数目,modern Chinese（1920-2020）,0,1
努力把筹备工作做得更加完善,modern Chinese（1920-2020）,0,1
努力提高企业的员工素质,modern Chinese（1920-2020）,1,0
努力提高质量,modern Chinese（1920-2020）,1,0
努力改善治安环境,modern Chinese（1920-2020）,1,0
努力构建大数据产业生态圈,modern Chinese（1920-2020）,1,0
努力涤磨以前苦痛的伤痕,modern Chinese（1920-2020）,0,1
努力生产,modern Chinese（1920-2020）,1,0
努力用造成新的战争恐怖的方法 争取尽量推迟其国内经济危机之到来,modern Chinese（1920-2020）,1,0
努力着,modern Chinese（1920-2020）,1,0
努力稳住运价,modern Chinese（1920-2020）,1,0
努力计划开辟环道,modern Chinese（1920-2020）,1,0
努力试种别的植物,modern Chinese（1920-2020）,1,0
努力跟上步伐,modern Chinese（1920-2020）,1,0
努力通过他们对生活的新的感受和艺术技巧上的大胆创造来探索适合于反映当前的伟大时代的新的创作方法,modern Chinese（1920-2020）,1,0
劳作着,modern Chinese（1920-2020）,1,0
劳动,modern Chinese（1920-2020）,5,0
劳动创造,modern Chinese（1920-2020）,1,0
劳动改造,modern Chinese（1920-2020）,0,1
劳动着,modern Chinese（1920-2020）,1,1
勇往直前克服困难争取更大成就,modern Chinese（1920-2020）,0,1
勘测,modern Chinese（1920-2020）,0,2
勘测准备建设水力发电站,modern Chinese（1920-2020）,0,1
募捐,modern Chinese（1920-2020）,1,0
募集旅费,modern Chinese（1920-2020）,0,1
勤学苦练,modern Chinese（1920-2020）,1,0
勾,modern Chinese（1920-2020）,1,0
勾引他,modern Chinese（1920-2020）,1,0
勾引着野男子,modern Chinese（1920-2020）,1,0
勾搭女同事,modern Chinese（1920-2020）,1,0
勾结法帝国主义和国民党残余的反动分子,modern Chinese（1920-2020）,0,1
勾结老殖民主义者,modern Chinese（1920-2020）,0,1
包伤口,modern Chinese（1920-2020）,0,1
包围着我们,modern Chinese（1920-2020）,1,0
包扎,modern Chinese（1920-2020）,1,0
包扎一叠叠的信件,modern Chinese（1920-2020）,0,1
包抄村子,modern Chinese（1920-2020）,1,0
包装土特产,modern Chinese（1920-2020）,0,1
包裹儿子,modern Chinese（1920-2020）,0,1
包饺子,modern Chinese（1920-2020）,1,0
化,modern Chinese（1920-2020）,1,0
化妆,modern Chinese（1920-2020）,2,0
化脓,modern Chinese（1920-2020）,0,1
化装,modern Chinese（1920-2020）,1,0
化雪,modern Chinese（1920-2020）,1,1
医病,modern Chinese（1920-2020）,0,1
升出地平线,modern Chinese（1920-2020）,0,1
升华,modern Chinese（1920-2020）,1,0
升帐,modern Chinese（1920-2020）,0,1
升息,modern Chinese（1920-2020）,1,0
升温,modern Chinese（1920-2020）,2,1
升级,modern Chinese（1920-2020）,2,0
升级换代,modern Chinese（1920-2020）,1,1
升腾,modern Chinese（1920-2020）,0,1
升起,modern Chinese（1920-2020）,2,6
升起来,modern Chinese（1920-2020）,1,0
升高,modern Chinese（1920-2020）,3,0
午睡,modern Chinese（1920-2020）,1,2
协助厂方设法解决这个困难,modern Chinese（1920-2020）,0,1
协助手术,modern Chinese（1920-2020）,0,1
协商,modern Chinese（1920-2020）,0,1
协调,modern Chinese（1920-2020）,1,0
单曲循环,modern Chinese（1920-2020）,1,0
卖,modern Chinese（1920-2020）,3,0
卖书,modern Chinese（1920-2020）,1,0
卖出农副产品,modern Chinese（1920-2020）,0,1
卖力,modern Chinese（1920-2020）,0,1
卖弄学问,modern Chinese（1920-2020）,1,0
卖弄着乖巧,modern Chinese（1920-2020）,1,0
卖弄风骚,modern Chinese（1920-2020）,1,0
卖果子,modern Chinese（1920-2020）,1,0
卖烤羊肉串,modern Chinese（1920-2020）,1,0
卖羊,modern Chinese（1920-2020）,1,0
卖西瓜,modern Chinese（1920-2020）,1,0
卖鱼,modern Chinese（1920-2020）,1,0
占据了他的全心,modern Chinese（1920-2020）,1,0
占据着几年前铁制品独霸的市场,modern Chinese（1920-2020）,0,1
卧病,modern Chinese（1920-2020）,0,1
卧着,modern Chinese（1920-2020）,1,0
印《挺进报》,modern Chinese（1920-2020）,1,0
印一盒檀香,modern Chinese（1920-2020）,1,0
印制《内蒙古蒙古民族民间图案集》,modern Chinese（1920-2020）,1,0
印刷,modern Chinese（1920-2020）,1,0
危坐看条陈,modern Chinese（1920-2020）,0,1
卷弄着那一绺柔发,modern Chinese（1920-2020）,1,0
卷着烟末子吸烟,modern Chinese（1920-2020）,1,0
卷门帘,modern Chinese（1920-2020）,1,0
卸载菜蔬、橘柑,modern Chinese（1920-2020）,1,0
厉声大喝,modern Chinese（1920-2020）,1,0
压制,modern Chinese（1920-2020）,1,0
压制自己的恼怒,modern Chinese（1920-2020）,1,0
压制自己的情感,modern Chinese（1920-2020）,1,0
压制自己的火气,modern Chinese（1920-2020）,1,0
压我们年轻,modern Chinese（1920-2020）,1,0
压挤着他,modern Chinese（1920-2020）,1,0
压缩,modern Chinese（1920-2020）,1,0
压缩信息量,modern Chinese（1920-2020）,1,0
压迫亚洲人民,modern Chinese（1920-2020）,0,1
压迫他,modern Chinese（1920-2020）,1,0
压迫她,modern Chinese（1920-2020）,1,0
压迫我们,modern Chinese（1920-2020）,1,0
压迫本国的人民,modern Chinese（1920-2020）,1,0
厮打,modern Chinese（1920-2020）,2,0
厮杀,modern Chinese（1920-2020）,1,1
厮杀着,modern Chinese（1920-2020）,1,0
去,modern Chinese（1920-2020）,1,0
去挣钱,modern Chinese（1920-2020）,1,0
参与历史、见证历史,modern Chinese（1920-2020）,1,0
参与网络大电影,modern Chinese（1920-2020）,0,1
参加一场紧张的战斗,modern Chinese（1920-2020）,0,1
参加为时一周的义务劳动,modern Chinese（1920-2020）,0,1
参加割草的义务劳动,modern Chinese（1920-2020）,0,1
参加广播师范大学学习,modern Chinese（1920-2020）,1,0
参加战备演习,modern Chinese（1920-2020）,0,1
参加秘密多头公司,modern Chinese（1920-2020）,0,1
参加通用机枪射击专业比武,modern Chinese（1920-2020）,0,1
参加那争自由的斗争,modern Chinese（1920-2020）,1,0
参欢喜之禅,modern Chinese（1920-2020）,0,1
参观北京农业机械厂制造的新式农具,modern Chinese（1920-2020）,1,0
参观她的厨房,modern Chinese（1920-2020）,1,0
参观展品,modern Chinese（1920-2020）,1,0
参观巢鸭青山的疯人院,modern Chinese（1920-2020）,1,0
参观甘蔗的优良品种,modern Chinese（1920-2020）,0,1
参观谷歌中国清华科技园的新设施,modern Chinese（1920-2020）,1,0
反人民,modern Chinese（1920-2020）,1,0
反击,modern Chinese（1920-2020）,1,0
反对,modern Chinese（1920-2020）,1,0
反对北政府,modern Chinese（1920-2020）,1,0
反对叙利亚和威胁中东,modern Chinese（1920-2020）,1,0
反对它,modern Chinese（1920-2020）,0,1
反对帝国主义,modern Chinese（1920-2020）,0,1
反对现在的自己,modern Chinese（1920-2020）,1,0
反对着殖民主义,modern Chinese（1920-2020）,1,0
反对社会主义国家为维护和平、争取全面裁军、消除核武器和签订对德和约而作的努力,modern Chinese（1920-2020）,0,1
反对美帝延长占领日本,modern Chinese（1920-2020）,0,1
反对读毛主席的书,modern Chinese（1920-2020）,1,0
反射着下面不同街道上车灯的光,modern Chinese（1920-2020）,1,0
反思,modern Chinese（1920-2020）,1,0
反思五四思潮,modern Chinese（1920-2020）,1,0
反扫荡,modern Chinese（1920-2020）,0,1
反抗,modern Chinese（1920-2020）,1,0
反抗法西斯色彩日益浓厚的日本资产阶级政府,modern Chinese（1920-2020）,0,1
反省、思考,modern Chinese（1920-2020）,1,0
反省它,modern Chinese（1920-2020）,0,1
反问着,modern Chinese（1920-2020）,1,0
发,modern Chinese（1920-2020）,1,0
发些微汗,modern Chinese（1920-2020）,1,0
发亮,modern Chinese（1920-2020）,5,1
发什么疯,modern Chinese（1920-2020）,1,0
发作,modern Chinese（1920-2020）,0,1
发光,modern Chinese（1920-2020）,7,0
发冷,modern Chinese（1920-2020）,4,0
发出信号,modern Chinese（1920-2020）,0,1
发出光亮,modern Chinese（1920-2020）,1,0
发出光来,modern Chinese（1920-2020）,1,0
发出各种各样的誓言,modern Chinese（1920-2020）,1,0
发出微弱的呻吟声,modern Chinese（1920-2020）,1,0
发出无可奈何的喘息的声音,modern Chinese（1920-2020）,1,0
发出绝望、悲伤的呼救声,modern Chinese（1920-2020）,1,0
发出问讯,modern Chinese（1920-2020）,1,0
发动,modern Chinese（1920-2020）,1,0
发动全国规模的内战,modern Chinese（1920-2020）,0,1
发动反对美帝国主义发动新世界战争的签名运动,modern Chinese（1920-2020）,0,1
发动大家找那张订单,modern Chinese（1920-2020）,0,1
发动战争,modern Chinese（1920-2020）,0,1
发动攻势,modern Chinese（1920-2020）,1,1
发动新的进攻,modern Chinese（1920-2020）,0,1
发动旱季攻势,modern Chinese（1920-2020）,0,1
发动第二次世界大战,modern Chinese（1920-2020）,1,0
发号施令,modern Chinese（1920-2020）,1,0
发号牌子,modern Chinese（1920-2020）,0,1
发呆,modern Chinese（1920-2020）,5,1
发奋图强,modern Chinese（1920-2020）,1,0
发威,modern Chinese（1920-2020）,0,1
发射,modern Chinese（1920-2020）,1,0
发展,modern Chinese（1920-2020）,61,30
发展一个能集合所有的菁良人民的方案,modern Chinese（1920-2020）,1,0
发展变化,modern Chinese（1920-2020）,1,0
发展合成橡胶工业,modern Chinese（1920-2020）,1,0
发展和加强,modern Chinese（1920-2020）,1,0
发展和坚持,modern Chinese（1920-2020）,0,1
发展国内的交通事业,modern Chinese（1920-2020）,0,1
发展壮大,modern Chinese（1920-2020）,1,1
发展我,modern Chinese（1920-2020）,0,1
发展旅游业,modern Chinese（1920-2020）,1,0
发展核武器,modern Chinese（1920-2020）,3,0
发展生态观光农业,modern Chinese（1920-2020）,0,1
发展着,modern Chinese（1920-2020）,5,1
发展着各自的国民经济,modern Chinese（1920-2020）,0,1
发展着苏美之间的多方面合作,modern Chinese（1920-2020）,1,0
发展经济,modern Chinese（1920-2020）,1,0
发展起来,modern Chinese（1920-2020）,0,1
发展这个事业,modern Chinese（1920-2020）,0,1
发怒,modern Chinese（1920-2020）,3,1
发急,modern Chinese（1920-2020）,0,2
发愁,modern Chinese（1920-2020）,6,6
发愣,modern Chinese（1920-2020）,1,2
发扬,modern Chinese（1920-2020）,1,1
发抖,modern Chinese（1920-2020）,32,2
发挥作用,modern Chinese（1920-2020）,2,2
发挥提升社会文明程度的作用,modern Chinese（1920-2020）,0,1
发挥有利于我们的作用,modern Chinese（1920-2020）,0,1
发挥着一种什么样子的作用,modern Chinese（1920-2020）,1,0
发挥着作用,modern Chinese（1920-2020）,1,0
发挥着典型的苦干的广东精神,modern Chinese（1920-2020）,1,0
发挥着极为重大的作用,modern Chinese（1920-2020）,1,0
发挥自己的优势，开发、研制环保技术和产品,modern Chinese（1920-2020）,1,0
发挥越来越大的作用,modern Chinese（1920-2020）,0,1
发挥重要作用,modern Chinese（1920-2020）,1,0
发新闻,modern Chinese（1920-2020）,1,0
发明各种产品,modern Chinese（1920-2020）,1,0
发明法律,modern Chinese（1920-2020）,1,0
发昏,modern Chinese（1920-2020）,1,0
发木,modern Chinese（1920-2020）,1,0
发气,modern Chinese（1920-2020）,1,0
发泄,modern Chinese（1920-2020）,1,0
发泄狂怒,modern Chinese（1920-2020）,0,1
发泄罢官情绪,modern Chinese（1920-2020）,1,0
发火,modern Chinese（1920-2020）,1,1
发烧,modern Chinese（1920-2020）,20,2
发烫,modern Chinese（1920-2020）,2,0
发热,modern Chinese（1920-2020）,2,0
发牢骚,modern Chinese（1920-2020）,3,1
发狂,modern Chinese（1920-2020）,1,0
发狂发痴,modern Chinese（1920-2020）,1,0
发现年轻的标志,modern Chinese（1920-2020）,1,0
发现问题、解决问题,modern Chinese（1920-2020）,1,0
发生,modern Chinese（1920-2020）,9,25
发生一个巨大的变化,modern Chinese（1920-2020）,0,1
发生一次巨大的衍变,modern Chinese（1920-2020）,0,1
发生了巨大的变化,modern Chinese（1920-2020）,1,0
发生什么,modern Chinese（1920-2020）,0,1
发生什么事,modern Chinese（1920-2020）,1,0
发生什么事儿,modern Chinese（1920-2020）,0,3
发生什么事情,modern Chinese（1920-2020）,0,1
发生什么变化,modern Chinese（1920-2020）,0,1
发生从外国帝国主义的统治下解放出来的重要转变,modern Chinese（1920-2020）,0,1
发生令人兴奋的变化,modern Chinese（1920-2020）,0,1
发生作用,modern Chinese（1920-2020）,2,0
发生变化,modern Chinese（1920-2020）,4,2
发生复杂深刻变,modern Chinese（1920-2020）,0,1
发生多样化,modern Chinese（1920-2020）,0,1
发生大事情,modern Chinese（1920-2020）,0,1
发生巨变,modern Chinese（1920-2020）,0,1
发生巨大的变化,modern Chinese（1920-2020）,0,1
发生广泛而深刻的变化,modern Chinese（1920-2020）,0,2
发生改变,modern Chinese（1920-2020）,3,1
发生新变化,modern Chinese（1920-2020）,0,1
发生根本性变革,modern Chinese（1920-2020）,0,1
发生深刻变化,modern Chinese（1920-2020）,0,2
发生深刻变革,modern Chinese（1920-2020）,0,1
发生着,modern Chinese（1920-2020）,3,0
发生着一件事,modern Chinese（1920-2020）,0,1
发生着一场以技术驱动,modern Chinese（1920-2020）,0,1
发生着历史性的巨变,modern Chinese（1920-2020）,0,1
发生着变化,modern Chinese（1920-2020）,2,0
发生着啥儿事,modern Chinese（1920-2020）,0,2
发生着巨大的变化,modern Chinese（1920-2020）,0,1
发生着日新月异变化,modern Chinese（1920-2020）,0,1
发生着日新月异的变化,modern Chinese（1920-2020）,1,0
发生社会主义事业的新事情,modern Chinese（1920-2020）,1,0
发生积极变化,modern Chinese（1920-2020）,0,1
发生结构性变化,modern Chinese（1920-2020）,0,1
发生翻天覆地的变化,modern Chinese（1920-2020）,0,1
发生质的嬗变,modern Chinese（1920-2020）,0,1
发生重大的变革,modern Chinese（1920-2020）,0,1
发生重大的改变,modern Chinese（1920-2020）,0,1
发生重要变化,modern Chinese（1920-2020）,0,1
发疑,modern Chinese（1920-2020）,0,1
发疟疾,modern Chinese（1920-2020）,0,2
发疯,modern Chinese（1920-2020）,4,0
发疼,modern Chinese（1920-2020）,2,0
发痒,modern Chinese（1920-2020）,1,0
发痛,modern Chinese（1920-2020）,2,0
发白,modern Chinese（1920-2020）,3,0
发皱,modern Chinese（1920-2020）,1,0
发着他的神经,modern Chinese（1920-2020）,1,0
发着呆,modern Chinese（1920-2020）,1,0
发着命令,modern Chinese（1920-2020）,1,0
发着寒光,modern Chinese（1920-2020）,1,0
发着撒野的憨笑,modern Chinese（1920-2020）,0,1
发着灰色,modern Chinese（1920-2020）,1,0
发着牢骚,modern Chinese（1920-2020）,0,1
发着警语,modern Chinese（1920-2020）,1,0
发着颤抖,modern Chinese（1920-2020）,1,0
发短信,modern Chinese（1920-2020）,1,0
发神经,modern Chinese（1920-2020）,1,0
发神经病,modern Chinese（1920-2020）,1,0
发笑,modern Chinese（1920-2020）,1,0
发肝胃气,modern Chinese（1920-2020）,1,0
发育,modern Chinese（1920-2020）,0,3
发育健全,modern Chinese（1920-2020）,0,1
发育和生长,modern Chinese（1920-2020）,0,1
发育生长,modern Chinese（1920-2020）,0,1
发脾气,modern Chinese（1920-2020）,2,1
发脾气打人,modern Chinese（1920-2020）,1,0
发脾气骂仆人,modern Chinese（1920-2020）,0,1
发薪,modern Chinese（1920-2020）,1,0
发行他的股票,modern Chinese（1920-2020）,1,0
发表她的老成卓见,modern Chinese（1920-2020）,1,0
发表意见,modern Chinese（1920-2020）,1,0
发表演说,modern Chinese（1920-2020）,0,1
发表这方面的文章,modern Chinese（1920-2020）,1,0
发言,modern Chinese（1920-2020）,1,0
发言介绍,modern Chinese（1920-2020）,1,0
发誓,modern Chinese（1920-2020）,1,0
发议论,modern Chinese（1920-2020）,1,0
发请柬,modern Chinese（1920-2020）,1,0
发起,modern Chinese（1920-2020）,0,1
发软,modern Chinese（1920-2020）,1,0
发酵,modern Chinese（1920-2020）,3,0
发长,modern Chinese（1920-2020）,0,1
发问,modern Chinese（1920-2020）,2,0
发闷,modern Chinese（1920-2020）,1,0
发颤,modern Chinese（1920-2020）,2,0
发高烧,modern Chinese（1920-2020）,4,1
取乐,modern Chinese（1920-2020）,1,0
取出,modern Chinese（1920-2020）,0,1
取得令人瞩目的进展,modern Chinese（1920-2020）,0,1
取得全国胜利,modern Chinese（1920-2020）,0,1
取得决定性的胜利,modern Chinese（1920-2020）,0,1
取得实质性进展,modern Chinese（1920-2020）,0,2
取得巨大的成就,modern Chinese（1920-2020）,0,1
取得新的胜利,modern Chinese（1920-2020）,1,0
取得联系,modern Chinese（1920-2020）,0,1
取得进展,modern Chinese（1920-2020）,0,1
取水,modern Chinese（1920-2020）,1,0
取笑他,modern Chinese（1920-2020）,1,0
取笑六班长,modern Chinese（1920-2020）,1,0
取笑她,modern Chinese（1920-2020）,1,0
受到严重的威胁,modern Chinese（1920-2020）,0,1
受到事实上的围攻,modern Chinese（1920-2020）,0,1
受到人们价值判断的影响,modern Chinese（1920-2020）,0,1
受到印度支那、东南亚和全世界爱好和平的国家和人民的欢迎和支持,modern Chinese（1920-2020）,0,1
受到失望情绪无数次的袭击,modern Chinese（1920-2020）,1,0
受到威胁,modern Chinese（1920-2020）,0,1
受到重视,modern Chinese（1920-2020）,0,1
受审,modern Chinese（1920-2020）,0,1
受尽艰苦,modern Chinese（1920-2020）,1,0
受折磨,modern Chinese（1920-2020）,1,0
受着一个快来的不可抗拒的势力底压迫,modern Chinese（1920-2020）,1,0
受着东厂的暗探监视,modern Chinese（1920-2020）,1,0
受着很大的痛苦,modern Chinese（1920-2020）,1,0
受着殖民主义灾难,modern Chinese（1920-2020）,0,1
受着痛苦的磨折,modern Chinese（1920-2020）,1,0
受着美、英帝国主义的残酷剥削与压迫,modern Chinese（1920-2020）,1,0
受着苦刑,modern Chinese（1920-2020）,1,0
受社会的残酷的待遇,modern Chinese（1920-2020）,1,0
受管制,modern Chinese（1920-2020）,1,0
受罪,modern Chinese（1920-2020）,5,0
受群众的审查,modern Chinese（1920-2020）,1,0
受苦,modern Chinese（1920-2020）,9,0
受苦受难,modern Chinese（1920-2020）,2,0
受训,modern Chinese（1920-2020）,0,1
受过,modern Chinese（1920-2020）,0,1
受这三种力的压迫,modern Chinese（1920-2020）,1,0
受难,modern Chinese（1920-2020）,3,0
变,modern Chinese（1920-2020）,25,0
变“修”,modern Chinese（1920-2020）,0,1
变为半封建半殖民地式的社会,modern Chinese（1920-2020）,0,1
变为最不可靠的,modern Chinese（1920-2020）,0,1
变为现实,modern Chinese（1920-2020）,0,4
变冷,modern Chinese（1920-2020）,0,1
变动,modern Chinese（1920-2020）,1,0
变动着,modern Chinese（1920-2020）,1,0
变化,modern Chinese（1920-2020）,34,3
变化为有事找,modern Chinese（1920-2020）,0,1
变化流动,modern Chinese（1920-2020）,1,0
变化着,modern Chinese（1920-2020）,3,0
变向一个「平民世纪」,modern Chinese（1920-2020）,1,0
变咸,modern Chinese（1920-2020）,1,0
变坏,modern Chinese（1920-2020）,2,0
变奏,modern Chinese（1920-2020）,1,0
变好,modern Chinese（1920-2020）,2,0
变小,modern Chinese（1920-2020）,3,1
变形,modern Chinese（1920-2020）,1,0
变形崩溃,modern Chinese（1920-2020）,1,0
变得日益激烈,modern Chinese（1920-2020）,0,1
变得更有“存在感”,modern Chinese（1920-2020）,0,1
变得浑浊起来,modern Chinese（1920-2020）,0,1
变得简洁起来,modern Chinese（1920-2020）,0,1
变得虚无缥缈,modern Chinese（1920-2020）,0,1
变得越来越像身边这位少女,modern Chinese（1920-2020）,0,1
变成“两夏”,modern Chinese（1920-2020）,0,1
变成一个大公园,modern Chinese（1920-2020）,0,1
变成一个科学院,modern Chinese（1920-2020）,0,1
变成整个亚洲的产业发动机,modern Chinese（1920-2020）,0,1
变成未来侵略民主中国的战争根据地,modern Chinese（1920-2020）,0,1
变成现实,modern Chinese（1920-2020）,0,8
变成瞎聊天或编织手艺的时间,modern Chinese（1920-2020）,0,1
变成美国人的幻想,modern Chinese（1920-2020）,0,1
变成群众自觉行动,modern Chinese（1920-2020）,0,1
变换,modern Chinese（1920-2020）,4,0
变换和革新,modern Chinese（1920-2020）,1,0
变旧,modern Chinese（1920-2020）,1,0
变暗,modern Chinese（1920-2020）,1,0
变浊水,modern Chinese（1920-2020）,0,1
变浓,modern Chinese（1920-2020）,1,0
变淡,modern Chinese（1920-2020）,1,1
变清,modern Chinese（1920-2020）,1,0
变热,modern Chinese（1920-2020）,1,0
变白,modern Chinese（1920-2020）,1,0
变白着,modern Chinese（1920-2020）,1,0
变着法子催咱给他上供,modern Chinese（1920-2020）,1,0
变红,modern Chinese（1920-2020）,1,0
变荒,modern Chinese（1920-2020）,1,0
变轨,modern Chinese（1920-2020）,1,0
变软变薄,modern Chinese（1920-2020）,1,0
变革,modern Chinese（1920-2020）,2,1
叙家常,modern Chinese（1920-2020）,0,1
叙旧,modern Chinese（1920-2020）,1,0
叙说,modern Chinese（1920-2020）,1,0
叙说一个古代的故事,modern Chinese（1920-2020）,1,0
叙说他和她的故事,modern Chinese（1920-2020）,1,0
叙说美妙的故事,modern Chinese（1920-2020）,1,0
叙述,modern Chinese（1920-2020）,1,0
叙述一件重大的事,modern Chinese（1920-2020）,1,0
叙述别人的事情,modern Chinese（1920-2020）,1,0
叙述来作壮丁的经过,modern Chinese（1920-2020）,1,0
叙述着这短时期内的大变化,modern Chinese（1920-2020）,1,0
叠罗汉,modern Chinese（1920-2020）,2,0
口口传着,modern Chinese（1920-2020）,1,0
叨叨些什么,modern Chinese（1920-2020）,1,0
叨叨咕咕,modern Chinese（1920-2020）,1,0
叨念着“只有七十里就到微山湖了,modern Chinese（1920-2020）,1,0
叩墙壁,modern Chinese（1920-2020）,1,0
叩门,modern Chinese（1920-2020）,1,0
叫,modern Chinese（1920-2020）,51,1
叫“买开水！”,modern Chinese（1920-2020）,1,0
叫“佩瑶”,modern Chinese（1920-2020）,1,0
叫“先给我斟！”,modern Chinese（1920-2020）,1,0
叫“妈呀！”,modern Chinese（1920-2020）,1,0
叫“拿酒来！”,modern Chinese（1920-2020）,1,0
叫“救命哪”,modern Chinese（1920-2020）,1,0
叫“汪先生”,modern Chinese（1920-2020）,1,0
叫些什么,modern Chinese（1920-2020）,1,0
叫亲兵们替他在火上烧一只从老百姓家里捉来的老母鸡,modern Chinese（1920-2020）,0,1
叫什么,modern Chinese（1920-2020）,1,0
叫什么人,modern Chinese（1920-2020）,1,0
叫他,modern Chinese（1920-2020）,4,0
叫他收钱,modern Chinese（1920-2020）,1,0
叫他的什么亲戚,modern Chinese（1920-2020）,1,0
叫他的名字,modern Chinese（1920-2020）,1,0
叫他的手下,modern Chinese（1920-2020）,1,0
叫你,modern Chinese（1920-2020）,1,0
叫卖,modern Chinese（1920-2020）,1,0
叫卖价,modern Chinese（1920-2020）,0,1
叫卖桶装水,modern Chinese（1920-2020）,1,0
叫号,modern Chinese（1920-2020）,1,0
叫名字,modern Chinese（1920-2020）,1,0
叫吼,modern Chinese（1920-2020）,2,0
叫唤,modern Chinese（1920-2020）,3,0
叫喊,modern Chinese（1920-2020）,2,0
叫喊“反攻大陆”,modern Chinese（1920-2020）,0,1
叫喊什么,modern Chinese（1920-2020）,1,0
叫嚣,modern Chinese（1920-2020）,3,0
叫嚷,modern Chinese（1920-2020）,1,0
叫她“进来聊聊”,modern Chinese（1920-2020）,1,0
叫她把这里再扫一下,modern Chinese（1920-2020）,1,0
叫她的名字,modern Chinese（1920-2020）,1,0
叫好,modern Chinese（1920-2020）,0,1
叫我,modern Chinese（1920-2020）,7,0
叫我们走,modern Chinese（1920-2020）,1,0
叫我的名字,modern Chinese（1920-2020）,3,0
叫痛,modern Chinese（1920-2020）,1,0
叫着,modern Chinese（1920-2020）,11,1
叫着他,modern Chinese（1920-2020）,1,0
叫着好,modern Chinese（1920-2020）,1,0
叫自己,modern Chinese（1920-2020）,2,0
叫自己的名字,modern Chinese（1920-2020）,2,0
叫苦,modern Chinese（1920-2020）,1,0
叫谁,modern Chinese（1920-2020）,1,0
叫起来,modern Chinese（1920-2020）,1,0
叫道,modern Chinese（1920-2020）,3,0
叫骂,modern Chinese（1920-2020）,2,0
叫骂着,modern Chinese（1920-2020）,5,0
叫：柏青！柏青！,modern Chinese（1920-2020）,1,0
召唤,modern Chinese（1920-2020）,7,0
召唤人们到一个神秘的地方去,modern Chinese（1920-2020）,1,0
召唤他,modern Chinese（1920-2020）,2,0
召唤她,modern Chinese（1920-2020）,1,0
召唤我、驱使我去追求更纯洁、更文明、更尊重人的美好,modern Chinese（1920-2020）,1,0
召开,modern Chinese（1920-2020）,0,4
召开全县三级干部会议,modern Chinese（1920-2020）,0,1
召开华北电信会议,modern Chinese（1920-2020）,0,1
召开团代会和学代会,modern Chinese（1920-2020）,0,1
召开支委会,modern Chinese（1920-2020）,0,1
召集会议,modern Chinese（1920-2020）,0,1
叮咛自己要大方,modern Chinese（1920-2020）,1,0
叮嘱,modern Chinese（1920-2020）,1,0
叮当作响,modern Chinese（1920-2020）,1,0
可怜,modern Chinese（1920-2020）,1,0
叱呼,modern Chinese（1920-2020）,1,0
号叫,modern Chinese（1920-2020）,2,0
号召保证“军属三不难”,modern Chinese（1920-2020）,1,0
号召创造北方苏维埃,modern Chinese（1920-2020）,1,0
号召有多少销路,modern Chinese（1920-2020）,1,0
叹人心之不古,modern Chinese（1920-2020）,1,0
叹息,modern Chinese（1920-2020）,8,0
叹息世态的炎凉,modern Chinese（1920-2020）,1,0
叹息道,modern Chinese（1920-2020）,1,0
叹气,modern Chinese（1920-2020）,5,1
叹气、流泪,modern Chinese（1920-2020）,1,0
叽叽咕咕,modern Chinese（1920-2020）,1,0
叽咕着,modern Chinese（1920-2020）,1,0
叽咕着什么,modern Chinese（1920-2020）,1,0
吃,modern Chinese（1920-2020）,13,1
吃一个邻居妇女的尸体,modern Chinese（1920-2020）,1,0
吃一只野兔,modern Chinese（1920-2020）,0,1
吃不吉的果实,modern Chinese（1920-2020）,1,0
吃东西,modern Chinese（1920-2020）,0,1
吃丸药,modern Chinese（1920-2020）,1,0
吃人肉、喝人血,modern Chinese（1920-2020）,1,0
吃什么,modern Chinese（1920-2020）,1,0
吃什么好吃的东西,modern Chinese（1920-2020）,0,1
吃什么食物,modern Chinese（1920-2020）,1,0
吃他的肺,modern Chinese（1920-2020）,2,0
吃利息,modern Chinese（1920-2020）,1,0
吃午饭,modern Chinese（1920-2020）,0,3
吃南乳花生,modern Chinese（1920-2020）,0,1
吃团年饭,modern Chinese（1920-2020）,1,0
吃奶,modern Chinese（1920-2020）,3,0
吃家乡菜,modern Chinese（1920-2020）,0,1
吃年夜饭,modern Chinese（1920-2020）,2,0
吃年饭,modern Chinese（1920-2020）,1,0
吃早粥,modern Chinese（1920-2020）,0,1
吃早饭,modern Chinese（1920-2020）,1,2
吃晚饭,modern Chinese（1920-2020）,1,4
吃点心,modern Chinese（1920-2020）,1,0
吃瓜子,modern Chinese（1920-2020）,0,1
吃着,modern Chinese（1920-2020）,5,2
吃着丰盛的晚饭,modern Chinese（1920-2020）,1,0
吃着便当,modern Chinese（1920-2020）,1,0
吃着喝着,modern Chinese（1920-2020）,1,0
吃着干草,modern Chinese（1920-2020）,1,0
吃着草料,modern Chinese（1920-2020）,1,2
吃着饭,modern Chinese（1920-2020）,0,1
吃糖,modern Chinese（1920-2020）,1,0
吃自己卖出去的鱼,modern Chinese（1920-2020）,1,0
吃自己的手,modern Chinese（1920-2020）,0,1
吃苦,modern Chinese（1920-2020）,5,0
吃草,modern Chinese（1920-2020）,2,0
吃草料,modern Chinese（1920-2020）,1,0
吃药,modern Chinese（1920-2020）,4,0
吃醋,modern Chinese（1920-2020）,1,0
吃长饭,modern Chinese（1920-2020）,1,0
吃面条,modern Chinese（1920-2020）,1,0
吃饭,modern Chinese（1920-2020）,17,18
吃饭团,modern Chinese（1920-2020）,1,0
吃饭盒子,modern Chinese（1920-2020）,0,1
吃香鸡排,modern Chinese（1920-2020）,1,0
吃高粱馍馍,modern Chinese（1920-2020）,1,0
吆喊,modern Chinese（1920-2020）,1,0
吆喝,modern Chinese（1920-2020）,2,0
合作一个项目,modern Chinese（1920-2020）,0,1
合唱,modern Chinese（1920-2020）,1,1
合大家力量,modern Chinese（1920-2020）,1,0
合拢,modern Chinese（1920-2020）,1,1
合演一出蹩脚的双簧,modern Chinese（1920-2020）,0,1
合谋算计自己,modern Chinese（1920-2020）,1,0
吊打人,modern Chinese（1920-2020）,1,0
吊胃口,modern Chinese（1920-2020）,1,0
吊装启运,modern Chinese（1920-2020）,0,1
同情,modern Chinese（1920-2020）,1,0
同情他,modern Chinese（1920-2020）,1,0
同意孙达得的说法,modern Chinese（1920-2020）,1,0
后悔,modern Chinese（1920-2020）,4,0
后悔昨晚不该停下休息过久,modern Chinese（1920-2020）,0,1
后悔没有打着它,modern Chinese（1920-2020）,0,1
后退,modern Chinese（1920-2020）,5,1
吐,modern Chinese（1920-2020）,2,0
吐出火焰,modern Chinese（1920-2020）,1,0
吐放万道霞光,modern Chinese（1920-2020）,0,1
吐放白花,modern Chinese（1920-2020）,0,1
吐气,modern Chinese（1920-2020）,2,0
吐白沫,modern Chinese（1920-2020）,1,0
吐着,modern Chinese（1920-2020）,1,0
吐着它的最后的光芒,modern Chinese（1920-2020）,1,0
吐着昏黄的光芒,modern Chinese（1920-2020）,1,0
吐着黑烟,modern Chinese（1920-2020）,1,0
吐紫烟,modern Chinese（1920-2020）,1,0
吐血,modern Chinese（1920-2020）,2,0
吐血生病,modern Chinese（1920-2020）,1,0
向前,modern Chinese（1920-2020）,1,0
向城市集中并通过向城市集中而实现提升,modern Chinese（1920-2020）,1,0
向往,modern Chinese（1920-2020）,2,0
向往激烈的战斗生活,modern Chinese（1920-2020）,1,0
向往着什么,modern Chinese（1920-2020）,1,0
向生态文明迈进,modern Chinese（1920-2020）,0,1
向社会主义过渡,modern Chinese（1920-2020）,0,1
吞吃楚河汉界,modern Chinese（1920-2020）,0,1
吞啮着古老的社会习俗,modern Chinese（1920-2020）,1,0
吞噬和消化精神营养,modern Chinese（1920-2020）,0,1
吞噬日月,modern Chinese（1920-2020）,1,0
吞噬着年轻生命,modern Chinese（1920-2020）,0,1
吞没,modern Chinese（1920-2020）,0,1
吞没城市,modern Chinese（1920-2020）,1,0
吞没耕地,modern Chinese（1920-2020）,1,0
吞着眼泪,modern Chinese（1920-2020）,1,0
吞蚀着头上灰褐色淡云,modern Chinese（1920-2020）,1,0
吟叫,modern Chinese（1920-2020）,1,0
吟味那一句“老的不够煞火”,modern Chinese（1920-2020）,1,0
吟唱,modern Chinese（1920-2020）,1,0
吟唱着一首古歌谣,modern Chinese（1920-2020）,0,1
吟着这首诗,modern Chinese（1920-2020）,1,0
吟诵一首长长的古老歌遥,modern Chinese（1920-2020）,1,0
吠,modern Chinese（1920-2020）,1,0
吠叫,modern Chinese（1920-2020）,1,0
否认我对沙漠的热爱,modern Chinese（1920-2020）,1,0
吩咐,modern Chinese（1920-2020）,1,0
吩咐老文,modern Chinese（1920-2020）,1,0
含苞待放,modern Chinese（1920-2020）,0,1
含血喷天,modern Chinese（1920-2020）,0,1
听,modern Chinese（1920-2020）,26,0
听一个别人家的故事,modern Chinese（1920-2020）,1,0
听一场有关微电子的讲座,modern Chinese（1920-2020）,0,1
听一堂“弘扬长征精神、走好改革新长征”的主题课,modern Chinese（1920-2020）,0,1
听什么,modern Chinese（1920-2020）,1,0
听什么响声,modern Chinese（1920-2020）,1,0
听他们说,modern Chinese（1920-2020）,1,0
听他们说些什么,modern Chinese（1920-2020）,0,1
听他们那喝醉了的站长说疯话,modern Chinese（1920-2020）,1,0
听他底话,modern Chinese（1920-2020）,1,0
听他讲政治课,modern Chinese（1920-2020）,1,0
听他说,modern Chinese（1920-2020）,2,0
听你,modern Chinese（1920-2020）,2,0
听你讲的东西,modern Chinese（1920-2020）,1,0
听剑云对淑贞讲话,modern Chinese（1920-2020）,0,1
听取有关各方的看法,modern Chinese（1920-2020）,1,0
听取邱吉尔和美国华尔街的主人的指示去镇压工人阶级,modern Chinese（1920-2020）,0,1
听周外婆讲话,modern Chinese（1920-2020）,0,1
听和,modern Chinese（1920-2020）,1,0
听堂屋的动静,modern Chinese（1920-2020）,1,0
听她们讲话,modern Chinese（1920-2020）,1,0
听她说话,modern Chinese（1920-2020）,0,1
听对方讲话,modern Chinese（1920-2020）,1,0
听广播,modern Chinese（1920-2020）,1,0
听广播剧,modern Chinese（1920-2020）,1,0
听张小川讲话,modern Chinese（1920-2020）,0,1
听我讲,modern Chinese（1920-2020）,1,0
听我说,modern Chinese（1920-2020）,1,0
听昭华讲日间所遇到的故事,modern Chinese（1920-2020）,1,0
听演讲,modern Chinese（1920-2020）,1,0
听琴讲故事,modern Chinese（1920-2020）,1,0
听琴讲话,modern Chinese（1920-2020）,0,1
听电话,modern Chinese（1920-2020）,0,1
听着,modern Chinese（1920-2020）,6,1
听着他,modern Chinese（1920-2020）,1,0
听着他们的谈话,modern Chinese（1920-2020）,1,0
听着周围的动静,modern Chinese（1920-2020）,1,0
听着客人说话,modern Chinese（1920-2020）,1,0
听着小坡新学来的调子,modern Chinese（1920-2020）,1,0
听着我均匀的呼吸声和时而出现的鼾声,modern Chinese（1920-2020）,1,0
听着浪声,modern Chinese（1920-2020）,1,0
听老唱片,modern Chinese（1920-2020）,1,0
听蕙讲话,modern Chinese（1920-2020）,0,1
听觉新谈他离家的事,modern Chinese（1920-2020）,1,0
听讲,modern Chinese（1920-2020）,2,0
听说话,modern Chinese（1920-2020）,0,1
听音乐,modern Chinese（1920-2020）,1,0
吮吸你的肌肤、你的温度,modern Chinese（1920-2020）,1,0
吮吸她萎缩的乳房,modern Chinese（1920-2020）,0,1
吮咂它,modern Chinese（1920-2020）,1,0
启动,modern Chinese（1920-2020）,0,1
启发她们,modern Chinese（1920-2020）,1,0
启发着,modern Chinese（1920-2020）,1,0
启航,modern Chinese（1920-2020）,0,1
吵,modern Chinese（1920-2020）,5,0
吵吵嚷嚷,modern Chinese（1920-2020）,1,2
吵嘴,modern Chinese（1920-2020）,3,0
吵嚷,modern Chinese（1920-2020）,1,0
吵嚷着,modern Chinese（1920-2020）,1,0
吵架,modern Chinese（1920-2020）,6,1
吵着要向日本学习工商业管理的奥妙,modern Chinese（1920-2020）,1,0
吵闹,modern Chinese（1920-2020）,2,0
吸引着他说这个,modern Chinese（1920-2020）,2,0
吸引着你,modern Chinese（1920-2020）,1,0
吸引着舆论界的注意力,modern Chinese（1920-2020）,0,1
吸收养份、希望,modern Chinese（1920-2020）,1,0
吸水膨胀,modern Chinese（1920-2020）,1,0
吸烟,modern Chinese（1920-2020）,6,1
吸烟斗,modern Chinese（1920-2020）,1,0
吸着从粘连页上散出的潮润和墨气,modern Chinese（1920-2020）,1,0
吸着小烟袋,modern Chinese（1920-2020）,1,0
吸香烟,modern Chinese（1920-2020）,1,0
吹,modern Chinese（1920-2020）,6,0
吹一种呜呜的声音,modern Chinese（1920-2020）,1,0
吹哨,modern Chinese（1920-2020）,1,0
吹哨子,modern Chinese（1920-2020）,1,0
吹大气,modern Chinese（1920-2020）,1,0
吹打,modern Chinese（1920-2020）,0,1
吹牛,modern Chinese（1920-2020）,8,0
吹着,modern Chinese（1920-2020）,1,0
吹着学着,modern Chinese（1920-2020）,0,1
吹着笛子,modern Chinese（1920-2020）,1,0
吹笛子,modern Chinese（1920-2020）,1,0
吹箫,modern Chinese（1920-2020）,1,0
吹风,modern Chinese（1920-2020）,2,0
吻她的手,modern Chinese（1920-2020）,1,0
吻着他的脸颊,modern Chinese（1920-2020）,1,0
吻着孩子的脸颊,modern Chinese（1920-2020）,1,0
吼,modern Chinese（1920-2020）,2,0
吼叫,modern Chinese（1920-2020）,3,0
吼叫：“敌人来了！”,modern Chinese（1920-2020）,1,0
吼着,modern Chinese（1920-2020）,1,0
吼着爬坡,modern Chinese（1920-2020）,1,0
呆着,modern Chinese（1920-2020）,0,1
呈现出欣欣向荣的兴旺景象,modern Chinese（1920-2020）,0,1
告再见,modern Chinese（1920-2020）,1,0
告别,modern Chinese（1920-2020）,2,2
告别“普九”,modern Chinese（1920-2020）,0,1
告别野蛮生长的旧阶段,modern Chinese（1920-2020）,0,1
告急,modern Chinese（1920-2020）,1,0
告诉不同肤色的人们,modern Chinese（1920-2020）,0,1
告诉人们,modern Chinese（1920-2020）,4,0
告诉他,modern Chinese（1920-2020）,1,2
告诉你,modern Chinese（1920-2020）,1,0
告诉你应该如何处事做人,modern Chinese（1920-2020）,1,0
告诉她,modern Chinese（1920-2020）,1,0
告诉她隐情,modern Chinese（1920-2020）,1,0
告诉我,modern Chinese（1920-2020）,2,0
告诉我们,modern Chinese（1920-2020）,2,0
告诉我们什么是爱,modern Chinese（1920-2020）,1,0
告诉敌人,modern Chinese（1920-2020）,1,0
告诉苏联的领袖说 我们在准备最终的一战,modern Chinese（1920-2020）,1,0
告诉街市上的人民,modern Chinese（1920-2020）,1,0
告诫帝国军人,modern Chinese（1920-2020）,1,0
告辞,modern Chinese（1920-2020）,1,0
呐喊,modern Chinese（1920-2020）,2,0
呐喊助威,modern Chinese（1920-2020）,1,0
呐喊奔驰,modern Chinese（1920-2020）,1,0
呐喊着“灌呀！灌呀！”,modern Chinese（1920-2020）,0,1
呐喊着向敌人冲杀,modern Chinese（1920-2020）,0,1
呕吐,modern Chinese（1920-2020）,1,0
呜呜饮泣,modern Chinese（1920-2020）,0,1
呜咽着,modern Chinese（1920-2020）,1,0
周旋,modern Chinese（1920-2020）,1,0
呵斥,modern Chinese（1920-2020）,1,0
呵气,modern Chinese（1920-2020）,1,0
呻吟,modern Chinese（1920-2020）,9,1
呻吟、挣扎,modern Chinese（1920-2020）,1,0
呻吟着,modern Chinese（1920-2020）,1,1
呼叫“蓝色空间”号,modern Chinese（1920-2020）,1,0
呼号,modern Chinese（1920-2020）,4,0
呼吁,modern Chinese（1920-2020）,1,0
呼吁真正破除行业封锁,modern Chinese（1920-2020）,1,0
呼吁阅读,modern Chinese（1920-2020）,1,0
呼吸,modern Chinese（1920-2020）,7,0
呼吸和呻吟,modern Chinese（1920-2020）,1,0
呼吸着,modern Chinese（1920-2020）,1,1
呼吸着飞船中的空气,modern Chinese（1920-2020）,1,0
呼呼大睡,modern Chinese（1920-2020）,1,0
呼唤,modern Chinese（1920-2020）,9,1
呼唤“杨飞”,modern Chinese（1920-2020）,1,0
呼唤“秩序”,modern Chinese（1920-2020）,1,0
呼唤一个人的名字,modern Chinese（1920-2020）,1,0
呼唤一种“令行禁止”的企业作风,modern Chinese（1920-2020）,1,0
呼唤他的乳名,modern Chinese（1920-2020）,1,0
呼唤你们,modern Chinese（1920-2020）,1,0
呼唤她的名字,modern Chinese（1920-2020）,1,0
呼唤孙子,modern Chinese（1920-2020）,1,0
呼唤我,modern Chinese（1920-2020）,2,0
呼唤我的名字,modern Chinese（1920-2020）,1,0
呼唤战士们,modern Chinese（1920-2020）,0,1
呼唤着,modern Chinese（1920-2020）,2,0
呼唤着我,modern Chinese（1920-2020）,1,0
呼唤着那个心里时时装着老百姓的共产党,modern Chinese（1920-2020）,1,0
呼唤绿色建材,modern Chinese（1920-2020）,1,0
呼啸,modern Chinese（1920-2020）,8,0
呼啸着,modern Chinese（1920-2020）,1,0
呼喊,modern Chinese（1920-2020）,7,0
呼喊什么,modern Chinese（1920-2020）,1,0
呼喊她,modern Chinese（1920-2020）,1,0
呼天喊地,modern Chinese（1920-2020）,1,0
呼救,modern Chinese（1920-2020）,3,0
命令一百名骑兵站队,modern Chinese（1920-2020）,0,1
命令什么地方应该用人修补,modern Chinese（1920-2020）,1,0
咀嚼,modern Chinese（1920-2020）,1,1
咀嚼着,modern Chinese（1920-2020）,1,0
咀嚼着他的想法,modern Chinese（1920-2020）,1,0
咀嚼着那个白布帐下的头发香味,modern Chinese（1920-2020）,0,1
咀嚼米糕,modern Chinese（1920-2020）,1,0
咀嚼糖果,modern Chinese（1920-2020）,2,0
咀嚼这几句话,modern Chinese（1920-2020）,1,0
咀嚼那片蓝宝石的天空,modern Chinese（1920-2020）,1,0
咆哮,modern Chinese（1920-2020）,3,0
咆哮着,modern Chinese（1920-2020）,1,0
和稀泥,modern Chinese（1920-2020）,0,1
和谈,modern Chinese（1920-2020）,0,1
和面,modern Chinese（1920-2020）,0,1
咒骂,modern Chinese（1920-2020）,3,0
咒骂什么,modern Chinese（1920-2020）,1,0
咒骂和仇恨美国,modern Chinese（1920-2020）,1,0
咒骂着,modern Chinese（1920-2020）,2,0
咒骂那小火轮,modern Chinese（1920-2020）,1,0
咕哝着,modern Chinese（1920-2020）,1,0
咕噜,modern Chinese（1920-2020）,2,0
咕噜着,modern Chinese（1920-2020）,1,0
咨询你,modern Chinese（1920-2020）,1,0
咨询去欧洲的旅游路线,modern Chinese（1920-2020）,0,1
咬,modern Chinese（1920-2020）,1,0
咬他底脑筋,modern Chinese（1920-2020）,1,0
咬他的心,modern Chinese（1920-2020）,1,0
咬他的皮鞋,modern Chinese（1920-2020）,2,0
咬嘴唇,modern Chinese（1920-2020）,1,0
咬噬着她的肌肤,modern Chinese（1920-2020）,1,0
咬牙切齿,modern Chinese（1920-2020）,2,0
咬瓜,modern Chinese（1920-2020）,1,0
咬着,modern Chinese（1920-2020）,2,0
咬着自己的嘴唇,modern Chinese（1920-2020）,1,0
咬紧牙关,modern Chinese（1920-2020）,1,0
咬紧牙齿,modern Chinese（1920-2020）,1,0
咬耳朵谈心,modern Chinese（1920-2020）,1,0
咯吱,modern Chinese（1920-2020）,1,0
咳嗽,modern Chinese（1920-2020）,5,0
咿呀学语,modern Chinese（1920-2020）,1,0
哀哭,modern Chinese（1920-2020）,1,0
哀嘲,modern Chinese（1920-2020）,1,0
哀怜他,modern Chinese（1920-2020）,1,0
哀怜我,modern Chinese（1920-2020）,1,0
哀怜那个不幸的人,modern Chinese（1920-2020）,1,0
哀悼,modern Chinese（1920-2020）,2,0
哀悼什么,modern Chinese（1920-2020）,1,0
哀悼这人生的悲惨,modern Chinese（1920-2020）,1,0
哀惜这位少年,modern Chinese（1920-2020）,1,0
哀求,modern Chinese（1920-2020）,3,0
哀泣,modern Chinese（1920-2020）,1,0
哀鸣,modern Chinese（1920-2020）,1,0
品尝,modern Chinese（1920-2020）,1,0
品尝天堂的滋味,modern Chinese（1920-2020）,1,0
品尝水果,modern Chinese（1920-2020）,1,0
品尝自己的笑,modern Chinese（1920-2020）,1,0
品茶,modern Chinese（1920-2020）,1,0
品酒,modern Chinese（1920-2020）,1,0
品香闲聊,modern Chinese（1920-2020）,1,0
哄一个小孩儿吃奶,modern Chinese（1920-2020）,1,0
哄她,modern Chinese（1920-2020）,2,0
哄我,modern Chinese（1920-2020）,2,0
哄抢,modern Chinese（1920-2020）,1,0
哄骗着小孩子,modern Chinese（1920-2020）,1,0
哄骗自己,modern Chinese（1920-2020）,1,0
哆唆着,modern Chinese（1920-2020）,1,0
哆嗦,modern Chinese（1920-2020）,4,0
哈哈大笑,modern Chinese（1920-2020）,1,0
响,modern Chinese（1920-2020）,42,1
响去,modern Chinese（1920-2020）,1,0
响叫,modern Chinese（1920-2020）,1,0
响应提供这种服务,modern Chinese（1920-2020）,1,0
响着,modern Chinese（1920-2020）,14,0
响着哨子,modern Chinese（1920-2020）,1,0
响着奴隶们挣断铁链的巨声,modern Chinese（1920-2020）,1,0
响着枪声,modern Chinese（1920-2020）,1,0
响着那两句话,modern Chinese（1920-2020）,1,0
响起,modern Chinese（1920-2020）,1,0
响起来,modern Chinese（1920-2020）,1,0
哦咏,modern Chinese（1920-2020）,1,0
哭,modern Chinese（1920-2020）,71,2
哭些什么,modern Chinese（1920-2020）,1,0
哭什么,modern Chinese（1920-2020）,1,0
哭他自己,modern Chinese（1920-2020）,1,0
哭叫,modern Chinese（1920-2020）,2,0
哭叫着,modern Chinese（1920-2020）,1,0
哭她,modern Chinese（1920-2020）,1,0
哭我自己,modern Chinese（1920-2020）,1,0
哭死去的四妹子,modern Chinese（1920-2020）,1,0
哭泣,modern Chinese（1920-2020）,17,1
哭着,modern Chinese（1920-2020）,4,0
哭自己,modern Chinese（1920-2020）,1,0
哭诉什么,modern Chinese（1920-2020）,1,0
哺乳,modern Chinese（1920-2020）,0,1
哼唱,modern Chinese（1920-2020）,1,0
哼唱一首什么歌,modern Chinese（1920-2020）,1,0
哼着什么小调,modern Chinese（1920-2020）,1,0
哼着歌曲,modern Chinese（1920-2020）,1,0
哽咽,modern Chinese（1920-2020）,1,1
哽咽着什么,modern Chinese（1920-2020）,1,0
唉声叹气,modern Chinese（1920-2020）,1,0
唠叨,modern Chinese（1920-2020）,1,0
唠叨什么,modern Chinese（1920-2020）,1,0
唠叨着,modern Chinese（1920-2020）,1,0
唠嗑,modern Chinese（1920-2020）,0,1
唤,modern Chinese（1920-2020）,2,0
唤“三姑娘”,modern Chinese（1920-2020）,1,0
唤“汪先生，汪太太”,modern Chinese（1920-2020）,1,0
唤他,modern Chinese（1920-2020）,3,0
唤他“大哥”,modern Chinese（1920-2020）,2,0
唤他的名字,modern Chinese（1920-2020）,1,0
唤女佣或丫头,modern Chinese（1920-2020）,1,0
唤她,modern Chinese（1920-2020）,1,0
唤她们的亲人,modern Chinese（1920-2020）,2,0
唤她回来,modern Chinese（1920-2020）,0,1
唤她的名字,modern Chinese（1920-2020）,1,0
唤我,modern Chinese（1920-2020）,2,0
唤暖市场,modern Chinese（1920-2020）,1,0
唤着“小鸟儿”,modern Chinese（1920-2020）,1,0
唤着“打呀！打呀！连一点血都还没有流出来！”,modern Chinese（1920-2020）,1,0
唤着他,modern Chinese（1920-2020）,1,0
唤着她,modern Chinese（1920-2020）,1,0
唤醒亚欧大陆乃至整个太平洋沿岸,modern Chinese（1920-2020）,0,1
唤醒她去追求一种真正的生活、纯洁的爱情,modern Chinese（1920-2020）,1,0
唤醒民众对中医药文化的历史记忆,modern Chinese（1920-2020）,1,0
唤鸽子,modern Chinese（1920-2020）,1,0
唧咕,modern Chinese（1920-2020）,3,0
唧唧哝哝,modern Chinese（1920-2020）,1,0
售,modern Chinese（1920-2020）,2,0
唱,modern Chinese（1920-2020）,12,0
唱‘喜儿，喜儿，你睡着了，你不知道——你爹我欠帐——’,modern Chinese（1920-2020）,1,0
唱“小麻雀”,modern Chinese（1920-2020）,1,0
唱“百字令”,modern Chinese（1920-2020）,1,0
唱一个被抛弃的女人的忧伤,modern Chinese（1920-2020）,1,0
唱什么,modern Chinese（1920-2020）,1,0
唱他们听惯了的那种没有感情的单调的调子,modern Chinese（1920-2020）,1,0
唱古,modern Chinese（1920-2020）,2,0
唱响,modern Chinese（1920-2020）,1,0
唱小曲儿,modern Chinese（1920-2020）,1,0
唱戏,modern Chinese（1920-2020）,0,1
唱梆子腔的南天门,modern Chinese（1920-2020）,0,1
唱歌,modern Chinese（1920-2020）,7,0
唱生日歌,modern Chinese（1920-2020）,1,0
唱着,modern Chinese（1920-2020）,3,0
唱着「军民耍合作啊｜,modern Chinese（1920-2020）,1,0
唱着什么歌,modern Chinese（1920-2020）,0,1
唱着你和大齐的爱情宣誓,modern Chinese（1920-2020）,1,0
唱着南方戏,modern Chinese（1920-2020）,1,0
唱着抗战歌曲,modern Chinese（1920-2020）,0,1
唱童谣,modern Chinese（1920-2020）,1,0
唾弃,modern Chinese（1920-2020）,1,0
啃,modern Chinese（1920-2020）,2,0
啃三文治,modern Chinese（1920-2020）,0,1
啃北秃鲁江、南沸流江两座大桥,modern Chinese（1920-2020）,0,1
啃吃食物,modern Chinese（1920-2020）,1,0
啃啮他的心,modern Chinese（1920-2020）,1,0
啃土地,modern Chinese（1920-2020）,1,0
啃树皮,modern Chinese（1920-2020）,1,0
啃桑叶,modern Chinese（1920-2020）,1,0
啃桑叶的红茎,modern Chinese（1920-2020）,0,1
啃楼板,modern Chinese（1920-2020）,1,0
啃甘蔗,modern Chinese（1920-2020）,1,0
啃着,modern Chinese（1920-2020）,1,0
啃着什么东西,modern Chinese（1920-2020）,1,0
啃着半枯的荒草,modern Chinese（1920-2020）,0,1
啃着树皮,modern Chinese（1920-2020）,0,1
啃着烧鸡骨头,modern Chinese（1920-2020）,0,1
啃硬骨头,modern Chinese（1920-2020）,1,0
啃纸头,modern Chinese（1920-2020）,1,0
啃老,modern Chinese（1920-2020）,1,0
啃老玉米棒子,modern Chinese（1920-2020）,1,0
啃那嫩草,modern Chinese（1920-2020）,1,0
啄食,modern Chinese（1920-2020）,1,0
商讨一堆菜蔬价钱,modern Chinese（1920-2020）,1,0
商讨扩大北京吉普的运营,modern Chinese（1920-2020）,0,1
商议,modern Chinese（1920-2020）,1,7
商议不决,modern Chinese（1920-2020）,0,1
商议事情,modern Chinese（1920-2020）,0,1
商议军事,modern Chinese（1920-2020）,0,1
商议孩儿兵的问题,modern Chinese（1920-2020）,0,1
商议这件大事,modern Chinese（1920-2020）,1,0
商谈,modern Chinese（1920-2020）,0,1
商谈对奥和约中于两年多前即放弃对斯洛文加林西亚要求的全部罪恶,modern Chinese（1920-2020）,1,0
商谈着刘胜的伤势和治疗的方法,modern Chinese（1920-2020）,0,1
商量,modern Chinese（1920-2020）,3,3
商量事情,modern Chinese（1920-2020）,1,0
商量什么,modern Chinese（1920-2020）,1,0
商量什么秘密军机,modern Chinese（1920-2020）,1,0
商量在冰岛北部或东北部建一座全天候的空军基地,modern Chinese（1920-2020）,0,1
商量大家打伙儿去租用镇上那条”洋水车”,modern Chinese（1920-2020）,0,1
商量应该给她一个什么样的处分,modern Chinese（1920-2020）,0,1
商量建都洛阳和称王的事,modern Chinese（1920-2020）,1,0
商量捐款救济震南村的水灾难民的事情,modern Chinese（1920-2020）,0,1
商量梨云的后事,modern Chinese（1920-2020）,0,1
商量清匪,modern Chinese（1920-2020）,0,1
商量着,modern Chinese（1920-2020）,1,1
商量着怎么样拿到更多的证据,modern Chinese（1920-2020）,0,1
啜泣,modern Chinese（1920-2020）,4,0
啜着奶,modern Chinese（1920-2020）,1,0
啜闻田野幽邃的夜色空明中轻微的气息,modern Chinese（1920-2020）,1,0
啮杀,modern Chinese（1920-2020）,1,0
啼叫,modern Chinese（1920-2020）,1,0
啼哭,modern Chinese（1920-2020）,0,1
喁喁私语,modern Chinese（1920-2020）,0,1
喂兔子,modern Chinese（1920-2020）,2,0
喂养奶牛,modern Chinese（1920-2020）,0,1
喂叶,modern Chinese（1920-2020）,0,1
喂猪,modern Chinese（1920-2020）,1,0
喂磨,modern Chinese（1920-2020）,1,0
喂饭,modern Chinese（1920-2020）,0,1
喂马,modern Chinese（1920-2020）,0,2
喃喃呐呐,modern Chinese（1920-2020）,0,1
喊,modern Chinese（1920-2020）,44,0
喊“救命”,modern Chinese（1920-2020）,1,0
喊什么,modern Chinese（1920-2020）,2,0
喊什么‘中日亲善',modern Chinese（1920-2020）,1,0
喊什么‘中日亲善’,modern Chinese（1920-2020）,0,1
喊他,modern Chinese（1920-2020）,4,0
喊你,modern Chinese（1920-2020）,4,0
喊冤,modern Chinese（1920-2020）,1,0
喊口令,modern Chinese（1920-2020）,1,0
喊口号,modern Chinese（1920-2020）,4,0
喊叫,modern Chinese（1920-2020）,5,0
喊叫啥子,modern Chinese（1920-2020）,1,0
喊叫着,modern Chinese（1920-2020）,1,0
喊啦啦词,modern Chinese（1920-2020）,1,0
喊她,modern Chinese（1920-2020）,5,0
喊她下楼接客,modern Chinese（1920-2020）,1,0
喊婆婆,modern Chinese（1920-2020）,1,0
喊小白,modern Chinese（1920-2020）,1,0
喊我,modern Chinese（1920-2020）,10,0
喊着,modern Chinese（1920-2020）,15,0
喊着什么,modern Chinese（1920-2020）,1,0
喊着反对艺术是一个宣传,modern Chinese（1920-2020）,1,0
喊着大太,modern Chinese（1920-2020）,1,0
喊谁站住,modern Chinese（1920-2020）,1,0
喘,modern Chinese（1920-2020）,1,0
喘动,modern Chinese（1920-2020）,1,0
喘嘘着,modern Chinese（1920-2020）,1,0
喘息,modern Chinese（1920-2020）,5,0
喘气,modern Chinese（1920-2020）,4,1
喘着,modern Chinese（1920-2020）,2,0
喘着气,modern Chinese（1920-2020）,2,0
喜悦,modern Chinese（1920-2020）,1,0
喜收樱桃,modern Chinese（1920-2020）,1,0
喜着,modern Chinese（1920-2020）,1,0
喝,modern Chinese（1920-2020）,4,0
喝一种从没有看到过的饮料,modern Chinese（1920-2020）,1,0
喝什么,modern Chinese（1920-2020）,1,0
喝啤酒,modern Chinese（1920-2020）,1,0
喝李梅亭房里新沏的开水,modern Chinese（1920-2020）,0,1
喝白兰地,modern Chinese（1920-2020）,0,1
喝着,modern Chinese（1920-2020）,1,0
喝着汤,modern Chinese（1920-2020）,0,1
喝着热汤,modern Chinese（1920-2020）,1,0
喝着白干,modern Chinese（1920-2020）,0,1
喝着筒啤,modern Chinese（1920-2020）,0,1
喝稀饭,modern Chinese（1920-2020）,0,1
喝茶,modern Chinese（1920-2020）,3,5
喝茶聊天,modern Chinese（1920-2020）,1,0
喝酒,modern Chinese（1920-2020）,13,3
喝酒谈笑,modern Chinese（1920-2020）,0,1
喝骂,modern Chinese（1920-2020）,1,0
喝鸡汁汤,modern Chinese（1920-2020）,0,1
喧嚣,modern Chinese（1920-2020）,0,1
喷发,modern Chinese（1920-2020）,1,0
喷射毒气,modern Chinese（1920-2020）,0,1
喷射白黑色二种烟团,modern Chinese（1920-2020）,1,0
喷洒,modern Chinese（1920-2020）,1,0
喷洒热水,modern Chinese（1920-2020）,0,1
喷涌,modern Chinese（1920-2020）,1,0
喷着滚滚的白雾,modern Chinese（1920-2020）,1,0
喷着火苗,modern Chinese（1920-2020）,1,0
喷着鼻子,modern Chinese（1920-2020）,1,0
嗅着,modern Chinese（1920-2020）,0,1
嗅着地皮,modern Chinese（1920-2020）,1,0
嗅着我,modern Chinese（1920-2020）,1,0
嗅着鼻子,modern Chinese（1920-2020）,1,0
嗑瓜子,modern Chinese（1920-2020）,2,0
嗤笑,modern Chinese（1920-2020）,1,0
嘀咕,modern Chinese（1920-2020）,6,1
嘀咕不平,modern Chinese（1920-2020）,0,1
嘀咕什么,modern Chinese（1920-2020）,1,0
嘘气,modern Chinese（1920-2020）,2,0
嘟哝,modern Chinese（1920-2020）,1,0
嘟嘟着,modern Chinese（1920-2020）,1,0
嘟囔,modern Chinese（1920-2020）,3,0
嘱咐他,modern Chinese（1920-2020）,1,0
嘱咐她“一失足成千古恨”,modern Chinese（1920-2020）,1,0
嘲弄我,modern Chinese（1920-2020）,1,0
嘲弄着刘大个子,modern Chinese（1920-2020）,1,0
嘲弄自己,modern Chinese（1920-2020）,1,0
嘲笑,modern Chinese（1920-2020）,3,0
嘲笑人生忙碌的光景,modern Chinese（1920-2020）,1,0
嘲笑他,modern Chinese（1920-2020）,6,1
嘲笑他们,modern Chinese（1920-2020）,1,0
嘲笑他的失策和无能,modern Chinese（1920-2020）,0,1
嘲笑他的战斗愿望没有实现,modern Chinese（1920-2020）,1,0
嘲笑她,modern Chinese（1920-2020）,3,0
嘲笑贫下中农,modern Chinese（1920-2020）,1,0
嘲讽,modern Chinese（1920-2020）,1,0
嘲讽他,modern Chinese（1920-2020）,1,0
嘲讽别人的可笑行径,modern Chinese（1920-2020）,1,0
嘲讽它,modern Chinese（1920-2020）,1,0
嘲讽现实,modern Chinese（1920-2020）,1,0
嘶叫,modern Chinese（1920-2020）,1,0
嘶叫咆哮,modern Chinese（1920-2020）,1,0
嘶喊,modern Chinese（1920-2020）,4,0
嘻笑吵闹,modern Chinese（1920-2020）,0,1
噬咬,modern Chinese（1920-2020）,1,0
嚎叫着,modern Chinese（1920-2020）,2,0
嚷,modern Chinese（1920-2020）,2,0
嚷叫,modern Chinese（1920-2020）,1,0
嚷吵,modern Chinese（1920-2020）,1,0
嚷嚷,modern Chinese（1920-2020）,1,0
嚷嚷权力太小,modern Chinese（1920-2020）,1,0
嚷着要人去找医生,modern Chinese（1920-2020）,1,0
嚼得咯吱咯吱作响,modern Chinese（1920-2020）,0,1
嚼点心,modern Chinese（1920-2020）,1,0
嚼着干草,modern Chinese（1920-2020）,1,0
嚼着腌香椿头,modern Chinese（1920-2020）,0,1
嚼着黄的红的煎饼,modern Chinese（1920-2020）,0,1
嚼食着树旁的枯草,modern Chinese（1920-2020）,0,1
四散,modern Chinese（1920-2020）,1,0
回升,modern Chinese（1920-2020）,3,1
回去吃饭,modern Chinese（1920-2020）,0,1
回味,modern Chinese（1920-2020）,1,0
回味新婚燕尔飘然欲仙的感觉,modern Chinese（1920-2020）,1,0
回味着八姐信上的话语,modern Chinese（1920-2020）,1,0
回响,modern Chinese（1920-2020）,2,0
回响着,modern Chinese（1920-2020）,0,1
回头看我,modern Chinese（1920-2020）,1,0
回归,modern Chinese（1920-2020）,1,0
回忆,modern Chinese（1920-2020）,4,0
回忆你们如花似锦的童年,modern Chinese（1920-2020）,1,0
回忆往事,modern Chinese（1920-2020）,1,0
回忆梦境,modern Chinese（1920-2020）,1,0
回忆着甚么,modern Chinese（1920-2020）,1,0
回忆过去,modern Chinese（1920-2020）,1,0
回忆过去的生活,modern Chinese（1920-2020）,3,0
回忆那些内容,modern Chinese（1920-2020）,1,0
回忆黄因明所说的梁刚夫和秋敏的秘密事件,modern Chinese（1920-2020）,1,0
回想,modern Chinese（1920-2020）,2,0
回想刚才听到的话,modern Chinese（1920-2020）,1,0
回想着她同皇帝在信王邸中是患难夫妻,modern Chinese（1920-2020）,0,1
回想着比赛,modern Chinese（1920-2020）,1,0
回想着那难熬的岁月,modern Chinese（1920-2020）,0,1
回暖,modern Chinese（1920-2020）,1,0
回来,modern Chinese（1920-2020）,1,0
回答,modern Chinese（1920-2020）,5,0
回答他,modern Chinese（1920-2020）,1,1
回答党所提出的一个问题,modern Chinese（1920-2020）,1,0
回答别人的询问,modern Chinese（1920-2020）,1,0
回答她,modern Chinese（1920-2020）,2,1
回答她的祝愿,modern Chinese（1920-2020）,1,0
回答李宗仁的问话,modern Chinese（1920-2020）,1,0
回答琴,modern Chinese（1920-2020）,1,0
回答琴的问话,modern Chinese（1920-2020）,0,1
回翔,modern Chinese（1920-2020）,1,0
回荡,modern Chinese（1920-2020）,2,0
回落,modern Chinese（1920-2020）,1,0
回视我,modern Chinese（1920-2020）,0,1
回避一桩错误,modern Chinese（1920-2020）,1,0
回避她,modern Chinese（1920-2020）,1,0
回避定量研究,modern Chinese（1920-2020）,1,0
回避我,modern Chinese（1920-2020）,1,0
回避问题,modern Chinese（1920-2020）,1,0
回顾他的童年,modern Chinese（1920-2020）,1,0
回顾你的插队生涯,modern Chinese（1920-2020）,0,1
回顾李开复老师过去四年对谷歌一路走来，经历了很多事情,modern Chinese（1920-2020）,1,0
团结他们的队伍,modern Chinese（1920-2020）,0,1
团结和联合一切善良和有道德观念的人们,modern Chinese（1920-2020）,1,0
团结带领中国人民开拓创新,modern Chinese（1920-2020）,0,1
团结自己的队伍,modern Chinese（1920-2020）,2,0
囤积,modern Chinese（1920-2020）,1,0
困惑着,modern Chinese（1920-2020）,1,0
困惑着林道静,modern Chinese（1920-2020）,1,0
困扰,modern Chinese（1920-2020）,2,0
困扰国家图书馆,modern Chinese（1920-2020）,1,0
困扰着他们的思想,modern Chinese（1920-2020）,1,0
围攻,modern Chinese（1920-2020）,0,2
围攻李友,modern Chinese（1920-2020）,0,2
围攻李友将爷,modern Chinese（1920-2020）,1,0
围攻武汉,modern Chinese（1920-2020）,0,1
围攻郝摇旗,modern Chinese（1920-2020）,0,1
围攻颍州,modern Chinese（1920-2020）,0,1
围着她,modern Chinese（1920-2020）,1,0
围着连长,modern Chinese（1920-2020）,1,0
围观,modern Chinese（1920-2020）,1,1
圆脚打苞,modern Chinese（1920-2020）,1,0
圈地皮、抓国外老板、搞国外技术赶快上马,modern Chinese（1920-2020）,1,0
圈点报纸,modern Chinese（1920-2020）,1,0
土改,modern Chinese（1920-2020）,0,1
在尽一切必要的努力,modern Chinese（1920-2020）,1,0
在检修农机,modern Chinese（1920-2020）,1,0
在经历增长缓慢且前景不明的困境,modern Chinese（1920-2020）,0,1
在说着一个大力量在增长,modern Chinese（1920-2020）,1,0
地震,modern Chinese（1920-2020）,0,1
坌涌到梅女士心头,modern Chinese（1920-2020）,0,1
坍缩,modern Chinese（1920-2020）,1,0
坏咱们的声誉,modern Chinese（1920-2020）,1,0
坐实频频被指“违宪”的新安保法,modern Chinese（1920-2020）,1,0
坐山观虎斗,modern Chinese（1920-2020）,1,0
坐月子,modern Chinese（1920-2020）,0,1
坐桃,modern Chinese（1920-2020）,0,1
坐着,modern Chinese（1920-2020）,1,0
坑农民,modern Chinese（1920-2020）,1,0
坑美国,modern Chinese（1920-2020）,1,0
坚定自己,modern Chinese（1920-2020）,1,0
坚强战斗,modern Chinese（1920-2020）,1,0
坚持,modern Chinese（1920-2020）,1,0
坚持工作,modern Chinese（1920-2020）,1,0
坚持我的原则,modern Chinese（1920-2020）,1,0
坚持斗争,modern Chinese（1920-2020）,2,0
坚持着,modern Chinese（1920-2020）,1,0
坚持长跑,modern Chinese（1920-2020）,1,0
坚持马克思列宁主义的革命原则,modern Chinese（1920-2020）,1,0
坠落,modern Chinese（1920-2020）,1,0
坠落下去,modern Chinese（1920-2020）,0,1
垂泪,modern Chinese（1920-2020）,0,1
垦荒整地,modern Chinese（1920-2020）,1,0
埋东西,modern Chinese（1920-2020）,1,2
埋伏着,modern Chinese（1920-2020）,1,0
埋伤兵,modern Chinese（1920-2020）,1,0
埋头干活,modern Chinese（1920-2020）,1,0
埋怨,modern Chinese（1920-2020）,2,1
埋怨你,modern Chinese（1920-2020）,1,0
埋怨儿子,modern Chinese（1920-2020）,0,1
埋怨合作化,modern Chinese（1920-2020）,1,0
埋怨天气,modern Chinese（1920-2020）,1,0
埋怨我,modern Chinese（1920-2020）,1,0
埋怨社干部,modern Chinese（1920-2020）,1,0
埋葬自己,modern Chinese（1920-2020）,0,1
埋藏物资,modern Chinese（1920-2020）,1,0
埋锅做饭,modern Chinese（1920-2020）,0,1
埋锅造饭和烤火取暖,modern Chinese（1920-2020）,0,1
培养他,modern Chinese（1920-2020）,0,1
培养他自己的魔性,modern Chinese（1920-2020）,0,1
培养刚勇的气质,modern Chinese（1920-2020）,0,1
培养和训练近两千名技术工人,modern Chinese（1920-2020）,0,1
培养幸福的花果,modern Chinese（1920-2020）,1,0
培养我,modern Chinese（1920-2020）,1,1
培养数以千计的年青干部,modern Chinese（1920-2020）,0,1
培养滋长,modern Chinese（1920-2020）,1,0
培养精神贵族,modern Chinese（1920-2020）,1,0
培植特务打小报告,modern Chinese（1920-2020）,1,0
培植着关于造形艺术的形式主义、自然主义与颓废观点 ,modern Chinese（1920-2020）,1,0
培育大批苗木,modern Chinese（1920-2020）,0,1
培育新品种,modern Chinese（1920-2020）,0,1
培育树苗,modern Chinese（1920-2020）,0,1
培训银行和外贸方面的干部,modern Chinese（1920-2020）,0,1
堆着雪堆,modern Chinese（1920-2020）,1,0
堵塞着农业学大寨的道路,modern Chinese（1920-2020）,1,0
堵着胸膛,modern Chinese（1920-2020）,1,0
塌,modern Chinese（1920-2020）,1,0
塌方,modern Chinese（1920-2020）,1,0
塑制着伊拉克的沙盘图,modern Chinese（1920-2020）,0,1
塑造时代形象,modern Chinese（1920-2020）,0,1
塑造未来的样貌,modern Chinese（1920-2020）,0,1
塞进一个猫脸的人的嘴里去,modern Chinese（1920-2020）,0,1
填写入党申请表格,modern Chinese（1920-2020）,0,1
填写手术单,modern Chinese（1920-2020）,0,1
填塞到船身各部分缝罅中去,modern Chinese（1920-2020）,0,1
填塞材料,modern Chinese（1920-2020）,0,1
填对一张表格,modern Chinese（1920-2020）,0,1
填海,modern Chinese（1920-2020）,1,0
"增
加",modern Chinese（1920-2020）,0,1
增兵,modern Chinese（1920-2020）,3,3
增加,modern Chinese（1920-2020）,42,6
增加军备,modern Chinese（1920-2020）,1,0
增加大家的风险,modern Chinese（1920-2020）,1,0
增加收入节省开支,modern Chinese（1920-2020）,1,0
增加新的混乱,modern Chinese（1920-2020）,1,0
增加着,modern Chinese（1920-2020）,1,0
增加着一圈一圈的年轮的青松,modern Chinese（1920-2020）,1,0
增加着速度,modern Chinese（1920-2020）,1,0
增加防御能力,modern Chinese（1920-2020）,0,1
增多,modern Chinese（1920-2020）,8,2
增大,modern Chinese（1920-2020）,2,2
增强,modern Chinese（1920-2020）,15,1
增强它在波罗的海和北海的军事力量,modern Chinese（1920-2020）,0,1
增强武力,modern Chinese（1920-2020）,0,1
增援它们驻在地中海东部的武装部队,modern Chinese（1920-2020）,1,0
增涨,modern Chinese（1920-2020）,0,2
增着,modern Chinese（1920-2020）,1,0
增调,modern Chinese（1920-2020）,0,1
增进,modern Chinese（1920-2020）,3,2
增进着他们的智慧,modern Chinese（1920-2020）,1,0
增速,modern Chinese（1920-2020）,1,0
增长,modern Chinese（1920-2020）,32,7
增长和加强,modern Chinese（1920-2020）,0,1
增长和巩固,modern Chinese（1920-2020）,0,1
增长着,modern Chinese（1920-2020）,2,1
增长着一种违背我们运动的原则和理想的倾向,modern Chinese（1920-2020）,0,1
增长着不可抗拒的力量,modern Chinese（1920-2020）,1,0
增长还是放缓,modern Chinese（1920-2020）,1,0
增高,modern Chinese（1920-2020）,4,0
增高着,modern Chinese（1920-2020）,1,0
壮大,modern Chinese（1920-2020）,2,1
处理,modern Chinese（1920-2020）,1,0
处理一辆危化品车辆疲劳驾驶工单,modern Chinese（1920-2020）,0,1
处理危机,modern Chinese（1920-2020）,1,0
处理国家大事,modern Chinese（1920-2020）,1,0
处理妓女问题,modern Chinese（1920-2020）,0,1
处理有关肃奸事宜,modern Chinese（1920-2020）,0,1
处理王治郅的事情,modern Chinese（1920-2020）,1,0
处理进NBA的一些细节问题,modern Chinese（1920-2020）,1,0
备办婚事,modern Chinese（1920-2020）,1,0
备勤值班,modern Chinese（1920-2020）,0,1
备战奥运,modern Chinese（1920-2020）,0,1
备课,modern Chinese（1920-2020）,1,0
备课、上课,modern Chinese（1920-2020）,0,1
备货,modern Chinese（1920-2020）,1,0
备马,modern Chinese（1920-2020）,1,0
复习考研究生,modern Chinese（1920-2020）,0,1
复制,modern Chinese（1920-2020）,1,0
复员,modern Chinese（1920-2020）,0,1
复杂化,modern Chinese（1920-2020）,1,0
复查,modern Chinese（1920-2020）,2,0
复活,modern Chinese（1920-2020）,2,0
复苏,modern Chinese（1920-2020）,2,0
多样化,modern Chinese（1920-2020）,0,1
夜战,modern Chinese（1920-2020）,1,0
夜谈,modern Chinese（1920-2020）,1,0
大倒其霉,modern Chinese（1920-2020）,0,1
大兴土木,modern Chinese（1920-2020）,2,0
大办乡镇加工企业,modern Chinese（1920-2020）,0,1
大办交涉,modern Chinese（1920-2020）,0,1
大吃,modern Chinese（1920-2020）,0,1
大吃大喝,modern Chinese（1920-2020）,2,1
大吐大泻,modern Chinese（1920-2020）,0,1
大喊,modern Chinese（1920-2020）,2,0
大嚼,modern Chinese（1920-2020）,0,1
大崩溃,modern Chinese（1920-2020）,1,0
大忙而特忙,modern Chinese（1920-2020）,1,0
大怒,modern Chinese（1920-2020）,0,1
大悔,modern Chinese（1920-2020）,1,0
大战,modern Chinese（1920-2020）,1,0
大打揭批查,modern Chinese（1920-2020）,0,1
大抓蓄水保水,modern Chinese（1920-2020）,0,1
大振兴而特振兴,modern Chinese（1920-2020）,0,1
大搞扩军,modern Chinese（1920-2020）,1,0
大显身手,modern Chinese（1920-2020）,0,1
大步赶上,modern Chinese（1920-2020）,0,1
大破土铁质量,modern Chinese（1920-2020）,0,1
大笑,modern Chinese（1920-2020）,3,0
大笑起来,modern Chinese（1920-2020）,1,0
大说大讲,modern Chinese（1920-2020）,1,0
大谈其“习明纳尔”,modern Chinese（1920-2020）,1,0
大谈恋爱问题,modern Chinese（1920-2020）,0,1
大谈燕西的婚事,modern Chinese（1920-2020）,0,1
大谈石涛的画和类似的题目,modern Chinese（1920-2020）,1,0
大跃进,modern Chinese（1920-2020）,3,0
大闹别扭,modern Chinese（1920-2020）,0,1
大骂,modern Chinese（1920-2020）,1,0
央求,modern Chinese（1920-2020）,1,0
央求妻子,modern Chinese（1920-2020）,1,0
央求觉民不要再说这一类的话,modern Chinese（1920-2020）,1,0
失去,modern Chinese（1920-2020）,1,0
失去生命力与活力,modern Chinese（1920-2020）,0,1
失去自信,modern Chinese（1920-2020）,1,0
失去自己的斗志,modern Chinese（1920-2020）,0,1
失掉外界的同情,modern Chinese（1920-2020）,0,1
失败,modern Chinese（1920-2020）,2,0
头疼,modern Chinese（1920-2020）,1,0
夸他的算盘精明,modern Chinese（1920-2020）,1,0
夸你,modern Chinese（1920-2020）,1,0
夸你炒的菜好吃,modern Chinese（1920-2020）,1,0
夸口,modern Chinese（1920-2020）,1,0
夸奖他,modern Chinese（1920-2020）,1,0
夸奖你,modern Chinese（1920-2020）,1,0
夸奖我,modern Chinese（1920-2020）,1,0
夸耀如何与命运搏斗,modern Chinese（1920-2020）,1,0
夸耀自己的优越感,modern Chinese（1920-2020）,1,0
夸陈家,modern Chinese（1920-2020）,1,0
夺取对红海的控制权,modern Chinese（1920-2020）,0,1
夺孩子,modern Chinese（1920-2020）,0,1
奇怪,modern Chinese（1920-2020）,1,6
奉命侦缉一个散发天安门广场革命诗抄的现行反革命罪犯,modern Chinese（1920-2020）,0,1
奉献,modern Chinese（1920-2020）,1,0
奉行越来越不依靠外援的政策,modern Chinese（1920-2020）,0,1
奋力登攀,modern Chinese（1920-2020）,1,0
奋力直追,modern Chinese（1920-2020）,1,0
奋勇苦斗,modern Chinese（1920-2020）,0,1
奋发图强，争取在今后的斗争中取得更大的进步,modern Chinese（1920-2020）,0,1
奋发大干,modern Chinese（1920-2020）,0,1
奋发有为,modern Chinese（1920-2020）,0,1
奋战,modern Chinese（1920-2020）,1,2
奋战最后七十米,modern Chinese（1920-2020）,0,1
奋战着,modern Chinese（1920-2020）,1,0
奋斗,modern Chinese（1920-2020）,4,9
奋斗什么,modern Chinese（1920-2020）,1,0
奋斗着,modern Chinese（1920-2020）,2,1
奏着乐,modern Chinese（1920-2020）,1,0
奏着近代文明的进行曲,modern Chinese（1920-2020）,1,0
奏美国的国歌,modern Chinese（1920-2020）,0,1
奔去,modern Chinese（1920-2020）,0,1
奔向太阳,modern Chinese（1920-2020）,0,1
奔忙,modern Chinese（1920-2020）,2,0
奔来,modern Chinese（1920-2020）,0,2
奔波,modern Chinese（1920-2020）,3,0
奔流,modern Chinese（1920-2020）,3,1
奔涌,modern Chinese（1920-2020）,2,0
奔涌着鲜血,modern Chinese（1920-2020）,0,1
奔突,modern Chinese（1920-2020）,2,0
奔腾,modern Chinese（1920-2020）,3,0
奔走,modern Chinese（1920-2020）,3,0
奔走呼号,modern Chinese（1920-2020）,0,1
奔走着,modern Chinese（1920-2020）,1,0
奔赴延安,modern Chinese（1920-2020）,1,0
奔跑,modern Chinese（1920-2020）,8,0
奔跑着,modern Chinese（1920-2020）,4,0
奔跑，呼叫,modern Chinese（1920-2020）,1,0
奔驰,modern Chinese（1920-2020）,5,0
奔驰在兴安岭边,modern Chinese（1920-2020）,0,1
套用诗的旧体在说话,modern Chinese（1920-2020）,1,0
奠定向社会主义发展的经济基础的工业国有化的垮台,modern Chinese（1920-2020）,0,1
奴使她的主人,modern Chinese（1920-2020）,1,0
奸淫,modern Chinese（1920-2020）,1,0
好奇他为什么会到那个村子里去,modern Chinese（1920-2020）,1,0
好睡,modern Chinese（1920-2020）,0,1
好转,modern Chinese（1920-2020）,5,2
如何督剿川黔的残余匪类,modern Chinese（1920-2020）,1,0
妄想扩大军火生产的敌人以最沉重的打击,modern Chinese（1920-2020）,1,0
始把近年来具体掌控的“和记黄埔”集团的担子，逐步交给他认为信赖的后继者们,modern Chinese（1920-2020）,1,0
委屈,modern Chinese（1920-2020）,1,0
威吓,modern Chinese（1920-2020）,1,0
威慑纪元,modern Chinese（1920-2020）,1,0
威胁,modern Chinese（1920-2020）,1,0
威胁人民和平的生活 文化与福利,modern Chinese（1920-2020）,1,0
威胁他们的国家和民族的命运,modern Chinese（1920-2020）,1,0
威胁和平,modern Chinese（1920-2020）,1,0
威胁她,modern Chinese（1920-2020）,1,0
威胁我,modern Chinese（1920-2020）,1,0
威胁泰国,modern Chinese（1920-2020）,1,0
威胁着世界和平,modern Chinese（1920-2020）,1,0
威胁着我上大学的机会和未来的前途,modern Chinese（1920-2020）,0,1
威胁着要把我们的运动拖进大国和集团的角逐和它们的势力范围之中,modern Chinese（1920-2020）,0,1
威胁着越来越多的国家和地区,modern Chinese（1920-2020）,0,1
威胁着阿兰布鲁政府,modern Chinese（1920-2020）,0,1
娱乐,modern Chinese（1920-2020）,0,1
婉拒,modern Chinese（1920-2020）,0,1
婉蜒而下,modern Chinese（1920-2020）,0,1
嫉妒他的走红,modern Chinese（1920-2020）,1,0
嫉妒青青,modern Chinese（1920-2020）,4,0
嫩烧,modern Chinese（1920-2020）,1,0
嬉戏,modern Chinese（1920-2020）,0,1
嬉笑,modern Chinese（1920-2020）,0,1
嬉闹,modern Chinese（1920-2020）,1,0
孕穗,modern Chinese（1920-2020）,0,1
孕育,modern Chinese（1920-2020）,1,0
孕育亿万富翁,modern Chinese（1920-2020）,1,0
孕育发展,modern Chinese（1920-2020）,0,1
孕育她,modern Chinese（1920-2020）,1,0
孕育战争,modern Chinese（1920-2020）,1,0
孕育着新的繁荣期,modern Chinese（1920-2020）,0,1
孝敬后母,modern Chinese（1920-2020）,1,0
学,modern Chinese（1920-2020）,1,0
学中国话,modern Chinese（1920-2020）,1,0
学习,modern Chinese（1920-2020）,8,4
学习上网,modern Chinese（1920-2020）,0,1
学习专业技术,modern Chinese（1920-2020）,1,0
学习书法,modern Chinese（1920-2020）,1,0
学习他们的经验,modern Chinese（1920-2020）,0,1
学习光学、美术和面部解剖等知识,modern Chinese（1920-2020）,1,0
学习刑法中有关重婚罪的条目,modern Chinese（1920-2020）,0,1
学习各国人民的长处和有益经验,modern Chinese（1920-2020）,1,0
学习和贯彻十四届五中全会精神,modern Chinese（1920-2020）,0,1
"学习团体的工作和
组织的方法",modern Chinese（1920-2020）,1,0
学习官木生,modern Chinese（1920-2020）,1,0
学习怎样在NBA打球,modern Chinese（1920-2020）,1,0
学习技术,modern Chinese（1920-2020）,1,0
学习毛主席的著作,modern Chinese（1920-2020）,1,0
学习民间音乐,modern Chinese（1920-2020）,1,0
学习汉语,modern Chinese（1920-2020）,0,1
学习汉语国际教育专业,modern Chinese（1920-2020）,0,1
学习焦裕禄同志的事迹,modern Chinese（1920-2020）,1,0
学习皮肤构造和脚病种类等知识,modern Chinese（1920-2020）,0,1
学习苗族鸟笼制作,modern Chinese（1920-2020）,1,0
学习裁缝,modern Chinese（1920-2020）,0,1
学习贯彻习近平新时代中国特色社会主义思想,modern Chinese（1920-2020）,0,1
学习走路,modern Chinese（1920-2020）,1,0
学习这个,modern Chinese（1920-2020）,0,1
学习驾驶技术,modern Chinese（1920-2020）,0,1
学交际舞,modern Chinese（1920-2020）,0,1
学什么,modern Chinese（1920-2020）,1,0
学医,modern Chinese（1920-2020）,1,0
学外文,modern Chinese（1920-2020）,1,0
学怎么用中文说“对不起”,modern Chinese（1920-2020）,1,0
学我,modern Chinese（1920-2020）,1,0
学昆曲,modern Chinese（1920-2020）,0,1
学样瞎帮忙,modern Chinese（1920-2020）,1,0
学武术,modern Chinese（1920-2020）,0,1
学直透事物本质的能力,modern Chinese（1920-2020）,1,0
学着大人舞姿,modern Chinese（1920-2020）,0,1
学着攀缘、上房,modern Chinese（1920-2020）,1,0
学织毛衣,modern Chinese（1920-2020）,1,0
孵化,modern Chinese（1920-2020）,0,1
守候他,modern Chinese（1920-2020）,1,0
守卫着,modern Chinese（1920-2020）,1,0
守夜,modern Chinese（1920-2020）,1,0
守寨,modern Chinese（1920-2020）,1,0
守着,modern Chinese（1920-2020）,1,0
守着由她经营盖起的朱家楼,modern Chinese（1920-2020）,1,0
安定,modern Chinese（1920-2020）,1,0
安度冬荒,modern Chinese（1920-2020）,0,1
安慰,modern Chinese（1920-2020）,2,0
安慰一个因为没有放起自己制作的风筝而哭哭啼啼的小弟弟,modern Chinese（1920-2020）,1,0
安慰丁仪,modern Chinese（1920-2020）,1,0
安慰他,modern Chinese（1920-2020）,1,0
安慰她,modern Chinese（1920-2020）,1,0
安慰她的良心,modern Chinese（1920-2020）,1,0
安慰我,modern Chinese（1920-2020）,2,0
安慰淑英,modern Chinese（1920-2020）,1,0
安慰自己,modern Chinese（1920-2020）,1,0
安抚平定,modern Chinese（1920-2020）,0,1
安排“全球战略”新步骤,modern Chinese（1920-2020）,1,0
安排巧计动你的手,modern Chinese（1920-2020）,0,1
安排抢救工作,modern Chinese（1920-2020）,0,1
安排猪肉的供应,modern Chinese（1920-2020）,1,0
安排着各种有关政治、经济、文化、教育的秩序和制度,modern Chinese（1920-2020）,0,1
安排研究和创作的良好环境,modern Chinese（1920-2020）,0,1
安排那安置这"幸福的家庭"的地方,modern Chinese（1920-2020）,0,1
安排重印作业,modern Chinese（1920-2020）,0,1
安眠,modern Chinese（1920-2020）,0,1
安睡,modern Chinese（1920-2020）,2,0
安装,modern Chinese（1920-2020）,1,2
安装和调试,modern Chinese（1920-2020）,0,1
安装国产亚洲最大的石英钟,modern Chinese（1920-2020）,0,1
安装墙壁、门板,modern Chinese（1920-2020）,0,1
安装机器设备,modern Chinese（1920-2020）,0,1
完全殖民地化,modern Chinese（1920-2020）,0,1
完善,modern Chinese（1920-2020）,2,2
完善其制度,modern Chinese（1920-2020）,0,1
完善双层经营体制,modern Chinese（1920-2020）,0,1
完善教育援疆工作,modern Chinese（1920-2020）,1,0
完善风险控制系统,modern Chinese（1920-2020）,1,0
完成一种自我挑战,modern Chinese（1920-2020）,1,0
完成她们解放斗争的各国妇女们的初步成就,modern Chinese（1920-2020）,0,1
完成量的积累,modern Chinese（1920-2020）,0,1
定义时尚,modern Chinese（1920-2020）,1,0
定义生产链条,modern Chinese（1920-2020）,0,1
实习,modern Chinese（1920-2020）,1,0
实习理发,modern Chinese（1920-2020）,0,1
实施,modern Chinese（1920-2020）,0,4
实施“中国制造”战略,modern Chinese（1920-2020）,0,1
实施“冬季残奥项目振兴计划”,modern Chinese（1920-2020）,0,1
实施“十三五”发展规划,modern Chinese（1920-2020）,0,1
实施“四个一百”工程,modern Chinese（1920-2020）,0,1
实施一项办公室电脑化和网络化的计划,modern Chinese（1920-2020）,0,1
实施农村人居环境整治三年行动计划,modern Chinese（1920-2020）,0,1
实施报复,modern Chinese（1920-2020）,1,0
实施整治,modern Chinese（1920-2020）,0,1
实施新一轮西湖环境综合保护工程,modern Chinese（1920-2020）,0,1
实施某种战略,modern Chinese（1920-2020）,1,0
实施肯尼亚青年就业机遇计划,modern Chinese（1920-2020）,0,1
实现,modern Chinese（1920-2020）,3,6
实现中国人民从站起来到富起来、强起来的伟大飞跃,modern Chinese（1920-2020）,0,1
实现保共第十三次代表大会所制订的战略方针,modern Chinese（1920-2020）,0,1
实现全面机械化和自动化,modern Chinese（1920-2020）,0,1
实现工作重点的转,modern Chinese（1920-2020）,0,1
实现自动售货,modern Chinese（1920-2020）,1,0
实现自己的诺言,modern Chinese（1920-2020）,1,0
实行,modern Chinese（1920-2020）,3,1
实行倾销,modern Chinese（1920-2020）,1,0
实行管制,modern Chinese（1920-2020）,2,0
实践着,modern Chinese（1920-2020）,1,1
实验,modern Chinese（1920-2020）,0,1
审,modern Chinese（1920-2020）,1,0
审批,modern Chinese（1920-2020）,0,1
审查,modern Chinese（1920-2020）,0,1
审查他,modern Chinese（1920-2020）,1,0
审核关于巴西著名建筑公司奥德布雷希特行贿的检举材料,modern Chinese（1920-2020）,1,0
审理,modern Chinese（1920-2020）,0,2
审理一桩受到全国关注的案件,modern Chinese（1920-2020）,0,1
审视他,modern Chinese（1920-2020）,1,0
审视着对方的胆量,modern Chinese（1920-2020）,1,0
审议,modern Chinese（1920-2020）,0,2
审问,modern Chinese（1920-2020）,1,1
审问一个人,modern Chinese（1920-2020）,0,1
审问两个人,modern Chinese（1920-2020）,0,1
审问杨子荣捉来的小炉匠,modern Chinese（1920-2020）,1,0
审问郝摇旗,modern Chinese（1920-2020）,1,0
客气,modern Chinese（1920-2020）,1,0
宣传,modern Chinese（1920-2020）,0,1
宣传什么,modern Chinese（1920-2020）,1,0
宣传党的政策,modern Chinese（1920-2020）,0,1
宣告,modern Chinese（1920-2020）,1,0
宣告一个阶级、一个社会底死刑,modern Chinese（1920-2020）,1,0
宣告自己的信念,modern Chinese（1920-2020）,1,0
宣布,modern Chinese（1920-2020）,0,1
宣布伊朗是个中立区,modern Chinese（1920-2020）,1,0
宣布戒严,modern Chinese（1920-2020）,1,0
宣扬特奥理念,modern Chinese（1920-2020）,1,0
宣誓,modern Chinese（1920-2020）,1,0
宣读《告子弟兵书》,modern Chinese（1920-2020）,1,0
害他们,modern Chinese（1920-2020）,1,0
害你,modern Chinese（1920-2020）,1,0
害喜,modern Chinese（1920-2020）,1,0
害孩子,modern Chinese（1920-2020）,1,0
害怕,modern Chinese（1920-2020）,3,0
害怕皇上动怒,modern Chinese（1920-2020）,0,1
害我,modern Chinese（1920-2020）,2,0
害淋症,modern Chinese（1920-2020）,0,1
害病,modern Chinese（1920-2020）,1,2
害羞,modern Chinese（1920-2020）,1,0
害黄热病,modern Chinese（1920-2020）,1,0
宴客,modern Chinese（1920-2020）,1,0
容忍,modern Chinese（1920-2020）,1,0
密埋东西,modern Chinese（1920-2020）,1,0
察看一个有趣的东西,modern Chinese（1920-2020）,1,0
察看这一带险峻地势,modern Chinese（1920-2020）,0,1
对刺,modern Chinese（1920-2020）,1,0
对唱,modern Chinese（1920-2020）,1,0
对啊什么,modern Chinese（1920-2020）,1,0
对射着,modern Chinese（1920-2020）,1,0
对标,modern Chinese（1920-2020）,1,0
对流空驶,modern Chinese（1920-2020）,1,0
对着鬼子,modern Chinese（1920-2020）,1,0
对话,modern Chinese（1920-2020）,7,0
对谈着,modern Chinese（1920-2020）,1,0
对阵,modern Chinese（1920-2020）,1,0
对骂,modern Chinese（1920-2020）,1,0
寻参,modern Chinese（1920-2020）,1,0
寻回久已失去了的思想,modern Chinese（1920-2020）,0,1
寻她而来,modern Chinese（1920-2020）,0,1
寻思,modern Chinese（1920-2020）,1,2
寻思什么,modern Chinese（1920-2020）,1,0
寻思什么一般,modern Chinese（1920-2020）,0,1
寻思对策,modern Chinese（1920-2020）,0,1
寻思把她嫁了好换几个酒钱,modern Chinese（1920-2020）,1,0
寻思着,modern Chinese（1920-2020）,2,1
寻找,modern Chinese（1920-2020）,5,0
寻找“智慧型中年专家”做深度栏目的主持人,modern Chinese（1920-2020）,1,0
寻找“非分工”的途径,modern Chinese（1920-2020）,1,0
寻找一个人,modern Chinese（1920-2020）,1,0
寻找一个途径,modern Chinese（1920-2020）,1,0
寻找一件世界上最宝贵的东,modern Chinese（1920-2020）,1,0
寻找一件什么东西,modern Chinese（1920-2020）,1,0
寻找一种陌生感,modern Chinese（1920-2020）,1,0
寻找中国文化和西方文化的交叉点,modern Chinese（1920-2020）,1,0
寻找习惯围绕在他身边的那颗「行星」,modern Chinese（1920-2020）,1,0
寻找什么,modern Chinese（1920-2020）,5,1
寻找什么东西,modern Chinese（1920-2020）,1,0
寻找他的抗议的反应,modern Chinese（1920-2020）,1,0
寻找公鸡、袋鼠和小兔,modern Chinese（1920-2020）,1,0
寻找出路,modern Chinese（1920-2020）,1,0
寻找反抗的出路,modern Chinese（1920-2020）,1,1
寻找她,modern Chinese（1920-2020）,0,1
寻找官兵主将,modern Chinese（1920-2020）,0,1
寻找尸首,modern Chinese（1920-2020）,0,1
寻找思想,modern Chinese（1920-2020）,0,1
寻找我的下落,modern Chinese（1920-2020）,1,0
寻找我的父亲,modern Chinese（1920-2020）,1,0
寻找新的投资,modern Chinese（1920-2020）,0,1
寻找最好的发型,modern Chinese（1920-2020）,1,0
寻找机会,modern Chinese（1920-2020）,2,0
寻找机会试图“回潮”,modern Chinese（1920-2020）,1,0
寻找狗官,modern Chinese（1920-2020）,0,1
寻找白小姐,modern Chinese（1920-2020）,0,1
寻找真正可靠的商业模式,modern Chinese（1920-2020）,1,0
寻找着,modern Chinese（1920-2020）,1,0
"寻找着云层稀薄的
地方",modern Chinese（1920-2020）,1,0
寻找着我,modern Chinese（1920-2020）,1,0
寻找职业规划机构做员工职业规划设计,modern Chinese（1920-2020）,1,0
寻找自己,modern Chinese（1920-2020）,1,0
寻找解放和进步道路,modern Chinese（1920-2020）,0,1
寻找记忆里熟悉的面容,modern Chinese（1920-2020）,1,0
寻找诗,modern Chinese（1920-2020）,1,0
寻找话题,modern Chinese（1920-2020）,1,0
寻找这种感觉,modern Chinese（1920-2020）,1,0
寻找这类方法,modern Chinese（1920-2020）,1,0
寻找那颗已逝去的星辰,modern Chinese（1920-2020）,1,0
寻查什么有用的东西,modern Chinese（1920-2020）,1,0
寻求,modern Chinese（1920-2020）,2,0
"寻求
牠",modern Chinese（1920-2020）,0,1
寻求“民族自救”的道路,modern Chinese（1920-2020）,1,0
寻求一项分两步走的决议,modern Chinese（1920-2020）,0,1
寻求与人民愿望相符合、与经济发展相适应、与民族优秀文化传统相结合的社会进步的路子,modern Chinese（1920-2020）,1,0
寻求国外客户,modern Chinese（1920-2020）,1,0
寻求妥协办法,modern Chinese（1920-2020）,0,1
寻求新的发展机遇,modern Chinese（1920-2020）,1,0
寻求理论上的依据和实践中的成绩,modern Chinese（1920-2020）,1,0
寻求解决,modern Chinese（1920-2020）,1,0
寻求这样的方法,modern Chinese（1920-2020）,0,1
寻求进一步扩大合作,modern Chinese（1920-2020）,0,1
寻索星名,modern Chinese（1920-2020）,0,1
寻觅什么,modern Chinese（1920-2020）,1,0
寻觅美,modern Chinese（1920-2020）,1,0
寻问遇见她的经过,modern Chinese（1920-2020）,0,1
封锁公路,modern Chinese（1920-2020）,0,1
封锁咱们边区,modern Chinese（1920-2020）,1,0
射击,modern Chinese（1920-2020）,2,2
将养,modern Chinese（1920-2020）,1,0
将她置于意大利统治之下,modern Chinese（1920-2020）,1,0
将我一片一片在撕碎,modern Chinese（1920-2020）,0,1
将王府的地亩账册、霸买的田契、奴仆卖身文约等等，烧成一堆大火,modern Chinese（1920-2020）,0,1
将现实生活运转的复杂性减少到一系列狭义而抽象的原则,modern Chinese（1920-2020）,0,1
将离东寨墙一百五十步以内的大小树木全砍光,modern Chinese（1920-2020）,0,1
将财富转移到香港与美帝国主义正在加紧进行控制的华南 ,modern Chinese（1920-2020）,0,1
将那条男人的长裤改成女人的长裙,modern Chinese（1920-2020）,0,1
尊敬他,modern Chinese（1920-2020）,1,0
小便,modern Chinese（1920-2020）,0,1
小声道,modern Chinese（1920-2020）,0,1
小跑,modern Chinese（1920-2020）,1,0
尖叫,modern Chinese（1920-2020）,3,1
尖叫着,modern Chinese（1920-2020）,1,0
尝尝,modern Chinese（1920-2020）,1,0
尝试,modern Chinese（1920-2020）,1,0
尝试一种以学术机构为主导、多方力量参与、纯公益性质的可持续运营模式,modern Chinese（1920-2020）,1,0
尝试从混合智能的途径推动人工智能的进步,modern Chinese（1920-2020）,0,1
尝试和探索,modern Chinese（1920-2020）,1,0
尝试往材料中加入一些其他物质,modern Chinese（1920-2020）,1,0
尝试推进农业信息技术的发展,modern Chinese（1920-2020）,1,0
尝试着从不同的角度对这部书进行诠释,modern Chinese（1920-2020）,1,0
尝试通过卫星、无人机、感应器等工具更准确地搜集环境及作物生长数据,modern Chinese（1920-2020）,0,1
尝试通过增加编制的方法解决,modern Chinese（1920-2020）,1,0
尽一切努力争取从苏联获得宝贵和有效的重大援助,modern Chinese（1920-2020）,0,1
尽孝,modern Chinese（1920-2020）,1,0
尽巨大的努力来缓和国际紧张局势,modern Chinese（1920-2020）,0,1
尽心竭力,modern Chinese（1920-2020）,1,0
尽最大努力带领当地群众抗灾救灾,modern Chinese（1920-2020）,1,0
尽着自己的职责,modern Chinese（1920-2020）,1,0
尽自己国际主义的责任,modern Chinese（1920-2020）,1,0
尽量压迫我们,modern Chinese（1920-2020）,1,0
屈着腰,modern Chinese（1920-2020）,1,0
屏息旁听,modern Chinese（1920-2020）,1,0
展开,modern Chinese（1920-2020）,0,14
展开不屈不挠的斗争,modern Chinese（1920-2020）,0,1
展开免费培训活动,modern Chinese（1920-2020）,1,0
展开全面节约工作,modern Chinese（1920-2020）,0,1
展开剧烈斗争,modern Chinese（1920-2020）,1,0
展开募捐运动,modern Chinese（1920-2020）,0,1
展开大规模的销售,modern Chinese（1920-2020）,0,1
展开广泛的讨论来总结经验,modern Chinese（1920-2020）,0,1
展开成二维平面的质子,modern Chinese（1920-2020）,0,1
展开抗震救灾工作,modern Chinese（1920-2020）,0,1
展开攻势机动灵活消灭敌人,modern Chinese（1920-2020）,0,1
展开斗争,modern Chinese（1920-2020）,0,1
展开机动作战,modern Chinese（1920-2020）,1,0
展开活动,modern Chinese（1920-2020）,0,1
展开调查,modern Chinese（1920-2020）,0,2
展示她的剪纸作品,modern Chinese（1920-2020）,1,0
展示给人们,modern Chinese（1920-2020）,1,0
展示老山战士的精神风貌,modern Chinese（1920-2020）,1,0
展览,modern Chinese（1920-2020）,0,1
屠杀着中国人,modern Chinese（1920-2020）,1,0
履行着他入党的誓言,modern Chinese（1920-2020）,0,1
履行职责,modern Chinese（1920-2020）,2,0
崛起,modern Chinese（1920-2020）,10,11
崩,modern Chinese（1920-2020）,1,0
崩坏,modern Chinese（1920-2020）,0,1
崩溃,modern Chinese（1920-2020）,0,3
崩石头,modern Chinese（1920-2020）,1,0
巡哨游动,modern Chinese（1920-2020）,1,0
巡查油井,modern Chinese（1920-2020）,1,0
巡视,modern Chinese（1920-2020）,1,0
巡视兵营,modern Chinese（1920-2020）,0,1
巡视男监,modern Chinese（1920-2020）,0,1
巡逻,modern Chinese（1920-2020）,4,1
巡逻放哨,modern Chinese（1920-2020）,1,0
工作,modern Chinese（1920-2020）,19,11
工作着,modern Chinese（1920-2020）,2,1
左右为难,modern Chinese（1920-2020）,0,1
左右他们国家的方向,modern Chinese（1920-2020）,0,1
左拐右拐,modern Chinese（1920-2020）,1,0
巩固,modern Chinese（1920-2020）,2,1
巩固、增加它在世界上的重要性,modern Chinese（1920-2020）,0,1
巩固他的政治力量,modern Chinese（1920-2020）,0,1
巩固后方的实力,modern Chinese（1920-2020）,0,2
巩固封建集团,modern Chinese（1920-2020）,1,0
布局,modern Chinese（1920-2020）,0,1
布局和推出公共充电、城市共享、旅游共享等业务,modern Chinese（1920-2020）,0,1
布置,modern Chinese（1920-2020）,0,2
布置着州内有关工业、农业、林业、水利、文教、卫生等展览品,modern Chinese（1920-2020）,0,1
布置着野猪油灯,modern Chinese（1920-2020）,0,1
布置这一年中的生产计划,modern Chinese（1920-2020）,1,0
希望人类,modern Chinese（1920-2020）,1,0
希望人类将要从新发明中取得幸福,modern Chinese（1920-2020）,1,0
希望我做长篇呢,modern Chinese（1920-2020）,1,0
希望着他的爱情和怜悯,modern Chinese（1920-2020）,1,0
希望这个陌生的女孩子，能够参加到他们的行列里面,modern Chinese（1920-2020）,1,0
带回,modern Chinese（1920-2020）,0,1
带来重大问题,modern Chinese（1920-2020）,0,1
带电话,modern Chinese（1920-2020）,1,0
带领着拉丁美洲前进,modern Chinese（1920-2020）,0,1
席卷全国,modern Chinese（1920-2020）,0,1
席卷着中州大地,modern Chinese（1920-2020）,0,1
席卷着无名谷,modern Chinese（1920-2020）,1,0
帮人圆梦,modern Chinese（1920-2020）,1,0
帮倒忙,modern Chinese（1920-2020）,1,0
帮别人忙来忙去,modern Chinese（1920-2020）,1,0
帮助、指点自己,modern Chinese（1920-2020）,1,0
帮助一个公社修理农机,modern Chinese（1920-2020）,1,0
帮助一个同志改正骄傲自满的毛病,modern Chinese（1920-2020）,1,0
帮助一些工厂、机关、学校办好集体食堂,modern Chinese（1920-2020）,1,0
帮助他,modern Chinese（1920-2020）,2,0
帮助以色列对西奈地区发动攻势,modern Chinese（1920-2020）,1,0
帮助你们,modern Chinese（1920-2020）,1,0
帮助兴建,modern Chinese（1920-2020）,0,1
帮助在台湾中部建筑一座新飞机场,modern Chinese（1920-2020）,0,1
帮助大家搞清楚事实真相,modern Chinese（1920-2020）,1,0
帮助她,modern Chinese（1920-2020）,1,0
帮助帝国主义者,modern Chinese（1920-2020）,1,0
帮助我们,modern Chinese（1920-2020）,1,0
帮助我们父子两个,modern Chinese（1920-2020）,1,0
帮助控制政治上的反对分子,modern Chinese（1920-2020）,1,0
帮助文艺工作者认识自己对国家和人民的责任,modern Chinese（1920-2020）,1,0
帮助病人走出低谷,modern Chinese（1920-2020）,1,0
帮助着他,modern Chinese（1920-2020）,1,0
帮助该校开设高度国际化的课程,modern Chinese（1920-2020）,1,0
帮助这些最反动的、最富有侵略性的帝国主义力量发动战争,modern Chinese（1920-2020）,1,0
帮她隐瞒,modern Chinese（1920-2020）,1,0
帮忙,modern Chinese（1920-2020）,5,0
帮我们,modern Chinese（1920-2020）,1,0
帮用户,modern Chinese（1920-2020）,1,0
帮着他太太张罗,modern Chinese（1920-2020）,0,1
帮谁干活,modern Chinese（1920-2020）,1,0
干,modern Chinese（1920-2020）,1,1
干一九八年的活,modern Chinese（1920-2020）,1,0
干事,modern Chinese（1920-2020）,1,0
干些什么,modern Chinese（1920-2020）,2,0
干些什么事情,modern Chinese（1920-2020）,1,0
干什么,modern Chinese（1920-2020）,45,1
干什么不可告人的勾当,modern Chinese（1920-2020）,1,0
干什么把戏,modern Chinese（1920-2020）,1,0
干吗,modern Chinese（1920-2020）,8,1
干啥,modern Chinese（1920-2020）,5,0
干喜事,modern Chinese（1920-2020）,1,0
干嘛,modern Chinese（1920-2020）,3,0
干正事,modern Chinese（1920-2020）,1,0
干没脸的事,modern Chinese（1920-2020）,1,0
干活,modern Chinese（1920-2020）,2,3
干涉南越、朝鲜和老挝,modern Chinese（1920-2020）,0,1
干涉老挝内政,modern Chinese（1920-2020）,1,0
干涸,modern Chinese（1920-2020）,2,1
干现代化,modern Chinese（1920-2020）,1,0
干着,modern Chinese（1920-2020）,1,0
干着一件冒险的事情,modern Chinese（1920-2020）,1,0
干着愚蠢的事情,modern Chinese（1920-2020）,0,1
干着自己给自己安排的事业,modern Chinese（1920-2020）,1,0
干自己的事情,modern Chinese（1920-2020）,1,0
干这个,modern Chinese（1920-2020）,3,0
干这个生活,modern Chinese（1920-2020）,1,0
干这号买卖,modern Chinese（1920-2020）,1,0
干这行,modern Chinese（1920-2020）,1,0
平复,modern Chinese（1920-2020）,0,1
平息,modern Chinese（1920-2020）,1,0
平整场地,modern Chinese（1920-2020）,0,1
并吞一些更小的厂家,modern Chinese（1920-2020）,1,0
幻想从战争中去寻找逃出危机的道路,modern Chinese（1920-2020）,0,1
幻想着可能有的一线希望,modern Chinese（1920-2020）,1,0
幻想着自己,modern Chinese（1920-2020）,1,0
幻想着重庆,modern Chinese（1920-2020）,1,0
广开货源，调运商品特别是传统商品和各种民族特需商品,modern Chinese（1920-2020）,0,1
广播一个女明星头部的影象,modern Chinese（1920-2020）,0,1
庆幸,modern Chinese（1920-2020）,2,0
庆幸杜大心底一颗子弹,modern Chinese（1920-2020）,0,1
庆幸着自己的好运气,modern Chinese（1920-2020）,0,1
庆祝,modern Chinese（1920-2020）,2,0
庆祝“五一”国际劳动节,modern Chinese（1920-2020）,1,0
庆祝胜利,modern Chinese（1920-2020）,0,1
庆贺他们占领了民主柬埔寨主要的公路和城镇,modern Chinese（1920-2020）,1,0
庆贺炸裂成了新的超级大都市,modern Chinese（1920-2020）,1,0
应付,modern Chinese（1920-2020）,0,1
应和,modern Chinese（1920-2020）,1,0
应用,modern Chinese（1920-2020）,1,0
应用到生产领域中去,modern Chinese（1920-2020）,0,1
应酬着生意,modern Chinese（1920-2020）,1,0
度着一个忧心忡忡的长夜,modern Chinese（1920-2020）,0,1
度蜜月,modern Chinese（1920-2020）,1,0
康复,modern Chinese（1920-2020）,0,1
延伸,modern Chinese（1920-2020）,8,2
延伸着,modern Chinese（1920-2020）,2,0
延续,modern Chinese（1920-2020）,4,0
建,modern Chinese（1920-2020）,59,0
建几个,modern Chinese（1920-2020）,0,1
建几层大楼,modern Chinese（1920-2020）,1,0
建成上海的“药谷”和“生物谷”,modern Chinese（1920-2020）,0,1
建成新牧区,modern Chinese（1920-2020）,0,1
建着,modern Chinese（1920-2020）,0,1
建立,modern Chinese（1920-2020）,2,5
建立、充实,modern Chinese（1920-2020）,0,1
建立一个法西斯的中国,modern Chinese（1920-2020）,0,1
建立一支庞大的军队,modern Chinese（1920-2020）,0,1
建立和完善,modern Chinese（1920-2020）,0,1
建立基地,modern Chinese（1920-2020）,1,0
建立巨型同步稳相加速器,modern Chinese（1920-2020）,1,0
建立新型战略关系,modern Chinese（1920-2020）,0,1
建立新的反对修正主义的党和小组,modern Chinese（1920-2020）,1,0
建立罕见病大数据库,modern Chinese（1920-2020）,0,1
建立联系,modern Chinese（1920-2020）,0,1
建立自己的生物识别系统,modern Chinese（1920-2020）,1,0
建立起来,modern Chinese（1920-2020）,1,0
建立配合美国侵略的战争体制,modern Chinese（1920-2020）,0,1
建立金融投资系统,modern Chinese（1920-2020）,1,0
建筑,modern Chinese（1920-2020）,0,4
建筑机车库、车站、发电站和水站等,modern Chinese（1920-2020）,0,1
建筑火柴厂、糖厂、肥皂厂和榨油厂,modern Chinese（1920-2020）,0,1
建筑着,modern Chinese（1920-2020）,0,1
建筑着漂亮的宿舍,modern Chinese（1920-2020）,0,1
建筑线路,modern Chinese（1920-2020）,1,0
建设,modern Chinese（1920-2020）,0,14
建设“绿色宝库”,modern Chinese（1920-2020）,1,0
建设一个富强的社会主义的中国,modern Chinese（1920-2020）,0,1
建设一个繁荣、文明、和谐、宜居的现代化城市,modern Chinese（1920-2020）,0,1
建设世界上第一个千伏直流输电工程,modern Chinese（1920-2020）,0,1
建设全国最大的科学研究机构之一,modern Chinese（1920-2020）,0,1
建设十几层的新大厦,modern Chinese（1920-2020）,0,1
建设国家数控机床工程研究中心,modern Chinese（1920-2020）,0,2
建设新治病区,modern Chinese（1920-2020）,0,1
建设新生活,modern Chinese（1920-2020）,0,1
建设新的科学考察破冰船,modern Chinese（1920-2020）,0,1
建设智慧城市,modern Chinese（1920-2020）,0,1
建设有中国特色社会主义的国家,modern Chinese（1920-2020）,0,1
建设核电站,modern Chinese（1920-2020）,0,1
建设热带季风区云降水观测试验基地,modern Chinese（1920-2020）,0,1
建设着许多新的以先进技术装备起来的大企业,modern Chinese（1920-2020）,0,2
建设社会主义,modern Chinese（1920-2020）,1,2
建设社会主义市场经济,modern Chinese（1920-2020）,0,1
建设科创中心核心承载区和综合性国家科学中心,modern Chinese（1920-2020）,0,1
建设肚会主义,modern Chinese（1920-2020）,1,0
建设起来,modern Chinese（1920-2020）,0,1
建设露天滑冰场和四季旱雪滑雪场,modern Chinese（1920-2020）,0,1
建造,modern Chinese（1920-2020）,0,3
建造一幢语言的房子,modern Chinese（1920-2020）,1,0
建造秦人村落观光旅游景地碎,modern Chinese（1920-2020）,1,0
建造第一艘核航空母舰,modern Chinese（1920-2020）,0,1
开,modern Chinese（1920-2020）,0,1
开一个恶狠狠的玩笑,modern Chinese（1920-2020）,1,0
开一箱新到的货,modern Chinese（1920-2020）,0,1
开什么玩笑,modern Chinese（1920-2020）,1,0
开会,modern Chinese（1920-2020）,12,7
开会研究支前,modern Chinese（1920-2020）,1,0
开会讨论,modern Chinese（1920-2020）,0,1
开信箱,modern Chinese（1920-2020）,1,0
开全国代表大会,modern Chinese（1920-2020）,1,0
开关着院门,modern Chinese（1920-2020）,1,0
开刀,modern Chinese（1920-2020）,0,1
开创国产名牌,modern Chinese（1920-2020）,0,1
开办停学待业高中学生补习学校,modern Chinese（1920-2020）,0,1
开动,modern Chinese（1920-2020）,2,0
开动铁门,modern Chinese（1920-2020）,1,0
开发,modern Chinese（1920-2020）,0,1
开发信息化办公平台,modern Chinese（1920-2020）,0,1
开发修复,modern Chinese（1920-2020）,0,1
开发建设牙龙湾旅游度假区,modern Chinese（1920-2020）,0,1
开发抗体生物药,modern Chinese（1920-2020）,0,1
开发闲置土地,modern Chinese（1920-2020）,0,1
开启,modern Chinese（1920-2020）,0,1
开启一个完全全新的篇章,modern Chinese（1920-2020）,0,1
开启一段未知的相遇,modern Chinese（1920-2020）,1,0
开启新的合作篇章,modern Chinese（1920-2020）,0,1
开垦荒地,modern Chinese（1920-2020）,2,0
开大会,modern Chinese（1920-2020）,0,1
开大门,modern Chinese（1920-2020）,0,1
开始,modern Chinese（1920-2020）,5,6
开始一个新的时代,modern Chinese（1920-2020）,0,1
开始不安,modern Chinese（1920-2020）,1,0
开始作业,modern Chinese（1920-2020）,1,0
开始出现,modern Chinese（1920-2020）,0,1
开始动手大作,modern Chinese（1920-2020）,1,0
开始变动,modern Chinese（1920-2020）,1,0
开始实行,modern Chinese（1920-2020）,0,1
开始崩溃,modern Chinese（1920-2020）,1,0
开始建立起来,modern Chinese（1920-2020）,1,0
开始排斥我,modern Chinese（1920-2020）,1,0
开始撤退,modern Chinese（1920-2020）,1,0
开始改变保守技术的观念,modern Chinese（1920-2020）,0,1
开始新的长征,modern Chinese（1920-2020）,0,1
开始新鲜的事业,modern Chinese（1920-2020）,0,1
开始深入,modern Chinese（1920-2020）,0,1
开始融化,modern Chinese（1920-2020）,1,0
开始衰退 ,modern Chinese（1920-2020）,1,0
开始进行农业合作化,modern Chinese（1920-2020）,0,1
开家庭会,modern Chinese（1920-2020）,1,0
开导她,modern Chinese（1920-2020）,1,0
开屏,modern Chinese（1920-2020）,0,1
开展,modern Chinese（1920-2020）,1,18
开展“堵管理漏洞、增经济效益”宣传计划,modern Chinese（1920-2020）,0,1
开展“崇尚英雄，精忠报国”主题班会,modern Chinese（1920-2020）,0,1
开展“铁腕治霾行动”,modern Chinese（1920-2020）,0,1
开展一场交通运输革命,modern Chinese（1920-2020）,0,1
开展一场革命,modern Chinese（1920-2020）,1,0
开展以抗旱春播和麦田管理为中心的春季生产活动,modern Chinese（1920-2020）,0,1
开展劳动竞赛,modern Chinese（1920-2020）,0,1
开展和实施“堵管理漏洞增经济效益”宣传计划,modern Chinese（1920-2020）,0,1
开展在宇航中的磁屏蔽、磁保护等项目的研究,modern Chinese（1920-2020）,1,0
开展夏田深耕密植运动,modern Chinese（1920-2020）,0,1
开展多样性的生产,modern Chinese（1920-2020）,0,1
开展奥运总动员,modern Chinese（1920-2020）,0,1
开展学大寨的群众运动,modern Chinese（1920-2020）,0,1
开展宣传,modern Chinese（1920-2020）,1,0
开展工农业余教育运动,modern Chinese（1920-2020）,0,1
开展气象信息员、协理员管理系统研究,modern Chinese（1920-2020）,0,1
开展着,modern Chinese（1920-2020）,2,0
开展社会主义竞赛,modern Chinese（1920-2020）,0,1
开展科学方法论这门学科的研究,modern Chinese（1920-2020）,0,1
开展第四次治螟歼灭战,modern Chinese（1920-2020）,0,1
开展美丽乡村建设的许多村庄正清违建,modern Chinese（1920-2020）,0,1
开展职工生产竞赛,modern Chinese（1920-2020）,0,1
开展肃反运动,modern Chinese（1920-2020）,0,1
开展规划设计,modern Chinese（1920-2020）,1,0
开展跨部门、跨行业、多层次、多学科的科技攻关,modern Chinese（1920-2020）,0,1
开展这项工作,modern Chinese（1920-2020）,0,1
开展防汛排涝工作,modern Chinese（1920-2020）,0,1
开展高空作业,modern Chinese（1920-2020）,1,0
开山,modern Chinese（1920-2020）,1,0
开总结会,modern Chinese（1920-2020）,1,0
开我的玩笑,modern Chinese（1920-2020）,1,0
开拓着前进的路,modern Chinese（1920-2020）,1,0
开挖一颗暗弹,modern Chinese（1920-2020）,0,1
开放,modern Chinese（1920-2020）,4,2
开放着新的絇之花,modern Chinese（1920-2020）,0,1
开晚饭,modern Chinese（1920-2020）,0,1
开汽车,modern Chinese（1920-2020）,1,0
开沟施肥准备播种,modern Chinese（1920-2020）,0,1
开浚河道,modern Chinese（1920-2020）,1,0
开火,modern Chinese（1920-2020）,2,1
开炮,modern Chinese（1920-2020）,0,1
开玩笑,modern Chinese（1920-2020）,35,0
开玩笑说,modern Chinese（1920-2020）,1,0
开班后会,modern Chinese（1920-2020）,0,1
开着,modern Chinese（1920-2020）,2,1
开着“宝”,modern Chinese（1920-2020）,0,1
开着娱乐会,modern Chinese（1920-2020）,0,1
开着春暖训练动员会,modern Chinese（1920-2020）,1,0
开着花,modern Chinese（1920-2020）,1,0
开花,modern Chinese（1920-2020）,3,1
开茶罐的盖子,modern Chinese（1920-2020）,1,0
开荒,modern Chinese（1920-2020）,1,0
开药方,modern Chinese（1920-2020）,1,0
开行,modern Chinese（1920-2020）,1,0
开讨论会,modern Chinese（1920-2020）,0,1
开话匣子,modern Chinese（1920-2020）,1,0
开赴前线,modern Chinese（1920-2020）,1,0
开车,modern Chinese（1920-2020）,3,0
开辟,modern Chinese（1920-2020）,3,0
开辟新的就业空间,modern Chinese（1920-2020）,1,0
开辟着「变」的路,modern Chinese（1920-2020）,1,0
开辟道路,modern Chinese（1920-2020）,1,0
开辩论会,modern Chinese（1920-2020）,1,0
开过来,modern Chinese（1920-2020）,1,0
开进市区,modern Chinese（1920-2020）,0,1
开通云闪付受理,modern Chinese（1920-2020）,1,0
开采,modern Chinese（1920-2020）,0,2
开采马牙石,modern Chinese（1920-2020）,0,1
开锅,modern Chinese（1920-2020）,2,0
开门,modern Chinese（1920-2020）,2,0
开阔视线,modern Chinese（1920-2020）,0,1
开革命,modern Chinese（1920-2020）,2,0
开饭,modern Chinese（1920-2020）,1,1
开黑名单,modern Chinese（1920-2020）,0,1
异想天开,modern Chinese（1920-2020）,1,0
弄,modern Chinese（1920-2020）,1,0
弄什么玄虚,modern Chinese（1920-2020）,1,0
弄什么艺术的制作,modern Chinese（1920-2020）,1,0
弄坏自己的眼睛,modern Chinese（1920-2020）,1,0
弄女人,modern Chinese（1920-2020）,1,0
弄照相机谈话,modern Chinese（1920-2020）,1,0
弄甚么把戏,modern Chinese（1920-2020）,1,0
弄着纱布棉花,modern Chinese（1920-2020）,1,0
弄药,modern Chinese（1920-2020）,1,0
弄菜,modern Chinese（1920-2020）,1,0
弄衣角,modern Chinese（1920-2020）,1,0
弄门闩,modern Chinese（1920-2020）,1,0
引人去过真正的生活,modern Chinese（1920-2020）,1,0
引人注意,modern Chinese（1920-2020）,1,0
引发更多的讨论,modern Chinese（1920-2020）,1,0
引导人家,modern Chinese（1920-2020）,1,0
引导着我们的车子奔向天明,modern Chinese（1920-2020）,1,0
引导着我们认识世界,modern Chinese（1920-2020）,1,0
引我回到老家,modern Chinese（1920-2020）,1,0
引水试灌,modern Chinese（1920-2020）,1,0
引用,modern Chinese（1920-2020）,1,0
引诱她,modern Chinese（1920-2020）,1,0
引起人们的广泛关注,modern Chinese（1920-2020）,0,1
引起卢旺达有关部门和研究者们的重视,modern Chinese（1920-2020）,0,1
引起国际舆论的关注,modern Chinese（1920-2020）,0,1
引进,modern Chinese（1920-2020）,0,1
引进中国影视剧,modern Chinese（1920-2020）,0,1
弘扬,modern Chinese（1920-2020）,1,1
张开,modern Chinese（1920-2020）,1,0
张扬着革命英雄主义的精神,modern Chinese（1920-2020）,1,0
张望,modern Chinese（1920-2020）,3,4
张望着,modern Chinese（1920-2020）,1,0
张牙舞爪,modern Chinese（1920-2020）,1,0
张着什么,modern Chinese（1920-2020）,1,0
张罗,modern Chinese（1920-2020）,1,0
张罗举行个小婚礼,modern Chinese（1920-2020）,0,1
张罗着下船,modern Chinese（1920-2020）,1,0
张罗着帮他们发展项目脱贫,modern Chinese（1920-2020）,1,0
张罗过年的陈设,modern Chinese（1920-2020）,0,1
弥合发展中国家的需求与现有国际金融机构之间的资源差距,modern Chinese（1920-2020）,0,1
弥漫,modern Chinese（1920-2020）,1,1
弥补这种不足,modern Chinese（1920-2020）,0,1
弯垂身子贴近我,modern Chinese（1920-2020）,0,1
"弹
精竭虑",modern Chinese（1920-2020）,0,1
弹奏着一只战斗进行曲,modern Chinese（1920-2020）,1,0
弹着我当时极度衰弱的精神,modern Chinese（1920-2020）,1,0
强为欢笑,modern Chinese（1920-2020）,1,0
强制兴建“文明村镇”,modern Chinese（1920-2020）,0,1
强化,modern Chinese（1920-2020）,2,0
强奸民女,modern Chinese（1920-2020）,0,1
强调,modern Chinese（1920-2020）,2,0
强调什么,modern Chinese（1920-2020）,1,0
强调依法治国,modern Chinese（1920-2020）,1,0
强迫我们去做,modern Chinese（1920-2020）,0,1
强迫约旦加入侵略性的巴格达条约,modern Chinese（1920-2020）,1,0
归拢着螺丝、道钉、巴锯子,modern Chinese（1920-2020）,0,1
当“招待”,modern Chinese（1920-2020）,1,0
当值,modern Chinese（1920-2020）,1,0
当官,modern Chinese（1920-2020）,1,0
当家作主,modern Chinese（1920-2020）,1,0
当家做主,modern Chinese（1920-2020）,1,0
当少爷,modern Chinese（1920-2020）,1,0
当帮手,modern Chinese（1920-2020）,1,0
当教员,modern Chinese（1920-2020）,0,1
当着主任,modern Chinese（1920-2020）,1,0
当部长,modern Chinese（1920-2020）,1,0
形容着这风大得无以抵抗,modern Chinese（1920-2020）,1,0
形成,modern Chinese（1920-2020）,2,23
形成一支洪流,modern Chinese（1920-2020）,0,1
形成中国航企真正的全球覆盖,modern Chinese（1920-2020）,0,1
形成之民主政治奠一最令人满意之基础,modern Chinese（1920-2020）,0,1
形成之民主政治奠一最足令人满意之基础,modern Chinese（1920-2020）,0,1
形成了特区电子工业发展的优势,modern Chinese（1920-2020）,0,1
形成加快农村经济社会发展的长效机制,modern Chinese（1920-2020）,0,1
形成崇尚高雅艺术的风气,modern Chinese（1920-2020）,0,1
形成所谓的寒蝉效应,modern Chinese（1920-2020）,0,1
形成高潮,modern Chinese（1920-2020）,0,1
彩排青春版的《牡丹亭》,modern Chinese（1920-2020）,0,1
彰显一种乖张又另类的风格,modern Chinese（1920-2020）,1,0
影响着一系列国家同它的关系,modern Chinese（1920-2020）,0,1
影响着几千万人,modern Chinese（1920-2020）,1,0
影响着我,modern Chinese（1920-2020）,1,0
影响着日本的农业,modern Chinese（1920-2020）,0,1
影响着春节返乡,modern Chinese（1920-2020）,1,0
影响着气候,modern Chinese（1920-2020）,1,0
影响着观众的思想,modern Chinese（1920-2020）,1,0
影射他,modern Chinese（1920-2020）,1,0
往来,modern Chinese（1920-2020）,1,0
征催粮草,modern Chinese（1920-2020）,0,1
征兵,modern Chinese（1920-2020）,1,0
征服中国,modern Chinese（1920-2020）,1,0
征服越来越多的国际用户,modern Chinese（1920-2020）,0,1
征求会员,modern Chinese（1920-2020）,0,1
征求学术界的意见,modern Chinese（1920-2020）,0,1
征求意见,modern Chinese（1920-2020）,2,0
征求有关部门和各地区的意见,modern Chinese（1920-2020）,0,1
征诗,modern Chinese（1920-2020）,0,1
征集更多的提问,modern Chinese（1920-2020）,1,0
征集立法建议,modern Chinese（1920-2020）,1,0
待命,modern Chinese（1920-2020）,1,0
待命出发,modern Chinese（1920-2020）,1,0
得以实现,modern Chinese（1920-2020）,0,1
得到巩固和发展,modern Chinese（1920-2020）,0,1
得到恢复,modern Chinese（1920-2020）,0,1
得到报偿,modern Chinese（1920-2020）,0,1
得到改变,modern Chinese（1920-2020）,0,1
得到改善,modern Chinese（1920-2020）,0,1
得到有效防范,modern Chinese（1920-2020）,0,1
得到落实,modern Chinese（1920-2020）,0,1
得势,modern Chinese（1920-2020）,0,1
得意,modern Chinese（1920-2020）,0,2
得手,modern Chinese（1920-2020）,0,1
徘徊,modern Chinese（1920-2020）,2,0
微笑,modern Chinese（1920-2020）,16,0
微笑着,modern Chinese（1920-2020）,2,0
心事重重,modern Chinese（1920-2020）,0,1
心惊肉跳,modern Chinese（1920-2020）,1,0
心慌意乱,modern Chinese（1920-2020）,0,1
心烦,modern Chinese（1920-2020）,0,1
心疼她死去的孩子,modern Chinese（1920-2020）,1,0
心痛,modern Chinese（1920-2020）,1,0
忆念年轻时的女友,modern Chinese（1920-2020）,1,0
忍受一种锋利的刺痛,modern Chinese（1920-2020）,1,0
忍受极大的痛楚,modern Chinese（1920-2020）,1,0
忍受残酷的刑罚,modern Chinese（1920-2020）,1,0
忍受着,modern Chinese（1920-2020）,1,0
忍受着同样的煎熬,modern Chinese（1920-2020）,1,0
忍受着多大的痛苦,modern Chinese（1920-2020）,1,0
忍受着头上铁高帽和胸前铁板带来的痛苦,modern Chinese（1920-2020）,1,0
忍受着极大的痛苦,modern Chinese（1920-2020）,1,0
忍受着疼痛,modern Chinese（1920-2020）,1,0
忍受着粮食的缺乏,modern Chinese（1920-2020）,1,0
忍受落在脸上身上的视线,modern Chinese（1920-2020）,1,0
忍受身体内部突然袭来的不适,modern Chinese（1920-2020）,1,0
忍受那感情的鞭打,modern Chinese（1920-2020）,1,0
忍着,modern Chinese（1920-2020）,1,0
忍着心里的气愤,modern Chinese（1920-2020）,1,0
忏悔,modern Chinese（1920-2020）,2,0
忐忑着,modern Chinese（1920-2020）,2,0
忖度,modern Chinese（1920-2020）,1,0
忖量,modern Chinese（1920-2020）,1,0
忖量着应该先说些什么话,modern Chinese（1920-2020）,1,0
忘却他,modern Chinese（1920-2020）,1,0
忙,modern Chinese（1920-2020）,8,2
忙中无计,modern Chinese（1920-2020）,0,1
忙乱,modern Chinese（1920-2020）,1,0
忙乱着,modern Chinese（1920-2020）,0,1
忙于告别,modern Chinese（1920-2020）,1,0
忙于竞选连任第三任总统,modern Chinese（1920-2020）,1,0
忙些什么,modern Chinese（1920-2020）,2,0
忙什么,modern Chinese（1920-2020）,5,0
忙另外一件更“重要”的事,modern Chinese（1920-2020）,1,0
忙各人,modern Chinese（1920-2020）,1,0
忙工作,modern Chinese（1920-2020）,1,0
忙活,modern Chinese（1920-2020）,0,1
忙活另一件事,modern Chinese（1920-2020）,0,1
忙活啥,modern Chinese（1920-2020）,1,0
忙生产,modern Chinese（1920-2020）,1,0
忙着,modern Chinese（1920-2020）,7,5
忙着为县改市后把成千上万的农民户口转为市民户口的事,modern Chinese（1920-2020）,1,0
忙着为游客盛饭,modern Chinese（1920-2020）,0,1
忙着什么更要紧的事情,modern Chinese（1920-2020）,1,1
忙着他的新电影《老港正传》,modern Chinese（1920-2020）,0,1
忙着做饭,modern Chinese（1920-2020）,1,0
忙着别的一些感念,modern Chinese（1920-2020）,0,1
忙着同有关单位“扯皮”,modern Chinese（1920-2020）,1,0
忙着在厂房里进行划线定位工作,modern Chinese（1920-2020）,1,0
忙着安顿一个温暖的窠,modern Chinese（1920-2020）,1,0
忙着对即将寄送的货物清点打包,modern Chinese（1920-2020）,1,0
忙着开会打电话,modern Chinese（1920-2020）,1,0
忙着扩建制茶厂房,modern Chinese（1920-2020）,0,1
忙着找饭吃,modern Chinese（1920-2020）,1,0
忙着收拾,modern Chinese（1920-2020）,1,0
忙着收集溃散,modern Chinese（1920-2020）,0,1
忙着整理东西,modern Chinese（1920-2020）,0,1
忙着由煤务处运,modern Chinese（1920-2020）,1,0
"忙着穿着中山装
熟读党义去找门路请求工作",modern Chinese（1920-2020）,1,0
忙着筑工事,modern Chinese（1920-2020）,0,1
忙着精细地收割晚稻,modern Chinese（1920-2020）,0,1
忙着给两侧电线杆上安装应急电灯,modern Chinese（1920-2020）,0,1
忙着自己的婚事,modern Chinese（1920-2020）,0,1
忙着过日子,modern Chinese（1920-2020）,1,0
忙着采摘,modern Chinese（1920-2020）,0,1
忙着采茧子,modern Chinese（1920-2020）,0,1
忙着重建反革命军事基地,modern Chinese（1920-2020）,0,1
忙着领导仙汾市附近震北村的农民抗租运动,modern Chinese（1920-2020）,0,1
忙着，紧张着,modern Chinese（1920-2020）,1,0
忙碌,modern Chinese（1920-2020）,4,2
忙碌着,modern Chinese（1920-2020）,3,3
忙碌着修房补屋,modern Chinese（1920-2020）,1,0
忙这个,modern Chinese（1920-2020）,1,0
忙这事,modern Chinese（1920-2020）,1,0
忧虑,modern Chinese（1920-2020）,4,0
快进,modern Chinese（1920-2020）,1,0
快马加鞭,modern Chinese（1920-2020）,1,0
念中学二年级,modern Chinese（1920-2020）,0,1
念书,modern Chinese（1920-2020）,2,0
念他写来的信,modern Chinese（1920-2020）,1,0
念佛,modern Chinese（1920-2020）,1,0
念你,modern Chinese（1920-2020）,1,0
念你们,modern Chinese（1920-2020）,1,0
念候选名单,modern Chinese（1920-2020）,1,0
念别人的诗,modern Chinese（1920-2020）,1,0
念叨,modern Chinese（1920-2020）,2,0
念叨你,modern Chinese（1920-2020）,1,0
念叨着高闯王三周年到了,modern Chinese（1920-2020）,1,0
念台湾艺术大学,modern Chinese（1920-2020）,1,0
念大学,modern Chinese（1920-2020）,0,2
念念不忘,modern Chinese（1920-2020）,1,0
念着“南无阿弥陀佛”,modern Chinese（1920-2020）,1,0
念着什么,modern Chinese（1920-2020）,2,0
念着经,modern Chinese（1920-2020）,1,0
念经,modern Chinese（1920-2020）,0,1
念经祈福,modern Chinese（1920-2020）,1,0
念诗,modern Chinese（1920-2020）,1,0
念诵,modern Chinese（1920-2020）,1,0
念读唐诗,modern Chinese（1920-2020）,1,0
忸怩作态,modern Chinese（1920-2020）,1,0
忽视自己的家,modern Chinese（1920-2020）,0,1
怀念主人消失的肉体,modern Chinese（1920-2020）,1,0
怀念周总理,modern Chinese（1920-2020）,1,0
怀念她,modern Chinese（1920-2020）,1,0
怀念死去的付老爷,modern Chinese（1920-2020）,1,0
怀念着他,modern Chinese（1920-2020）,1,0
怀念着你们,modern Chinese（1920-2020）,1,0
怀念着焦裕禄同志,modern Chinese（1920-2020）,1,0
怀念着那个侠士,modern Chinese（1920-2020）,1,0
怀疑,modern Chinese（1920-2020）,3,0
怀疑刚才的一闹是不是真有其事,modern Chinese（1920-2020）,1,0
怀疑及计算着自己国力与战争问题,modern Chinese（1920-2020）,1,0
怀疑和猜测,modern Chinese（1920-2020）,0,1
怀疑我杨子荣是否能胜利完成这一任务,modern Chinese（1920-2020）,1,0
怀疑是土匪干的,modern Chinese（1920-2020）,1,0
怀疑着,modern Chinese（1920-2020）,0,1
怀疑自己是不是中了匪徒的诡计而误入歧途,modern Chinese（1920-2020）,1,0
怀着敌意,modern Chinese（1920-2020）,1,0
怄气,modern Chinese（1920-2020）,1,0
怄气掉泪,modern Chinese（1920-2020）,1,0
怎样虐待马来亚人民和华侨,modern Chinese（1920-2020）,0,1
怒吼,modern Chinese（1920-2020）,8,0
怒吼滚美国佬,modern Chinese（1920-2020）,1,0
怒吼美国佬滚出去,modern Chinese（1920-2020）,1,0
怒放,modern Chinese（1920-2020）,1,0
怔着,modern Chinese（1920-2020）,1,0
怕什么,modern Chinese（1920-2020）,1,0
怕毓芳,modern Chinese（1920-2020）,1,0
怕谁误会,modern Chinese（1920-2020）,1,0
怕那只手,modern Chinese（1920-2020）,1,0
怜悯着,modern Chinese（1920-2020）,1,0
思忖,modern Chinese（1920-2020）,0,2
思忖老孙会如何处置一个可能什么也没有听懂的流浪汉,modern Chinese（1920-2020）,1,0
思念,modern Chinese（1920-2020）,2,0
思念她,modern Chinese（1920-2020）,2,0
思念梅表姐,modern Chinese（1920-2020）,1,0
思念着他,modern Chinese（1920-2020）,1,0
思想,modern Chinese（1920-2020）,2,1
思想是那个中夜的事,modern Chinese（1920-2020）,1,0
思算着,modern Chinese（1920-2020）,0,1
思索,modern Chinese（1920-2020）,29,6
思索一件事情,modern Chinese（1920-2020）,1,0
思索一件重大的事情,modern Chinese（1920-2020）,1,0
思索什么,modern Chinese（1920-2020）,5,0
思索什么事情,modern Chinese（1920-2020）,1,0
思索再加另外什么字,modern Chinese（1920-2020）,1,0
思索刚才淑华说的一句话,modern Chinese（1920-2020）,1,0
思索判断着这突然的情况,modern Chinese（1920-2020）,1,0
思索有什么解围的办法,modern Chinese（1920-2020）,0,1
思索着,modern Chinese（1920-2020）,3,1
思索着什么,modern Chinese（1920-2020）,2,0
思索着票车,modern Chinese（1920-2020）,1,0
思索着连长的话,modern Chinese（1920-2020）,1,0
思索离间之策,modern Chinese（1920-2020）,0,1
思索这个问题,modern Chinese（1920-2020）,1,0
思索这些问题,modern Chinese（1920-2020）,1,0
思索这件事情,modern Chinese（1920-2020）,1,0
思索道静的话,modern Chinese（1920-2020）,1,0
思索问题,modern Chinese（1920-2020）,0,1
思维,modern Chinese（1920-2020）,0,1
思考,modern Chinese（1920-2020）,10,2
思考一个问题,modern Chinese（1920-2020）,1,0
思考些什么,modern Chinese（1920-2020）,1,0
思考什么,modern Chinese（1920-2020）,1,0
思考什么「大道理」,modern Chinese（1920-2020）,0,1
思考今天如果又等不到工怎么办,modern Chinese（1920-2020）,0,1
思考别的,modern Chinese（1920-2020）,1,0
思考如何将企业长远发展与中国的国家发展战略结合在一起,modern Chinese（1920-2020）,1,0
思考对策,modern Chinese（1920-2020）,1,0
思考并且实践着,modern Chinese（1920-2020）,1,0
思考怎么办,modern Chinese（1920-2020）,1,0
思考某个深奥的问题,modern Chinese（1920-2020）,1,0
思考欧阳海的问题,modern Chinese（1920-2020）,1,0
思考着,modern Chinese（1920-2020）,3,0
思考着什么,modern Chinese（1920-2020）,1,0
思考着即将挑起的建设重担,modern Chinese（1920-2020）,1,0
思考着怎样和刘胜谈谈,modern Chinese（1920-2020）,1,0
思考着我国铁路发展与改革,modern Chinese（1920-2020）,0,1
思考着明天的任务,modern Chinese（1920-2020）,1,0
思考着问题,modern Chinese（1920-2020）,1,0
思考脱身的方法,modern Chinese（1920-2020）,1,0
思考自己可以有何作为,modern Chinese（1920-2020）,1,0
思考自己的发展问题,modern Chinese（1920-2020）,2,0
思考自己能从大湾区的建设中发现什么机遇,modern Chinese（1920-2020）,1,0
思考这个问题,modern Chinese（1920-2020）,2,0
思考这些问题,modern Chinese（1920-2020）,1,0
思考问题,modern Chinese（1920-2020）,2,1
思考防守的对策,modern Chinese（1920-2020）,1,0
思虑着,modern Chinese（1920-2020）,1,0
思谋、咱们连的急躁苗头是怎么产生的,modern Chinese（1920-2020）,1,0
思谋着,modern Chinese（1920-2020）,1,0
思量,modern Chinese（1920-2020）,0,1
怞动着,modern Chinese（1920-2020）,1,0
急救,modern Chinese（1920-2020）,0,1
急着抢着啄食炒菜和汤碗,modern Chinese（1920-2020）,1,0
急行军,modern Chinese（1920-2020）,1,0
急跳,modern Chinese（1920-2020）,1,0
急驰,modern Chinese（1920-2020）,1,0
怨我,modern Chinese（1920-2020）,1,0
怪你,modern Chinese（1920-2020）,1,1
怪我,modern Chinese（1920-2020）,1,0
怪我那天在山上,modern Chinese（1920-2020）,1,0
怪自己,modern Chinese（1920-2020）,1,0
总结今年抗旱斗争的经验,modern Chinese（1920-2020）,0,1
总结开放市场销售水泥的经验,modern Chinese（1920-2020）,0,1
总结检验,modern Chinese（1920-2020）,1,0
总结正反两方面的实践经验,modern Chinese（1920-2020）,1,0
总结武汉市的初步经验制订规划,modern Chinese（1920-2020）,0,1
总结着自己的一生,modern Chinese（1920-2020）,0,1
恋想着剑波,modern Chinese（1920-2020）,1,0
恋爱,modern Chinese（1920-2020）,5,1
恋着他昨宵的梦境,modern Chinese（1920-2020）,1,0
恐吓欧洲弱小国家,modern Chinese（1920-2020）,1,0
恐惧些什么,modern Chinese（1920-2020）,1,0
恢复,modern Chinese（1920-2020）,5,1
恢复与发展,modern Chinese（1920-2020）,0,1
恢复发展,modern Chinese（1920-2020）,1,2
恢复和发扬,modern Chinese（1920-2020）,0,1
恢复技术职称、建立技术责任制,modern Chinese（1920-2020）,1,0
恢复正常,modern Chinese（1920-2020）,0,1
恢复正常秩序,modern Chinese（1920-2020）,0,1
恢复稳定,modern Chinese（1920-2020）,0,1
恨他,modern Chinese（1920-2020）,1,0
恨我,modern Chinese（1920-2020）,1,0
恨着疼着,modern Chinese（1920-2020）,1,0
恨着詹石磴,modern Chinese（1920-2020）,1,0
恨骂这等新不新旧不旧的戏剧,modern Chinese（1920-2020）,0,1
恭候显赫的贵宾,modern Chinese（1920-2020）,1,0
恭维,modern Chinese（1920-2020）,1,0
恶化,modern Chinese（1920-2020）,3,2
恶心,modern Chinese（1920-2020）,1,0
恸哭,modern Chinese（1920-2020）,1,0
恼她,modern Chinese（1920-2020）,1,0
恼火,modern Chinese（1920-2020）,0,1
恼着,modern Chinese（1920-2020）,1,0
悉悉漱漱叹息,modern Chinese（1920-2020）,1,0
悔,modern Chinese（1920-2020）,1,0
悔恨自己过去由直觉铸成的错误,modern Chinese（1920-2020）,1,0
患感冒,modern Chinese（1920-2020）,0,1
患病,modern Chinese（1920-2020）,0,2
悬想将来怎样闹得他们家败人亡,modern Chinese（1920-2020）,0,1
悲伤,modern Chinese（1920-2020）,4,0
悲伤愤恨,modern Chinese（1920-2020）,1,0
悲啼,modern Chinese（1920-2020）,1,0
悲恸,modern Chinese（1920-2020）,1,0
悲戚着,modern Chinese（1920-2020）,1,0
悲痛,modern Chinese（1920-2020）,1,0
悲鸣,modern Chinese（1920-2020）,1,0
悼念,modern Chinese（1920-2020）,1,0
悼念他的弟兄拉尔夫的死亡,modern Chinese（1920-2020）,1,0
悼念对方,modern Chinese（1920-2020）,1,0
悼念我,modern Chinese（1920-2020）,1,0
悼念自己,modern Chinese（1920-2020）,1,0
惊叹,modern Chinese（1920-2020）,1,0
惊奇丹湖里竟还有如此神奇的地方,modern Chinese（1920-2020）,1,0
惊异于“弟媳妇”的社交辞令,modern Chinese（1920-2020）,0,1
惊异阿二的不来,modern Chinese（1920-2020）,0,1
惊愕,modern Chinese（1920-2020）,1,1
惊慌失措,modern Chinese（1920-2020）,0,1
惊疑,modern Chinese（1920-2020）,1,1
惊觉耸动,modern Chinese（1920-2020）,1,0
惊讶,modern Chinese（1920-2020）,1,0
惋惜,modern Chinese（1920-2020）,1,0
惋惜着万顷禾苗,modern Chinese（1920-2020）,1,0
惦记你们,modern Chinese（1920-2020）,1,0
惦记盼望小分队的到来,modern Chinese（1920-2020）,1,0
惦记着他,modern Chinese（1920-2020）,1,0
惦记着你,modern Chinese（1920-2020）,1,0
惨叫,modern Chinese（1920-2020）,1,0
惩罚他不常去找她,modern Chinese（1920-2020）,1,0
惩罚我,modern Chinese（1920-2020）,1,0
想,modern Chinese（1920-2020）,187,5
想《天地一沙鸥》那本讲的一些境界,modern Chinese（1920-2020）,1,0
想「享福」,modern Chinese（1920-2020）,1,0
想一些安慰她的话,modern Chinese（1920-2020）,0,1
想七想八,modern Chinese（1920-2020）,0,1
想两年前的旧事,modern Chinese（1920-2020）,1,0
想主意,modern Chinese（1920-2020）,1,0
想了解日本对华政策的真意,modern Chinese（1920-2020）,1,0
想些什么,modern Chinese（1920-2020）,12,1
想些什么事,modern Chinese（1920-2020）,1,0
想些啥,modern Chinese（1920-2020）,1,0
想什么,modern Chinese（1920-2020）,79,2
想什么 ,modern Chinese（1920-2020）,1,0
想什么、关心什么、有什么困难、要求解决什么问题,modern Chinese（1920-2020）,1,0
想什么、干什么,modern Chinese（1920-2020）,1,0
想什么事,modern Chinese（1920-2020）,1,0
想什么事情,modern Chinese（1920-2020）,3,0
想什么做什么,modern Chinese（1920-2020）,1,0
想什么干什么,modern Chinese（1920-2020）,1,0
想什么干什么盼什么,modern Chinese（1920-2020）,1,0
想什么心事,modern Chinese（1920-2020）,3,0
想什么法子,modern Chinese（1920-2020）,1,0
想什么都看得清清楚楚,modern Chinese（1920-2020）,1,0
想什么问题,modern Chinese（1920-2020）,1,0
想他,modern Chinese（1920-2020）,3,1
想他的内部快要被病菌吃光,modern Chinese（1920-2020）,1,0
想他的父亲的事,modern Chinese（1920-2020）,1,0
想他的立功计划,modern Chinese（1920-2020）,0,1
想他这么早路过这里要到哪里去,modern Chinese（1920-2020）,1,0
想代乳粉,modern Chinese（1920-2020）,1,0
想以前的事,modern Chinese（1920-2020）,1,0
想你,modern Chinese（1920-2020）,8,2
想你今天和谁在一起,modern Chinese（1920-2020）,1,0
想你们,modern Chinese（1920-2020）,1,0
"想借着
加入国联以求国联同情与
援助",modern Chinese（1920-2020）,0,1
想做一首诗,modern Chinese（1920-2020）,0,1
想做什么,modern Chinese（1920-2020）,1,0
想分别以后还能不能有重见的机会,modern Chinese（1920-2020）,1,0
想别的事情,modern Chinese（1920-2020）,1,0
想到前边去给闯王和舅舅磕头,modern Chinese（1920-2020）,0,1
想办法,modern Chinese（1920-2020）,2,2
想办法与下游企业和政府监管部门合作,modern Chinese（1920-2020）,0,1
想办法把小孩转到其他幼儿园去,modern Chinese（1920-2020）,0,1
想办法生火,modern Chinese（1920-2020）,0,1
想另外一个事情,modern Chinese（1920-2020）,1,0
想各人的心事,modern Chinese（1920-2020）,1,0
想各人的心思,modern Chinese（1920-2020）,1,0
想吞并较弱的朱吟秋,modern Chinese（1920-2020）,0,1
想喻嘉言为什么这么做,modern Chinese（1920-2020）,1,0
想大上海何幸而得如此一位现代化的民主市长,modern Chinese（1920-2020）,1,0
想女人,modern Chinese（1920-2020）,2,0
想她,modern Chinese（1920-2020）,2,0
想她为什么就不能够做一个像琴那样的女子,modern Chinese（1920-2020）,1,0
想如何使我的话说得让她们懂得,modern Chinese（1920-2020）,1,0
想子子孙孙能永远如此不能？,modern Chinese（1920-2020）,1,0
想宝藏,modern Chinese（1920-2020）,1,0
想家,modern Chinese（1920-2020）,1,0
想尽一切方法把印度变成为侵略战争的主要基地,modern Chinese（1920-2020）,0,1
想尽方法和我们接近,modern Chinese（1920-2020）,0,1
想巴菲特一夜之间醒来，诧异间发现有这么多财富的时候，他怎么来理解这个财富,modern Chinese（1920-2020）,1,0
想干什么,modern Chinese（1920-2020）,1,0
想应该说些什么话来解决他们的问题,modern Chinese（1920-2020）,1,0
想心事,modern Chinese（1920-2020）,7,2
想心思,modern Chinese（1920-2020）,2,0
想念,modern Chinese（1920-2020）,1,0
想念一个人,modern Chinese（1920-2020）,1,0
想念他,modern Chinese（1920-2020）,1,0
想念他的团长,modern Chinese（1920-2020）,1,0
想念他的阿菊,modern Chinese（1920-2020）,1,0
想念你,modern Chinese（1920-2020）,1,0
想念儿子,modern Chinese（1920-2020）,1,0
想念妈妈,modern Chinese（1920-2020）,1,0
想念少奶奶,modern Chinese（1920-2020）,1,0
想念水生,modern Chinese（1920-2020）,0,1
想念着他,modern Chinese（1920-2020）,2,0
想念着妈妈,modern Chinese（1920-2020）,1,0
想念芳林嫂,modern Chinese（1920-2020）,1,0
想怎么办,modern Chinese（1920-2020）,1,0
想惠子,modern Chinese（1920-2020）,1,0
想我,modern Chinese（1920-2020）,1,0
想我什么时候也去创业,modern Chinese（1920-2020）,1,0
想我们一起生活过的那套很小的房子,modern Chinese（1920-2020）,1,0
想我们的斗争,modern Chinese（1920-2020）,1,0
想我的前途,modern Chinese（1920-2020）,1,0
想我说的事,modern Chinese（1920-2020）,1,0
想我跟树生吵架的事,modern Chinese（1920-2020）,1,0
想我转到美国学校,modern Chinese（1920-2020）,1,0
想打烂‘三角’地区,modern Chinese（1920-2020）,0,1
想扩张,modern Chinese（1920-2020）,2,0
想找个机会,modern Chinese（1920-2020）,1,0
想把三十年前读过的美国史著作温习一遍,modern Chinese（1920-2020）,0,1
想拥他复辟,modern Chinese（1920-2020）,1,0
想方法去请他们合而爲一,modern Chinese（1920-2020）,1,0
想明年开春种子发芽的事,modern Chinese（1920-2020）,1,0
想是不是就满足他的要求,modern Chinese（1920-2020）,0,1
想有关帮助刘延生的问题,modern Chinese（1920-2020）,1,0
想未成婚的女婿算不算“亲人”,modern Chinese（1920-2020）,0,1
想树生的事情,modern Chinese（1920-2020）,1,0
想核弹在哪里,modern Chinese（1920-2020）,1,0
想法,modern Chinese（1920-2020）,1,0
想法子,modern Chinese（1920-2020）,1,2
想法子减少他们的贫穷和不幸,modern Chinese（1920-2020）,1,0
想法子对付,modern Chinese（1920-2020）,1,0
想法救灾,modern Chinese（1920-2020）,0,1
想爬上去,modern Chinese（1920-2020）,0,1
想现代化,modern Chinese（1920-2020）,1,0
想眼前的现实,modern Chinese（1920-2020）,1,0
想着,modern Chinese（1920-2020）,24,9
想着一个问题,modern Chinese（1920-2020）,2,0
想着一句话,modern Chinese（1920-2020）,1,0
想着什么,modern Chinese（1920-2020）,11,2
想着什么别的事,modern Chinese（1920-2020）,1,0
想着什么问题,modern Chinese（1920-2020）,1,0
想着今天白天怎么对付敌人的问题,modern Chinese（1920-2020）,1,0
想着他和他的死,modern Chinese（1920-2020）,1,0
想着刘洪他们,modern Chinese（1920-2020）,1,0
想着刚才在街上所看到的那些女人,modern Chinese（1920-2020）,1,0
想着别的什么,modern Chinese（1920-2020）,0,1
想着剿贼毫无胜利把握,modern Chinese（1920-2020）,0,1
想着去石门谷打仗的事,modern Chinese（1920-2020）,0,1
想着同一个问题,modern Chinese（1920-2020）,1,0
想着四哥,modern Chinese（1920-2020）,1,0
想着回去怎么给她们年轻的男人打扮,modern Chinese（1920-2020）,1,0
想着心事,modern Chinese（1920-2020）,1,0
想着心思,modern Chinese（1920-2020）,2,0
想着我是读书呢，作事务,modern Chinese（1920-2020）,0,1
想着政委的话,modern Chinese（1920-2020）,1,0
想着湖广和陕西方面的军事,modern Chinese（1920-2020）,1,0
想着牲口皮厚,modern Chinese（1920-2020）,1,0
想着目前的全盘局势,modern Chinese（1920-2020）,1,0
想着瞄准射击的事,modern Chinese（1920-2020）,1,0
想着竞新此时是否仍站在门外,modern Chinese（1920-2020）,1,0
想着自己的心事,modern Chinese（1920-2020）,1,0
想着自己的身世,modern Chinese（1920-2020）,0,1
想着苏曼殊的两句诗,modern Chinese（1920-2020）,1,0
想着诱人的、美丽的远景,modern Chinese（1920-2020）,1,0
想着赶快离开上海,modern Chinese（1920-2020）,1,0
想着这个地方，人家太少,modern Chinese（1920-2020）,1,0
想着那个芷姑娘,modern Chinese（1920-2020）,1,0
想着骗俺们,modern Chinese（1920-2020）,1,0
想继续读那本撞到手里的书,modern Chinese（1920-2020）,0,1
想脱身之计,modern Chinese（1920-2020）,1,0
想自己,modern Chinese（1920-2020）,1,0
想自己下一步的计划,modern Chinese（1920-2020）,1,0
想自己如何消极到如此田地苦到如此如此,modern Chinese（1920-2020）,1,0
想自己的前途,modern Chinese（1920-2020）,0,1
想自己的命运,modern Chinese（1920-2020）,1,0
想自己的心事,modern Chinese（1920-2020）,0,1
想自己还有多少地方需要改进的,modern Chinese（1920-2020）,1,0
想自已永远能如此不能？,modern Chinese（1920-2020）,1,0
想要不要过去理他,modern Chinese（1920-2020）,1,0
想要怎样才能够把那一幕戏演得好,modern Chinese（1920-2020）,1,0
想许许多多的人经过先觉者的开导，一个个昂首挺胸觉悟起来的可喜情形,modern Chinese（1920-2020）,1,0
想说,modern Chinese（1920-2020）,1,0
想说中国文化太美到底包不包含这一部分东西,modern Chinese（1920-2020）,1,0
想说什么,modern Chinese（1920-2020）,2,0
想谋和平,modern Chinese（1920-2020）,1,0
想象,modern Chinese（1920-2020）,2,0
想象中国,modern Chinese（1920-2020）,1,0
想象他就要同她见面的情景,modern Chinese（1920-2020）,1,0
想象你外边拍了几个月的片子,modern Chinese（1920-2020）,1,0
想象着一个恰当的比喻,modern Chinese（1920-2020）,1,0
想象这个时候公馆里的情景,modern Chinese（1920-2020）,1,0
"想赶
快解救他们",modern Chinese（1920-2020）,0,1
想起一些人来,modern Chinese（1920-2020）,1,0
想跳出这个文人的圈子,modern Chinese（1920-2020）,0,1
想过去的时光,modern Chinese（1920-2020）,1,0
想运动过去了，广大农民怎样对付冯老兰,modern Chinese（1920-2020）,1,0
想还有没有别的办法,modern Chinese（1920-2020）,0,1
想这个,modern Chinese（1920-2020）,1,0
想这个问题,modern Chinese（1920-2020）,1,0
想这件事,modern Chinese（1920-2020）,1,0
想这样炫耀的办法未免有些杀风景,modern Chinese（1920-2020）,0,1
想这样的问题,modern Chinese（1920-2020）,1,0
想这段心事,modern Chinese（1920-2020）,1,0
想逃不逃的问题,modern Chinese（1920-2020）,1,0
想造成科班,modern Chinese（1920-2020）,1,0
想那个问题,modern Chinese（1920-2020）,1,0
想那些词儿,modern Chinese（1920-2020）,1,0
想那女的用手拍那男子头部的动,modern Chinese（1920-2020）,1,0
想钟老的事情,modern Chinese（1920-2020）,1,0
想黑布之下的那张面孔究竟有多么丑陋、恐怖,modern Chinese（1920-2020）,1,0
惶惑,modern Chinese（1920-2020）,0,1
惶惑不安,modern Chinese（1920-2020）,0,1
惹我,modern Chinese（1920-2020）,1,0
愁着怎样进入洋行,modern Chinese（1920-2020）,0,1
意味着,modern Chinese（1920-2020）,1,0
意图限制或完全取消工人集体议价及罢工的权利,modern Chinese（1920-2020）,1,0
愕然,modern Chinese（1920-2020）,0,1
愚蠢麻木,modern Chinese（1920-2020）,0,1
感冒,modern Chinese（1920-2020）,1,0
感到后怕,modern Chinese（1920-2020）,1,0
感到很惊奇,modern Chinese（1920-2020）,0,1
感到惊讶不已,modern Chinese（1920-2020）,0,1
感到满意,modern Chinese（1920-2020）,0,1
感到问题严重,modern Chinese（1920-2020）,0,1
感受一种不同于以往的心情,modern Chinese（1920-2020）,1,0
感受着个什么鬼世界的鬼流动,modern Chinese（1920-2020）,1,0
感想着,modern Chinese（1920-2020）,0,1
感慨,modern Chinese（1920-2020）,1,0
感染着他,modern Chinese（1920-2020）,1,0
感着热的交流,modern Chinese（1920-2020）,1,0
"感谢他们
的奋斗",modern Chinese（1920-2020）,1,0
感谢这一阵雨,modern Chinese（1920-2020）,0,1
愤恨不平,modern Chinese（1920-2020）,1,0
慰安我,modern Chinese（1920-2020）,1,0
憋一份心得,modern Chinese（1920-2020）,0,1
憎恨他,modern Chinese（1920-2020）,1,0
憧憬着一个伟大的理想,modern Chinese（1920-2020）,1,0
懊恼,modern Chinese（1920-2020）,0,2
懊恼悲伤,modern Chinese（1920-2020）,1,0
懊悔,modern Chinese（1920-2020）,1,0
戏弄他那张还留着青春痕迹的清瘦而端正的脸,modern Chinese（1920-2020）,1,0
戏弄我,modern Chinese（1920-2020）,1,0
戏水,modern Chinese（1920-2020）,1,0
成为一个新的旅游胜地,modern Chinese（1920-2020）,0,1
成为一种价值标准,modern Chinese（1920-2020）,0,1
成为一种新的生活方式,modern Chinese（1920-2020）,0,1
成为亚洲最重要的政治力量,modern Chinese（1920-2020）,0,1
成为人民斗争的主要形式,modern Chinese（1920-2020）,0,2
成为保卫世界和平的一个重要因素,modern Chinese（1920-2020）,0,1
成为全球强势语言,modern Chinese（1920-2020）,0,1
成为写书人与读书人之间互动的交流,modern Chinese（1920-2020）,0,1
成为创新的核心,modern Chinese（1920-2020）,0,1
成为可能把全世界投入危机把世界拖向核战争危险中的危险因素,modern Chinese（1920-2020）,0,1
成为各国保持经济可持续发展的新引擎和新动力,modern Chinese（1920-2020）,0,1
成为国家和社会生活中重要的因素,modern Chinese（1920-2020）,0,1
成为您能寄以希望的那种人,modern Chinese（1920-2020）,0,1
成为我们这个社会最大的时尚,modern Chinese（1920-2020）,0,1
成为斯里兰卡的国家名片,modern Chinese（1920-2020）,0,1
成为滨海新区新的经济增长点,modern Chinese（1920-2020）,0,1
成为现实,modern Chinese（1920-2020）,0,1
成为社会帝国主义者的同盟军,modern Chinese（1920-2020）,0,1
成为紊乱状态,modern Chinese（1920-2020）,0,1
成为美国核基地,modern Chinese（1920-2020）,0,1
成为自觉行动,modern Chinese（1920-2020）,0,1
成为越来越多读者的自觉行动,modern Chinese（1920-2020）,0,1
成熟,modern Chinese（1920-2020）,1,1
成立,modern Chinese（1920-2020）,1,0
成立两个师的武装部队,modern Chinese（1920-2020）,0,1
成立地产公司,modern Chinese（1920-2020）,0,1
成立的支会区会,modern Chinese（1920-2020）,0,1
成长,modern Chinese（1920-2020）,18,12
成长10倍、8倍,modern Chinese（1920-2020）,1,0
成长壮大,modern Chinese（1920-2020）,0,1
成长她,modern Chinese（1920-2020）,1,0
成长起来,modern Chinese（1920-2020）,1,0
戒备,modern Chinese（1920-2020）,1,0
戒备着,modern Chinese（1920-2020）,2,0
戕害他自己心爱的女人王晓燕,modern Chinese（1920-2020）,1,0
战,modern Chinese（1920-2020）,2,0
战场上传达军令,modern Chinese（1920-2020）,0,1
战抖,modern Chinese（1920-2020）,2,0
战斗,modern Chinese（1920-2020）,19,1
战斗得火热,modern Chinese（1920-2020）,0,1
战斗着,modern Chinese（1920-2020）,2,0
战栗,modern Chinese（1920-2020）,2,0
战胜帝国主义,modern Chinese（1920-2020）,0,1
戴三四百年前底冠子,modern Chinese（1920-2020）,1,0
扇他的嘴巴,modern Chinese（1920-2020）,0,1
扇着一个红土的小炉,modern Chinese（1920-2020）,0,1
扇着翅膀,modern Chinese（1920-2020）,0,1
手舞足蹈,modern Chinese（1920-2020）,0,1
扎大红花,modern Chinese（1920-2020）,1,0
扎根,modern Chinese（1920-2020）,0,1
扎皮带,modern Chinese（1920-2020）,0,1
扎着眼睛,modern Chinese（1920-2020）,1,0
扎花,modern Chinese（1920-2020）,1,0
扎雾,modern Chinese（1920-2020）,1,0
扑向前方,modern Chinese（1920-2020）,0,1
扑火,modern Chinese（1920-2020）,1,1
扑灭已经发生的近东战火,modern Chinese（1920-2020）,0,1
扒着发间的草杆,modern Chinese（1920-2020）,1,0
打,modern Chinese（1920-2020）,7,3
打120分,modern Chinese（1920-2020）,0,1
打一个骨瘦如柴的逃荒孩子,modern Chinese（1920-2020）,1,0
打一场游击战,modern Chinese（1920-2020）,1,0
打主意,modern Chinese（1920-2020）,3,0
打交道,modern Chinese（1920-2020）,2,0
打什么主意,modern Chinese（1920-2020）,2,0
打什么小算盘,modern Chinese（1920-2020）,1,0
打他的主意,modern Chinese（1920-2020）,0,1
打仗,modern Chinese（1920-2020）,7,2
打你主意,modern Chinese（1920-2020）,1,0
打倒军阀,modern Chinese（1920-2020）,1,0
打内战,modern Chinese（1920-2020）,1,0
打击什么东西,modern Chinese（1920-2020）,1,0
打击报复,modern Chinese（1920-2020）,1,0
打击灵姗,modern Chinese（1920-2020）,1,0
打动着人们的心,modern Chinese（1920-2020）,1,0
打包,modern Chinese（1920-2020）,1,0
打半场,modern Chinese（1920-2020）,1,0
打友谊赛,modern Chinese（1920-2020）,1,0
打发刚来的几个人,modern Chinese（1920-2020）,0,1
打发着漫长而苦闷的悠悠岁月,modern Chinese（1920-2020）,1,0
打听,modern Chinese（1920-2020）,1,0
打听他的工友邱文泉同志的消息,modern Chinese（1920-2020）,1,0
打听你,modern Chinese（1920-2020）,1,1
打听和猜测李闯王本人和他的大军动静,modern Chinese（1920-2020）,1,0
打听消息,modern Chinese（1920-2020）,1,0
打唆哈,modern Chinese（1920-2020）,1,0
打喷嚏,modern Chinese（1920-2020）,1,0
打嘴仗,modern Chinese（1920-2020）,1,0
打场归仓,modern Chinese（1920-2020）,0,1
打坐还是上课,modern Chinese（1920-2020）,1,0
打天九,modern Chinese（1920-2020）,0,1
打夯,modern Chinese（1920-2020）,0,1
打字,modern Chinese（1920-2020）,0,1
打它的主意,modern Chinese（1920-2020）,1,0
打工,modern Chinese（1920-2020）,2,0
打布蒙的鼓,modern Chinese（1920-2020）,1,0
打开,modern Chinese（1920-2020）,1,3
打开回忆的门,modern Chinese（1920-2020）,0,1
打开电视,modern Chinese（1920-2020）,0,1
打开着一本书说,modern Chinese（1920-2020）,0,1
打开箱子来,modern Chinese（1920-2020）,0,1
打得热火朝天,modern Chinese（1920-2020）,0,1
打心理战,modern Chinese（1920-2020）,1,0
打战,modern Chinese（1920-2020）,3,0
打战发抖,modern Chinese（1920-2020）,1,0
打扫,modern Chinese（1920-2020）,0,1
打扫卫生,modern Chinese（1920-2020）,1,0
打扫教室,modern Chinese（1920-2020）,0,1
打扫楚地居门前的空地,modern Chinese（1920-2020）,0,1
打扫着小屋里陈年剩下的柴草渣儿,modern Chinese（1920-2020）,0,1
打扫着自己的手掌,modern Chinese（1920-2020）,1,0
打扮,modern Chinese（1920-2020）,0,1
打抖,modern Chinese（1920-2020）,1,0
打折促销,modern Chinese（1920-2020）,0,1
打拍子,modern Chinese（1920-2020）,1,0
打探和猜测着消息,modern Chinese（1920-2020）,1,0
打探我们这个机构和我们这些人,modern Chinese（1920-2020）,0,1
打探这信箱的地址,modern Chinese（1920-2020）,1,0
打摆子,modern Chinese（1920-2020）,3,1
打敌机,modern Chinese（1920-2020）,0,1
打旋,modern Chinese（1920-2020）,1,0
打旋旋,modern Chinese（1920-2020）,1,0
打暑期工,modern Chinese（1920-2020）,0,1
打机枪,modern Chinese（1920-2020）,0,1
打枪,modern Chinese（1920-2020）,2,0
打架,modern Chinese（1920-2020）,5,2
打毛线、看小说、闲聊天,modern Chinese（1920-2020）,1,0
打水,modern Chinese（1920-2020）,1,1
打游戏,modern Chinese（1920-2020）,1,0
打滑,modern Chinese（1920-2020）,1,0
打烟泡,modern Chinese（1920-2020）,1,0
打爸爸,modern Chinese（1920-2020）,1,0
打牌,modern Chinese（1920-2020）,9,3
打牌九,modern Chinese（1920-2020）,1,0
打球,modern Chinese（1920-2020）,3,1
打理,modern Chinese（1920-2020）,1,0
打电脑游戏,modern Chinese（1920-2020）,0,1
打电话,modern Chinese（1920-2020）,3,3
打电话联系灾区的医院和相关收留单位,modern Chinese（1920-2020）,1,0
打盹,modern Chinese（1920-2020）,2,1
打着,modern Chinese（1920-2020）,3,0
打着“联”的旗帜,modern Chinese（1920-2020）,1,0
打着不甩,modern Chinese（1920-2020）,1,0
打着他的机枪,modern Chinese（1920-2020）,1,0
打着冷枪,modern Chinese（1920-2020）,0,1
打着呵欠,modern Chinese（1920-2020）,0,1
打着哆嗦,modern Chinese（1920-2020）,1,0
打着如意算盘,modern Chinese（1920-2020）,1,0
打着寒战,modern Chinese（1920-2020）,1,0
打着忽闪,modern Chinese（1920-2020）,1,0
打着招呼,modern Chinese（1920-2020）,1,0
打着枪,modern Chinese（1920-2020）,2,0
打着痉挛,modern Chinese（1920-2020）,1,0
打着盹儿,modern Chinese（1920-2020）,1,0
打着糊涂主意,modern Chinese（1920-2020）,1,0
打着赤膊同将士们一起开荒,modern Chinese（1920-2020）,0,1
打着转,modern Chinese（1920-2020）,1,0
打瞌睡,modern Chinese（1920-2020）,7,2
打破,modern Chinese（1920-2020）,1,0
打磕睡,modern Chinese（1920-2020）,1,0
打磨铁板上的锈迹,modern Chinese（1920-2020）,1,0
打离婚,modern Chinese（1920-2020）,1,0
打算,modern Chinese（1920-2020）,2,0
打算些什么,modern Chinese（1920-2020）,1,0
打算使德国成为新战争的温床,modern Chinese（1920-2020）,1,0
打算占人的便宜,modern Chinese（1920-2020）,1,0
打算去,modern Chinese（1920-2020）,0,1
打算另想法子,modern Chinese（1920-2020）,1,0
打算盘,modern Chinese（1920-2020）,1,0
打算落笔的辞句,modern Chinese（1920-2020）,0,1
打糊涂主意,modern Chinese（1920-2020）,1,0
打老虎,modern Chinese（1920-2020）,0,1
打自己的嘴巴,modern Chinese（1920-2020）,1,0
打自己的算盘,modern Chinese（1920-2020）,1,0
打自己的脸,modern Chinese（1920-2020）,2,0
打药,modern Chinese（1920-2020）,0,1
打谁,modern Chinese（1920-2020）,1,0
打转,modern Chinese（1920-2020）,3,0
打通南水北调“咽喉”,modern Chinese（1920-2020）,0,1
打造,modern Chinese（1920-2020）,0,1
打造“新的新加坡”战略,modern Chinese（1920-2020）,2,0
打造世界旅游休闲中心和中国与葡语国家商贸合作服务平台,modern Chinese（1920-2020）,0,1
打造中国西部科技创新港,modern Chinese（1920-2020）,0,1
打造信用可视化示范街区,modern Chinese（1920-2020）,0,1
打造社会主义核心价值观,modern Chinese（1920-2020）,0,1
打造自己的公共资源电商平台,modern Chinese（1920-2020）,0,1
打那个录音机,modern Chinese（1920-2020）,1,0
打量,modern Chinese（1920-2020）,2,0
打量他,modern Chinese（1920-2020）,1,0
打量他们,modern Chinese（1920-2020）,0,1
打量吴少奶奶的居丧素装,modern Chinese（1920-2020）,1,0
打量周围动静,modern Chinese（1920-2020）,0,1
打量我,modern Chinese（1920-2020）,1,1
打量着他,modern Chinese（1920-2020）,1,0
打量着圆月山庄这位充满了传奇性的主人丁鹏,modern Chinese（1920-2020）,0,1
打量着控制单元舱,modern Chinese（1920-2020）,0,1
打量着这个卑劣而又可厌的男人,modern Chinese（1920-2020）,1,0
打量着这座她生活了五十余年的城市,modern Chinese（1920-2020）,0,1
打量这一切,modern Chinese（1920-2020）,1,0
打量这个壮壮实实的儿子,modern Chinese（1920-2020）,1,0
打钱的主意,modern Chinese（1920-2020）,0,1
打铁,modern Chinese（1920-2020）,1,0
打铜器,modern Chinese（1920-2020）,1,0
打门,modern Chinese（1920-2020）,1,1
打闹,modern Chinese（1920-2020）,1,0
打领结,modern Chinese（1920-2020）,1,0
打颤,modern Chinese（1920-2020）,2,0
打鬼子,modern Chinese（1920-2020）,1,0
打鬼子碉堡,modern Chinese（1920-2020）,1,0
打麻将,modern Chinese（1920-2020）,1,2
打鼓,modern Chinese（1920-2020）,1,0
打鼾,modern Chinese（1920-2020）,4,0
扔下雨点般的炸弹,modern Chinese（1920-2020）,0,1
扔炸弹,modern Chinese（1920-2020）,1,0
扔砖头,modern Chinese（1920-2020）,1,0
托人找职业,modern Chinese（1920-2020）,0,1
托什么人买船票,modern Chinese（1920-2020）,1,0
托着我,modern Chinese（1920-2020）,1,0
扣留美商的货物,modern Chinese（1920-2020）,1,0
扣着纽扣,modern Chinese（1920-2020）,1,0
扣系他的夹绸衫上的纽襻,modern Chinese（1920-2020）,1,0
扣衣服,modern Chinese（1920-2020）,0,1
扣衣纽,modern Chinese（1920-2020）,1,0
执勤,modern Chinese（1920-2020）,0,1
执政,modern Chinese（1920-2020）,3,0
执行,modern Chinese（1920-2020）,1,1
执行一项保密任务,modern Chinese（1920-2020）,0,1
执行一项长期计划,modern Chinese（1920-2020）,0,1
执行命令,modern Chinese（1920-2020）,1,1
执行所司,modern Chinese（1920-2020）,1,0
执行某种任务不能按时退伍,modern Chinese（1920-2020）,0,1
执行潜伏任务,modern Chinese（1920-2020）,0,1
执行着神,modern Chinese（1920-2020）,0,1
执行着胡风的反社会主义纲领,modern Chinese（1920-2020）,1,0
执行解放军的命令,modern Chinese（1920-2020）,0,1
执行跟踪,modern Chinese（1920-2020）,0,1
执行这个恶毒阴谋,modern Chinese（1920-2020）,1,0
执行这任务,modern Chinese（1920-2020）,0,1
扩充军事力量,modern Chinese（1920-2020）,0,1
扩充台湾的机场,modern Chinese（1920-2020）,0,1
扩充培养建筑工人的学校,modern Chinese（1920-2020）,0,1
扩军,modern Chinese（1920-2020）,1,0
扩军备战,modern Chinese（1920-2020）,1,0
扩大,modern Chinese（1920-2020）,24,11
扩大对柬埔寨的武装进攻,modern Chinese（1920-2020）,0,1
扩大甘蔗地的面积,modern Chinese（1920-2020）,0,1
扩大着,modern Chinese（1920-2020）,1,0
扩大着自己的收音量,modern Chinese（1920-2020）,1,0
扩大耕地深翻面积,modern Chinese（1920-2020）,0,1
扩大自己的生产能力,modern Chinese（1920-2020）,1,0
扩大规模,modern Chinese（1920-2020）,1,0
扩大金融业开放,modern Chinese（1920-2020）,0,1
扩大队伍,modern Chinese（1920-2020）,0,1
扩展,modern Chinese（1920-2020）,3,1
扩展势力,modern Chinese（1920-2020）,1,0
扩展着,modern Chinese（1920-2020）,0,1
扩建,modern Chinese（1920-2020）,0,2
扩建一个发电厂,modern Chinese（1920-2020）,0,1
扩建六个大型的机械化国营林场,modern Chinese（1920-2020）,0,1
扩建十五个洲际导弹基地,modern Chinese（1920-2020）,0,1
扩建和兴建,modern Chinese（1920-2020）,0,1
扩建着,modern Chinese（1920-2020）,1,0
扩建硫酸车间,modern Chinese（1920-2020）,1,0
扩张,modern Chinese（1920-2020）,1,1
扩掘,modern Chinese（1920-2020）,1,0
扩散,modern Chinese（1920-2020）,1,0
扩散发行那本很反动的《政治经济学》,modern Chinese（1920-2020）,1,0
扫去,modern Chinese（1920-2020）,0,1
扫地,modern Chinese（1920-2020）,1,2
扫射,modern Chinese（1920-2020）,2,0
扫射着,modern Chinese（1920-2020）,2,0
扫描出来,modern Chinese（1920-2020）,0,1
扫清C·C势力,modern Chinese（1920-2020）,1,0
扫荡我们,modern Chinese（1920-2020）,0,1
扫荡搜捕我们,modern Chinese（1920-2020）,0,1
扫除殖民主义的遗毒,modern Chinese（1920-2020）,0,1
扫除西奈半岛以色列军队撤退时布下的地雷,modern Chinese（1920-2020）,0,1
扫除还未溶完的残雪,modern Chinese（1920-2020）,1,0
扫雪,modern Chinese（1920-2020）,0,1
扬丑,modern Chinese（1920-2020）,1,0
扭它,modern Chinese（1920-2020）,1,0
扭屁股,modern Chinese（1920-2020）,1,0
扭着脖子,modern Chinese（1920-2020）,1,0
扭秧歌,modern Chinese（1920-2020）,1,0
扭紧后胎的螺丝帽,modern Chinese（1920-2020）,0,1
扭转,modern Chinese（1920-2020）,0,1
扭转乾坤,modern Chinese（1920-2020）,0,1
扮戏,modern Chinese（1920-2020）,2,0
扮演绅士的角色,modern Chinese（1920-2020）,1,0
扯着耳朵,modern Chinese（1920-2020）,1,0
扯衣角,modern Chinese（1920-2020）,1,0
扯谎,modern Chinese（1920-2020）,1,0
扯锁,modern Chinese（1920-2020）,1,0
扯风,modern Chinese（1920-2020）,3,0
扶AA下来,modern Chinese（1920-2020）,0,1
扶持日本法西斯的残余势力,modern Chinese（1920-2020）,0,1
扶持蒋介石积极反共,modern Chinese（1920-2020）,1,0
扶植它,modern Chinese（1920-2020）,1,0
扶着王三姑娘的胳膊,modern Chinese（1920-2020）,0,1
扶秤,modern Chinese（1920-2020）,1,0
批判西方文化,modern Chinese（1920-2020）,0,1
批判错误的东西,modern Chinese（1920-2020）,1,0
批尤清,modern Chinese（1920-2020）,0,1
批评他,modern Chinese（1920-2020）,1,0
批评你这样那样,modern Chinese（1920-2020）,0,1
批评您只喜欢两种电影,modern Chinese（1920-2020）,1,0
批评我,modern Chinese（1920-2020）,1,0
批评我只喜欢两种电影,modern Chinese（1920-2020）,1,0
批评李老汉,modern Chinese（1920-2020）,1,0
批评杨重,modern Chinese（1920-2020）,0,1
扼杀我国的经济,modern Chinese（1920-2020）,0,1
找,modern Chinese（1920-2020）,5,1
找‘静老师’,modern Chinese（1920-2020）,1,0
找一个好的销路和稳定的销售渠道,modern Chinese（1920-2020）,1,0
找一种感觉,modern Chinese（1920-2020）,1,0
找东西,modern Chinese（1920-2020）,1,0
找东西吃,modern Chinese（1920-2020）,1,0
找人,modern Chinese（1920-2020）,3,0
找人办一份关于书籍的杂志,modern Chinese（1920-2020）,0,1
找什么,modern Chinese（1920-2020）,4,0
找什么东西,modern Chinese（1920-2020）,1,0
找什么人家,modern Chinese（1920-2020）,1,0
找他,modern Chinese（1920-2020）,5,1
找他们,modern Chinese（1920-2020）,0,1
找他谈话,modern Chinese（1920-2020）,0,1
找你,modern Chinese（1920-2020）,9,1
找你们,modern Chinese（1920-2020）,1,0
找典型,modern Chinese（1920-2020）,0,1
找到宿命的借口,modern Chinese（1920-2020）,1,0
找回平衡,modern Chinese（1920-2020）,0,1
找墓地,modern Chinese（1920-2020）,1,0
找她,modern Chinese（1920-2020）,2,0
找她自己的影子,modern Chinese（1920-2020）,1,0
找寻什么,modern Chinese（1920-2020）,2,0
找寻什么线索,modern Chinese（1920-2020）,1,0
找寻他,modern Chinese（1920-2020）,1,0
找寻俘虏,modern Chinese（1920-2020）,1,0
找寻另外一个人,modern Chinese（1920-2020）,1,0
找寻着什么,modern Chinese（1920-2020）,1,0
找寻陆校长,modern Chinese（1920-2020）,0,1
找工作,modern Chinese（1920-2020）,2,1
找帽子,modern Chinese（1920-2020）,2,0
找弥补的招,modern Chinese（1920-2020）,1,0
找我,modern Chinese（1920-2020）,1,1
找我们的党,modern Chinese（1920-2020）,1,0
找房,modern Chinese（1920-2020）,1,0
找房子,modern Chinese（1920-2020）,1,0
找摸,modern Chinese（1920-2020）,1,0
找方向,modern Chinese（1920-2020）,1,0
找方法让别人懂他,modern Chinese（1920-2020）,1,0
找方法让别人懂你,modern Chinese（1920-2020）,1,0
找机会想与陈家鹄聊聊天,modern Chinese（1920-2020）,1,0
找机会由沙哈拉威（意思就是沙漠里的居民）带我一路经过大漠到西非去,modern Chinese（1920-2020）,0,1
找梁英,modern Chinese（1920-2020）,1,0
找洗手间,modern Chinese（1920-2020）,1,0
找父亲,modern Chinese（1920-2020）,1,0
找特别顾问商量,modern Chinese（1920-2020）,0,1
找王琦瑶,modern Chinese（1920-2020）,1,0
找着坤伶说笑,modern Chinese（1920-2020）,0,1
找矛盾,modern Chinese（1920-2020）,1,0
找破译师,modern Chinese（1920-2020）,1,0
找这块牌子,modern Chinese（1920-2020）,1,0
找酒喝,modern Chinese（1920-2020）,1,0
找错误,modern Chinese（1920-2020）,1,0
承受着巨大浪费,modern Chinese（1920-2020）,1,0
承担一个军事科学院的使命,modern Chinese（1920-2020）,0,1
抄发电稿,modern Chinese（1920-2020）,1,0
抄录,modern Chinese（1920-2020）,0,1
抄着,modern Chinese（1920-2020）,1,0
把一院的桌椅朝着后院的墙角码,modern Chinese（1920-2020）,0,1
把他们当做实验室的豚鼠看待,modern Chinese（1920-2020）,0,1
把他当作典型教育部队,modern Chinese（1920-2020）,0,1
把历史已经切断,modern Chinese（1920-2020）,1,0
把各种物资和建筑器材运到各建设工地,modern Chinese（1920-2020）,0,1
把大批美金移藏到美洲 ,modern Chinese（1920-2020）,0,1
把它的触角伸向北面,modern Chinese（1920-2020）,0,1
把守,modern Chinese（1920-2020）,1,0
把工作重点转移到现代化建设上来,modern Chinese（1920-2020）,0,1
把开采薄煤层列入了新建矿井的总体设计,modern Chinese（1920-2020）,0,1
把战争扩大到整个印度支那威胁东南亚和平,modern Chinese（1920-2020）,0,1
把持,modern Chinese（1920-2020）,1,0
把旅游视为求知、交友认识世界的重要途径,modern Chinese（1920-2020）,0,1
把玩,modern Chinese（1920-2020）,1,0
把美国及其仆从的军队派到越南战场去扩大侵略战争,modern Chinese（1920-2020）,1,0
把美帝纸老虎撕得粉碎,modern Chinese（1920-2020）,0,1
把自己的体力和热情，把饱含着农作物所需要的氮、磷、钾和有机质的肥料，献给哺育着我们的共和国的农田,modern Chinese（1920-2020）,1,0
把被毁灭的美好的东西显示给人看,modern Chinese（1920-2020）,1,0
把要和给结合起来,modern Chinese（1920-2020）,0,1
把警方排挤出去,modern Chinese（1920-2020）,0,1
把越来越多的马绍尔群岛居民赶出他们的土地,modern Chinese（1920-2020）,1,0
把车子尽量往路边的荫凉里边靠,modern Chinese（1920-2020）,1,0
把那颗“炸弹”托住,modern Chinese（1920-2020）,0,1
把门口的垃圾往畚箕里扫,modern Chinese（1920-2020）,0,1
抑制着自己的全身,modern Chinese（1920-2020）,1,0
抑压着自己的愠怒,modern Chinese（1920-2020）,1,0
抒发个人的苦闷、彷徨,modern Chinese（1920-2020）,1,0
抒发着感受,modern Chinese（1920-2020）,1,0
抓,modern Chinese（1920-2020）,1,0
抓人,modern Chinese（1920-2020）,2,1
抓他的心,modern Chinese（1920-2020）,1,0
抓全社抗旱救灾的问题,modern Chinese（1920-2020）,0,1
抓内贼,modern Chinese（1920-2020）,1,0
抓她,modern Chinese（1920-2020）,1,0
抓挠自己的身子,modern Chinese（1920-2020）,1,0
抓紧扩建和新建,modern Chinese（1920-2020）,0,1
抓紧早稻脱粒,modern Chinese（1920-2020）,1,0
抓紧查处,modern Chinese（1920-2020）,0,1
抓紧落实、稳步推进,modern Chinese（1920-2020）,0,1
抓紧调研、论证和起草,modern Chinese（1920-2020）,0,2
抓紧调研、论证和起草《关于制定乡镇企业法、证券法、建筑法等》议案,modern Chinese（1920-2020）,0,1
抓紧调研、论证和起草代表提出的建议制定反腐败公众举报法和保护举报人合法权益法的议案,modern Chinese（1920-2020）,0,1
抓紧起草,modern Chinese（1920-2020）,0,1
抓紧进行,modern Chinese（1920-2020）,0,2
抓经济建设,modern Chinese（1920-2020）,0,1
抓车,modern Chinese（1920-2020）,0,1
抓高等院校的文科教材建设,modern Chinese（1920-2020）,0,1
抓鱼,modern Chinese（1920-2020）,0,1
投入反殖民主义的斗争,modern Chinese（1920-2020）,0,1
投掷,modern Chinese（1920-2020）,1,0
投机,modern Chinese（1920-2020）,1,0
投石下井,modern Chinese（1920-2020）,1,0
抖,modern Chinese（1920-2020）,11,0
抖动,modern Chinese（1920-2020）,6,0
抖动着,modern Chinese（1920-2020）,1,0
抖包头和肩上的雪,modern Chinese（1920-2020）,0,1
抖着,modern Chinese（1920-2020）,3,0
抖着胡子,modern Chinese（1920-2020）,1,0
抗争,modern Chinese（1920-2020）,2,0
抗击日军,modern Chinese（1920-2020）,1,0
抗击日寇,modern Chinese（1920-2020）,1,0
抗战,modern Chinese（1920-2020）,2,0
抗拒,modern Chinese（1920-2020）,1,1
抗拒侵略,modern Chinese（1920-2020）,1,0
抗日,modern Chinese（1920-2020）,2,0
抗旱争油,modern Chinese（1920-2020）,1,0
抗议,modern Chinese（1920-2020）,4,0
抗议一个夜晚的入侵者,modern Chinese（1920-2020）,1,0
抗议我的背时,modern Chinese（1920-2020）,1,0
抗震救灾,modern Chinese（1920-2020）,0,1
折一枝往下垂的梅花,modern Chinese（1920-2020）,0,1
折磨他,modern Chinese（1920-2020）,3,0
折磨她,modern Chinese（1920-2020）,1,0
折磨我,modern Chinese（1920-2020）,1,0
折磨胡浩,modern Chinese（1920-2020）,1,0
折腾,modern Chinese（1920-2020）,1,0
折花,modern Chinese（1920-2020）,1,0
抚养,modern Chinese（1920-2020）,1,0
抚弄海臣的膀子和头发,modern Chinese（1920-2020）,1,0
抚慰她,modern Chinese（1920-2020）,2,0
抚摩他的脸,modern Chinese（1920-2020）,1,0
抚摩那里的土地,modern Chinese（1920-2020）,1,0
抚摸,modern Chinese（1920-2020）,1,0
抚摸我们的窗户,modern Chinese（1920-2020）,0,1
抛出手中的股票套现,modern Chinese（1920-2020）,1,0
抛弃电视广告这种较难测量效果的营销方式,modern Chinese（1920-2020）,1,0
抛心力,modern Chinese（1920-2020）,1,0
抛球,modern Chinese（1920-2020）,1,0
抛着,modern Chinese（1920-2020）,1,0
抛篮球,modern Chinese（1920-2020）,1,0
抛锚,modern Chinese（1920-2020）,0,1
抡大锤,modern Chinese（1920-2020）,0,1
抢,modern Chinese（1920-2020）,1,0
抢他们口里的一根骨头,modern Chinese（1920-2020）,1,0
抢修变电站,modern Chinese（1920-2020）,0,1
抢割俺家的麦子,modern Chinese（1920-2020）,1,0
抢夺什么,modern Chinese（1920-2020）,1,0
抢建,modern Chinese（1920-2020）,0,1
抢掠,modern Chinese（1920-2020）,1,0
抢救一位血淋淋的战士,modern Chinese（1920-2020）,0,1
抢救一名受重伤的同胞,modern Chinese（1920-2020）,0,1
抢救我自家的东西,modern Chinese（1920-2020）,1,0
抢救救他,modern Chinese（1920-2020）,1,0
抢时间,modern Chinese（1920-2020）,1,0
抢着和啄着,modern Chinese（1920-2020）,0,1
抢种大豆,modern Chinese（1920-2020）,0,1
抢购,modern Chinese（1920-2020）,0,1
抢运东西,modern Chinese（1920-2020）,0,1
抢运千万吨煤炭,modern Chinese（1920-2020）,0,1
抢运垃圾,modern Chinese（1920-2020）,1,0
抢险灭火,modern Chinese（1920-2020）,0,1
抢险贡献自己的一分力量,modern Chinese（1920-2020）,1,0
护养着,modern Chinese（1920-2020）,1,0
护理他,modern Chinese（1920-2020）,1,0
护理着生病的房客,modern Chinese（1920-2020）,0,1
报,modern Chinese（1920-2020）,1,0
报信,modern Chinese（1920-2020）,1,0
报告,modern Chinese（1920-2020）,1,0
报告新闻,modern Chinese（1920-2020）,1,0
报告海湾局势的最新发展,modern Chinese（1920-2020）,0,1
报告着大风降温消息,modern Chinese（1920-2020）,1,0
报复初恋中染上的资产阶级的蓝色水兵服和肥腿裤上的异己阶级情调,modern Chinese（1920-2020）,1,0
报批,modern Chinese（1920-2020）,0,1
报请及龄退役,modern Chinese（1920-2020）,1,0
报请退役,modern Chinese（1920-2020）,1,0
报道他,modern Chinese（1920-2020）,1,0
报道他底末日底来临,modern Chinese（1920-2020）,1,0
抬头,modern Chinese（1920-2020）,1,1
抬头看着天空,modern Chinese（1920-2020）,1,0
抬木头,modern Chinese（1920-2020）,1,0
抬杠,modern Chinese（1920-2020）,1,0
抬电杆上山抢修,modern Chinese（1920-2020）,1,0
抬着,modern Chinese（1920-2020）,1,0
抬着头向前凝望,modern Chinese（1920-2020）,1,0
抬行,modern Chinese（1920-2020）,0,1
抬麻翻的三个日本兵和孙毛旦,modern Chinese（1920-2020）,0,1
抱怨,modern Chinese（1920-2020）,1,0
抱怨她道,modern Chinese（1920-2020）,1,0
抱怨我,modern Chinese（1920-2020）,1,0
抱怨某事也纹丝不改如同她光滑无皱的脸,modern Chinese（1920-2020）,1,0
抱怨经济学家的可怜的预测能力,modern Chinese（1920-2020）,1,0
抱怨自己“是孤零零一个人”,modern Chinese（1920-2020）,1,0
抱怨阿巧拿错了衣服,modern Chinese（1920-2020）,1,0
抱怨革命对初恋的阉割,modern Chinese（1920-2020）,1,0
抱着个盆,modern Chinese（1920-2020）,1,0
抱着她的孩子拉大屎,modern Chinese（1920-2020）,1,0
抱着自己从深水向上浮,modern Chinese（1920-2020）,1,0
抵制日货,modern Chinese（1920-2020）,0,1
抵抗,modern Chinese（1920-2020）,5,0
抵抗什么,modern Chinese（1920-2020）,1,0
抵抗着痛苦的感觉,modern Chinese（1920-2020）,1,0
抵挡,modern Chinese（1920-2020）,1,0
抵赖,modern Chinese（1920-2020）,1,0
抵赖它和它的代理人古巴策动了对扎伊尔沙巴的入侵,modern Chinese（1920-2020）,1,0
抹墙壁上的洼点,modern Chinese（1920-2020）,1,0
抹擦鼻涕,modern Chinese（1920-2020）,1,0
抹眼泪,modern Chinese（1920-2020）,2,1
抹脸,modern Chinese（1920-2020）,1,0
押,modern Chinese（1920-2020）,3,0
抽,modern Chinese（1920-2020）,0,1
抽他的纸烟,modern Chinese（1920-2020）,1,0
抽动着,modern Chinese（1920-2020）,1,0
抽咽,modern Chinese（1920-2020）,1,0
抽噎着,modern Chinese（1920-2020）,1,0
抽引,modern Chinese（1920-2020）,1,0
抽打靴筒,modern Chinese（1920-2020）,1,0
抽搐,modern Chinese（1920-2020）,3,1
抽搐着,modern Chinese（1920-2020）,1,0
抽气,modern Chinese（1920-2020）,2,0
抽泣,modern Chinese（1920-2020）,6,0
抽派干部赴上述各地加强分公司工作,modern Chinese（1920-2020）,0,1
抽烟,modern Chinese（1920-2020）,9,6
抽筋,modern Chinese（1920-2020）,2,0
抽芽,modern Chinese（1920-2020）,1,0
抽调大批干部,modern Chinese（1920-2020）,0,1
抽风,modern Chinese（1920-2020）,0,1
担任游动哨,modern Chinese（1920-2020）,0,1
担优,modern Chinese（1920-2020）,1,0
担当着一项特殊任务,modern Chinese（1920-2020）,0,1
担当起这样的桥梁的任务,modern Chinese（1920-2020）,1,0
担心,modern Chinese（1920-2020）,17,2
担心他是否有这样飞涧跨谷的奇能,modern Chinese（1920-2020）,1,0
担心他的忠心,modern Chinese（1920-2020）,1,0
担心地下党和我们联系不上,modern Chinese（1920-2020）,1,0
担心徐以显转来,modern Chinese（1920-2020）,0,1
担心志刚会把看见的事说出去,modern Chinese（1920-2020）,1,0
担心着,modern Chinese（1920-2020）,2,0
担心着日寇有一天会暴动,modern Chinese（1920-2020）,1,0
担心着朱行健会突然上来,modern Chinese（1920-2020）,1,0
担心社能不能办好,modern Chinese（1920-2020）,1,0
担忧,modern Chinese（1920-2020）,4,0
担忧着,modern Chinese（1920-2020）,1,0
担粪,modern Chinese（1920-2020）,0,1
担负着,modern Chinese（1920-2020）,1,0
拆,modern Chinese（1920-2020）,1,0
拆一件旧毛线衣,modern Chinese（1920-2020）,1,0
拆卸,modern Chinese（1920-2020）,1,0
拆卸父母的大床,modern Chinese（1920-2020）,1,0
拆台,modern Chinese（1920-2020）,1,0
拆城,modern Chinese（1920-2020）,1,0
拆墙,modern Chinese（1920-2020）,1,0
拆开女朋友寄来的包裹,modern Chinese（1920-2020）,0,1
拆房子,modern Chinese（1920-2020）,1,0
拆毁,modern Chinese（1920-2020）,0,1
拆毁房屋,modern Chinese（1920-2020）,0,1
拆草棚,modern Chinese（1920-2020）,1,0
拆除,modern Chinese（1920-2020）,0,2
拆除澳大利亚所有的发电设施,modern Chinese（1920-2020）,0,1
拆除线路,modern Chinese（1920-2020）,1,0
拆除鹿角,modern Chinese（1920-2020）,1,0
拉,modern Chinese（1920-2020）,2,0
拉一个破风箱,modern Chinese（1920-2020）,1,0
拉他的心,modern Chinese（1920-2020）,0,1
拉响警报,modern Chinese（1920-2020）,1,0
拉大,modern Chinese（1920-2020）,4,1
拉她,modern Chinese（1920-2020）,1,0
拉她起来,modern Chinese（1920-2020）,1,0
拉家常,modern Chinese（1920-2020）,1,0
拉开临时布置的障碍物,modern Chinese（1920-2020）,0,1
拉开或合上,modern Chinese（1920-2020）,1,0
拉弓,modern Chinese（1920-2020）,1,0
拉手风琴,modern Chinese（1920-2020）,2,0
拉扯,modern Chinese（1920-2020）,0,1
拉抽屉,modern Chinese（1920-2020）,1,0
拉案,modern Chinese（1920-2020）,1,0
拉电杆,modern Chinese（1920-2020）,1,0
拉着他的手,modern Chinese（1920-2020）,1,0
拉着自己往前跑,modern Chinese（1920-2020）,1,0
拉线操纵,modern Chinese（1920-2020）,1,0
拉肥,modern Chinese（1920-2020）,0,1
拉胡琴,modern Chinese（1920-2020）,1,0
拉门,modern Chinese（1920-2020）,1,0
拌豆腐,modern Chinese（1920-2020）,1,0
拌醋醅,modern Chinese（1920-2020）,1,0
拍,modern Chinese（1920-2020）,2,0
拍一个大烟囱,modern Chinese（1920-2020）,1,0
拍什么,modern Chinese（1920-2020）,1,0
拍卖,modern Chinese（1920-2020）,1,0
拍卖着,modern Chinese（1920-2020）,1,0
拍哪些新片子,modern Chinese（1920-2020）,0,1
拍手欢呼,modern Chinese（1920-2020）,1,0
拍拖,modern Chinese（1920-2020）,1,0
拍摄养老专题视频,modern Chinese（1920-2020）,1,0
拍海滩夕照,modern Chinese（1920-2020）,1,0
拍照,modern Chinese（1920-2020）,1,0
拍王秉钧底左肩,modern Chinese（1920-2020）,1,0
拍着手,modern Chinese（1920-2020）,1,0
拍着支书的胸,modern Chinese（1920-2020）,1,0
拍着桌子,modern Chinese（1920-2020）,0,1
拍着桌子骂人,modern Chinese（1920-2020）,1,0
拍自己内心的东西,modern Chinese（1920-2020）,1,0
拒绝她,modern Chinese（1920-2020）,2,0
拓宽,modern Chinese（1920-2020）,0,1
拓展,modern Chinese（1920-2020）,0,1
拔,modern Chinese（1920-2020）,1,0
拔地而起,modern Chinese（1920-2020）,0,1
拔掉旧电线杆,modern Chinese（1920-2020）,0,1
拔节,modern Chinese（1920-2020）,2,1
拔节孕穗,modern Chinese（1920-2020）,0,1
拔草,modern Chinese（1920-2020）,1,0
拔青萝卜、红萝卜,modern Chinese（1920-2020）,1,0
拖,modern Chinese（1920-2020）,1,0
拖延,modern Chinese（1920-2020）,1,0
拖延对日和约的订立,modern Chinese（1920-2020）,0,1
拖延谈判,modern Chinese（1920-2020）,1,0
拖炮车,modern Chinese（1920-2020）,1,0
招兵买马,modern Chinese（1920-2020）,2,0
招募,modern Chinese（1920-2020）,1,0
招募十万日军准备来华帮助残匪作战,modern Chinese（1920-2020）,0,1
招呼,modern Chinese（1920-2020）,1,0
招呼他,modern Chinese（1920-2020）,2,1
招呼你,modern Chinese（1920-2020）,2,0
招呼她,modern Chinese（1920-2020）,1,0
招呼我,modern Chinese（1920-2020）,1,0
招呼着将放在院里的器材隐蔽好,modern Chinese（1920-2020）,1,0
招呼自己,modern Chinese（1920-2020）,1,0
招呼辅导员,modern Chinese（1920-2020）,1,0
招商,modern Chinese（1920-2020）,0,1
招待一桌来自上海的客人,modern Chinese（1920-2020）,0,1
招待客,modern Chinese（1920-2020）,1,0
招待客人,modern Chinese（1920-2020）,1,0
招我,modern Chinese（1920-2020）,1,0
招手,modern Chinese（1920-2020）,12,4
招手微笑,modern Chinese（1920-2020）,1,0
招打扫卫生的大妈,modern Chinese（1920-2020）,1,0
招揽生意,modern Chinese（1920-2020）,1,0
招架,modern Chinese（1920-2020）,1,0
招洗头工,modern Chinese（1920-2020）,0,2
招聘,modern Chinese（1920-2020）,1,0
招聘一些高级的管理人员来当当网工作,modern Chinese（1920-2020）,0,1
招认,modern Chinese（1920-2020）,1,0
拜望一位朋友,modern Chinese（1920-2020）,1,0
拟,modern Chinese（1920-2020）,1,0
拟什么稿子,modern Chinese（1920-2020）,1,0
拟定进一步的扩建计划,modern Chinese（1920-2020）,1,0
拟订,modern Chinese（1920-2020）,0,2
拟订一个计划,modern Chinese（1920-2020）,0,1
拟订一项大规模的破译人类蛋白质组计划,modern Chinese（1920-2020）,0,1
拟订新法例,modern Chinese（1920-2020）,0,1
拟订计划,modern Chinese（1920-2020）,1,0
拟订试用新产品的具体管理办法,modern Chinese（1920-2020）,0,1
拥抱,modern Chinese（1920-2020）,1,0
拥挤,modern Chinese（1920-2020）,1,0
拥有越来越多的粉丝,modern Chinese（1920-2020）,0,1
拥衾而眠,modern Chinese（1920-2020）,1,0
拧身上水溜,modern Chinese（1920-2020）,0,1
拨开艺术理想的雾障,modern Chinese（1920-2020）,1,0
拨弄,modern Chinese（1920-2020）,1,0
拨弄婉小姐的手镯,modern Chinese（1920-2020）,0,1
拨弄木炭的白灰,modern Chinese（1920-2020）,0,1
拨弄着,modern Chinese（1920-2020）,3,0
拨弄着发红的火炭,modern Chinese（1920-2020）,1,0
拨打着,modern Chinese（1920-2020）,1,0
拨算盘珠子,modern Chinese（1920-2020）,1,0
择菜,modern Chinese（1920-2020）,0,1
拭汗,modern Chinese（1920-2020）,1,0
拱奉给苏联的飞机、军舰使用,modern Chinese（1920-2020）,0,1
拷打着两个被绑的护路岗哨,modern Chinese（1920-2020）,1,0
拼凑,modern Chinese（1920-2020）,1,0
拼凑临时政府和兜售迫使爱国军民投降的方案,modern Chinese（1920-2020）,0,1
拼凑新内阁,modern Chinese（1920-2020）,1,0
拼劲,modern Chinese（1920-2020）,0,1
拼命聒噪,modern Chinese（1920-2020）,1,0
拾地上的玉兰花片,modern Chinese（1920-2020）,1,0
拿不定主意,modern Chinese（1920-2020）,0,1
拿工资,modern Chinese（1920-2020）,1,0
拿爱字来粉饰太平,modern Chinese（1920-2020）,1,0
拿着大木勺子发放,modern Chinese（1920-2020）,0,1
拿着木凳乱抡,modern Chinese（1920-2020）,1,0
拿自家的东西,modern Chinese（1920-2020）,1,0
拿自己的矛戳自己的盾,modern Chinese（1920-2020）,1,0
拿药,modern Chinese（1920-2020）,0,1
持竿垂钓,modern Chinese（1920-2020）,1,0
持续,modern Chinese（1920-2020）,8,0
持续发展,modern Chinese（1920-2020）,1,0
挂念你,modern Chinese（1920-2020）,2,0
挂念着你,modern Chinese（1920-2020）,2,0
挂念黑妮,modern Chinese（1920-2020）,1,0
挂牵着她,modern Chinese（1920-2020）,1,0
挂电话,modern Chinese（1920-2020）,0,1
挂着,modern Chinese（1920-2020）,1,0
挂衣服,modern Chinese（1920-2020）,0,1
挂钩,modern Chinese（1920-2020）,1,0
挂钩“红河杯”,modern Chinese（1920-2020）,1,0
指使,modern Chinese（1920-2020）,2,0
指出祖国独立发展的道路,modern Chinese（1920-2020）,0,1
指向朝鲜,modern Chinese（1920-2020）,0,1
指向马家匪军的老窝,modern Chinese（1920-2020）,0,1
指导乡人,modern Chinese（1920-2020）,1,0
指导纪检监察工作,modern Chinese（1920-2020）,0,1
指导自己的思想、学习和工作,modern Chinese（1920-2020）,1,0
指导艰苦的战斗,modern Chinese（1920-2020）,0,1
指导试点企业有序实施,modern Chinese（1920-2020）,0,1
指挥,modern Chinese（1920-2020）,5,0
指挥作战的光景,modern Chinese（1920-2020）,1,0
指挥几个人一起抢抄一份“险报”,modern Chinese（1920-2020）,1,0
指挥同学们演出,modern Chinese（1920-2020）,1,0
指挥土匪,modern Chinese（1920-2020）,1,0
指挥开炮,modern Chinese（1920-2020）,0,1
指挥我们战斗、学习,modern Chinese（1920-2020）,1,0
指挥捕食和逃跑,modern Chinese（1920-2020）,1,0
指挥排除第八、九号墩子底下的定时炸弹，,modern Chinese（1920-2020）,0,1
指挥操演阵法,modern Chinese（1920-2020）,0,1
指挥操纵,modern Chinese（1920-2020）,1,0
指挥操练,modern Chinese（1920-2020）,0,1
指挥攻击,modern Chinese（1920-2020）,0,1
指挥着,modern Chinese（1920-2020）,1,0
指挥着工人搬东西,modern Chinese（1920-2020）,0,1
指挥着陈四和几个队员在埋藏物资,modern Chinese（1920-2020）,0,1
指挥着饿瘦的老百姓,modern Chinese（1920-2020）,1,0
指挥越南部队侵略柬埔寨,modern Chinese（1920-2020）,1,0
指挥骑兵变化队形,modern Chinese（1920-2020）,0,1
指望她邀请他明天去帮忙一样,modern Chinese（1920-2020）,1,0
指维德,modern Chinese（1920-2020）,1,0
指责对方最先开枪发射实弹,modern Chinese（1920-2020）,1,0
指责蒋孝武揽权固位,modern Chinese（1920-2020）,1,0
指路,modern Chinese（1920-2020）,0,1
按捺心中的兴奋,modern Chinese（1920-2020）,1,0
按摩,modern Chinese（1920-2020）,0,2
按着肚子,modern Chinese（1920-2020）,1,0
挑,modern Chinese（1920-2020）,1,0
挑剔中国的反兴奋剂工作,modern Chinese（1920-2020）,1,0
挑剔学潮,modern Chinese（1920-2020）,1,0
挑引外强中干的对方,modern Chinese（1920-2020）,1,0
挑战,modern Chinese（1920-2020）,6,0
挑战什么,modern Chinese（1920-2020）,1,0
挑战传统,modern Chinese（1920-2020）,0,1
挑战和宣誓,modern Chinese（1920-2020）,1,0
挑战西方世界秩序的核心价值,modern Chinese（1920-2020）,1,0
挑水,modern Chinese（1920-2020）,1,0
挑男人,modern Chinese（1920-2020）,1,0
挑衅,modern Chinese（1920-2020）,1,0
挑衅不休,modern Chinese（1920-2020）,1,0
挑衅他,modern Chinese（1920-2020）,0,1
挑衅和证明,modern Chinese（1920-2020）,1,0
挑起箩筐,modern Chinese（1920-2020）,0,1
挑选教师和编制教学计划,modern Chinese（1920-2020）,0,1
挑选花布,modern Chinese（1920-2020）,1,0
挖,modern Chinese（1920-2020）,2,0
挖一只手电筒,modern Chinese（1920-2020）,1,0
挖何首乌,modern Chinese（1920-2020）,1,0
挖同盟者的墙脚,modern Chinese（1920-2020）,1,0
挖土,modern Chinese（1920-2020）,1,0
挖土筑路、架设桥梁,modern Chinese（1920-2020）,1,0
挖坑,modern Chinese（1920-2020）,1,0
挖墙洞,modern Chinese（1920-2020）,0,1
挖工事,modern Chinese（1920-2020）,1,0
挖开我的回忆的坟墓,modern Chinese（1920-2020）,1,0
挖战壕、战斗工事、修军事公路,modern Chinese（1920-2020）,1,0
挖掘地道,modern Chinese（1920-2020）,0,1
挖掘坟墓,modern Chinese（1920-2020）,1,0
挖掘潜力,modern Chinese（1920-2020）,0,1
挖掘着树疙苑,modern Chinese（1920-2020）,1,0
挖树桩子,modern Chinese（1920-2020）,1,0
挖沙,modern Chinese（1920-2020）,1,0
挖泥,modern Chinese（1920-2020）,1,0
挖苦你,modern Chinese（1920-2020）,1,0
挖苦她,modern Chinese（1920-2020）,2,0
挖苦我,modern Chinese（1920-2020）,1,0
挡住什么凶恶的敌人,modern Chinese（1920-2020）,1,0
挡路,modern Chinese（1920-2020）,1,0
挣,modern Chinese（1920-2020）,1,0
挣命奔逃着,modern Chinese（1920-2020）,0,1
挣扎,modern Chinese（1920-2020）,23,4
挣扎于问题丛脞中,modern Chinese（1920-2020）,0,1
挣扎出来,modern Chinese（1920-2020）,0,1
挣扎奋起,modern Chinese（1920-2020）,0,1
挣扎着,modern Chinese（1920-2020）,1,0
挣扎着往对岸浮,modern Chinese（1920-2020）,0,1
挣脱,modern Chinese（1920-2020）,0,1
挣脱着,modern Chinese（1920-2020）,1,0
挤,modern Chinese（1920-2020）,1,1
挤奶,modern Chinese（1920-2020）,0,1
挤抢,modern Chinese（1920-2020）,1,0
挤轧,modern Chinese（1920-2020）,1,0
挤进视线,modern Chinese（1920-2020）,1,0
挥举,modern Chinese（1920-2020）,1,0
挥动,modern Chinese（1920-2020）,2,0
挥动拳头,modern Chinese（1920-2020）,1,0
挥动着一面大旗,modern Chinese（1920-2020）,1,0
挥发他们的精力,modern Chinese（1920-2020）,1,0
挥手,modern Chinese（1920-2020）,5,0
挥手讲话,modern Chinese（1920-2020）,0,1
挨打,modern Chinese（1920-2020）,2,0
挨饿,modern Chinese（1920-2020）,3,0
挨饿受冻,modern Chinese（1920-2020）,1,0
振着翅膀,modern Chinese（1920-2020）,0,1
振臂欢迎我们,modern Chinese（1920-2020）,0,1
挺进,modern Chinese（1920-2020）,0,2
挽救别人的生命,modern Chinese（1920-2020）,1,0
挽救自己的生命,modern Chinese（1920-2020）,1,0
挽留以摹古见长的黄宾虹继续在北平艺专任教,modern Chinese（1920-2020）,1,0
挽留她,modern Chinese（1920-2020）,1,0
挽留这个腐烂的社会,modern Chinese（1920-2020）,1,0
挽起袖子大干,modern Chinese（1920-2020）,1,0
捂盖子,modern Chinese（1920-2020）,1,0
捉弄人的命运,modern Chinese（1920-2020）,1,0
捉弄他,modern Chinese（1920-2020）,1,0
捉摸,modern Chinese（1920-2020）,1,0
捉着迷藏,modern Chinese（1920-2020）,0,1
捉虱,modern Chinese（1920-2020）,1,0
捉迷藏,modern Chinese（1920-2020）,3,0
捏一把汗,modern Chinese（1920-2020）,1,0
捏拢着一个摔扁了的泥人,modern Chinese（1920-2020）,1,0
捐款,modern Chinese（1920-2020）,1,0
捐赠,modern Chinese（1920-2020）,1,0
捕捉另外一些东西,modern Chinese（1920-2020）,1,0
捕食山鼠,modern Chinese（1920-2020）,0,1
损公济私,modern Chinese（1920-2020）,1,0
损失宝贵的市场份额,modern Chinese（1920-2020）,0,1
损害未来的合作机会,modern Chinese（1920-2020）,0,1
损害澳大利亚的国际贸易,modern Chinese（1920-2020）,0,1
损害着,modern Chinese（1920-2020）,1,0
捡鸭蛋,modern Chinese（1920-2020）,0,1
换,modern Chinese（1920-2020）,0,1
换取进入共同市场,modern Chinese（1920-2020）,0,1
换土,modern Chinese（1920-2020）,0,1
换桌围椅垫,modern Chinese（1920-2020）,1,0
换自来水管,modern Chinese（1920-2020）,1,0
换药,modern Chinese（1920-2020）,0,1
换衣服,modern Chinese（1920-2020）,1,1
换装,modern Chinese（1920-2020）,1,0
换钱,modern Chinese（1920-2020）,1,0
捣乱,modern Chinese（1920-2020）,4,0
捣毁鬼子的仓库,modern Chinese（1920-2020）,1,0
捣腾买卖,modern Chinese（1920-2020）,1,0
捣蛋,modern Chinese（1920-2020）,1,0
捣鬼,modern Chinese（1920-2020）,7,0
捧着一只大的乳头乳娃娃,modern Chinese（1920-2020）,0,1
捧着一本首长桌上的书,modern Chinese（1920-2020）,0,1
捧程再春,modern Chinese（1920-2020）,1,0
捱日子,modern Chinese（1920-2020）,2,0
捶,modern Chinese（1920-2020）,1,0
捶大腿,modern Chinese（1920-2020）,0,1
捶背,modern Chinese（1920-2020）,0,2
捻蹭着那颗螺丝,modern Chinese（1920-2020）,1,0
掀开,modern Chinese（1920-2020）,1,0
掀弄着她的胸部,modern Chinese（1920-2020）,1,0
掀起学习贯彻全会精神的热潮,modern Chinese（1920-2020）,0,1
掂量我刚才那些话的斤两,modern Chinese（1920-2020）,1,0
掂量着一把弯七扭八的锤把,modern Chinese（1920-2020）,0,1
掉,modern Chinese（1920-2020）,0,1
掉头发,modern Chinese（1920-2020）,0,2
掉屑,modern Chinese（1920-2020）,1,0
掉眼泪,modern Chinese（1920-2020）,2,0
掌勺,modern Chinese（1920-2020）,0,1
掌握广大农民,modern Chinese（1920-2020）,0,1
掌握这一庞大的信息系统,modern Chinese（1920-2020）,1,0
掏摸他的旅行大皮箱子,modern Chinese（1920-2020）,1,0
排,modern Chinese（1920-2020）,1,0
排出,modern Chinese（1920-2020）,0,1
排印,modern Chinese（1920-2020）,0,1
排放污染物,modern Chinese（1920-2020）,1,0
排水,modern Chinese（1920-2020）,0,1
排演,modern Chinese（1920-2020）,1,0
排演《方珍珠》,modern Chinese（1920-2020）,0,1
"排演着郑伯奇
的「抗争」",modern Chinese（1920-2020）,0,1
排演话剧,modern Chinese（1920-2020）,1,0
排练,modern Chinese（1920-2020）,2,1
排练为访华准备的节目,modern Chinese（1920-2020）,0,1
排练节目,modern Chinese（1920-2020）,1,0
排队,modern Chinese（1920-2020）,2,2
排队等理发,modern Chinese（1920-2020）,1,0
排除,modern Chinese（1920-2020）,0,2
掘地,modern Chinese（1920-2020）,1,0
掘笋,modern Chinese（1920-2020）,0,1
掘自己的坟墓,modern Chinese（1920-2020）,1,0
掘草根,modern Chinese（1920-2020）,0,1
掠夺中国的财富,modern Chinese（1920-2020）,1,0
掠夺拉丁美洲,modern Chinese（1920-2020）,1,0
掠夺资源,modern Chinese（1920-2020）,1,0
掠着雪上的枯草梢,modern Chinese（1920-2020）,1,0
掠过,modern Chinese（1920-2020）,0,2
"探听匪踪设法
营救",modern Chinese（1920-2020）,0,1
探头探脑,modern Chinese（1920-2020）,1,0
探察少剑波要问他什么,modern Chinese（1920-2020）,1,0
探寻自我研究我与周围世界的关,modern Chinese（1920-2020）,1,0
探望尚炯的病,modern Chinese（1920-2020）,0,1
探求为人民奉献的路,modern Chinese（1920-2020）,1,0
探究一个“谜”的底,modern Chinese（1920-2020）,1,0
探究什么,modern Chinese（1920-2020）,1,0
探索,modern Chinese（1920-2020）,4,2
探索“更深一层”的艺术手法,modern Chinese（1920-2020）,1,0
探索共建生态城市,modern Chinese（1920-2020）,0,1
探索创造性的决策和办法,modern Chinese（1920-2020）,0,1
探索剑波的判断,modern Chinese（1920-2020）,1,0
探索区校合作,modern Chinese（1920-2020）,0,1
探索文学艺术的作用,modern Chinese（1920-2020）,1,0
探索新的途径,modern Chinese（1920-2020）,0,1
探索符合本国国情的发展道路,modern Chinese（1920-2020）,0,1
探索绿色发展,modern Chinese（1920-2020）,1,0
探索路子,modern Chinese（1920-2020）,1,0
探索适合本国国情的发展道路,modern Chinese（1920-2020）,0,1
探讨合作建设,modern Chinese（1920-2020）,0,1
探讨对它进行可行性研究的可行性,modern Chinese（1920-2020）,1,0
探讨这个问题,modern Chinese（1920-2020）,1,0
探讨进一步提高关税的措施,modern Chinese（1920-2020）,0,1
探询,modern Chinese（1920-2020）,0,1
探问,modern Chinese（1920-2020）,1,0
探险,modern Chinese（1920-2020）,1,0
接力,modern Chinese（1920-2020）,1,0
接北京来的长途电话,modern Chinese（1920-2020）,1,0
接受命令能人民解放军,modern Chinese（1920-2020）,0,1
接受安全帽撞击,modern Chinese（1920-2020）,0,1
接受恐怖的练习,modern Chinese（1920-2020）,1,0
接受手术治疗,modern Chinese（1920-2020）,0,1
接受指使菲律宾,modern Chinese（1920-2020）,1,0
接受改造,modern Chinese（1920-2020）,0,1
接受来自俄国的大批武器供应,modern Chinese（1920-2020）,0,1
接受桂花传统的日式服侍,modern Chinese（1920-2020）,0,1
接受治疗、训练,modern Chinese（1920-2020）,0,1
接受着你给我们的命令,modern Chinese（1920-2020）,1,0
接受那轮船所激起挑战的浪花,modern Chinese（1920-2020）,1,0
接受长官的授勋,modern Chinese（1920-2020）,1,0
接吻,modern Chinese（1920-2020）,0,1
接应,modern Chinese（1920-2020）,1,0
接待一个来自香港的青年参访团,modern Chinese（1920-2020）,0,1
接待贵宾,modern Chinese（1920-2020）,1,0
接收,modern Chinese（1920-2020）,0,2
接收来自太空的电磁辐射,modern Chinese（1920-2020）,1,0
接收这家公司,modern Chinese（1920-2020）,0,1
接洽,modern Chinese（1920-2020）,0,2
接洽本年秋天到山阳去当教员的事,modern Chinese（1920-2020）,1,0
接电话,modern Chinese（1920-2020）,1,0
接见学联代表,modern Chinese（1920-2020）,0,1
接触,modern Chinese（1920-2020）,0,2
接触生活,modern Chinese（1920-2020）,0,1
接过他们手中的火炬,modern Chinese（1920-2020）,0,1
接近,modern Chinese（1920-2020）,2,1
接近三万米,modern Chinese（1920-2020）,0,1
接近两万米高度,modern Chinese（1920-2020）,0,1
接近这个辉煌,modern Chinese（1920-2020）,0,1
接革命的班,modern Chinese（1920-2020）,1,0
接龙,modern Chinese（1920-2020）,1,0
控制、支配着人类,modern Chinese（1920-2020）,1,0
控制着,modern Chinese（1920-2020）,1,0
控制着它,modern Chinese（1920-2020）,1,0
"控制起伏的感
情",modern Chinese（1920-2020）,1,0
控诉,modern Chinese（1920-2020）,1,0
控诉日寇和国民党的罪恶,modern Chinese（1920-2020）,1,0
推举二哥,modern Chinese（1920-2020）,1,0
推介塑料制品,modern Chinese（1920-2020）,1,0
推他,modern Chinese（1920-2020）,2,0
推动“一带一路”倡议与“两廊一圈”规划对接,modern Chinese（1920-2020）,0,1
推动和炒作,modern Chinese（1920-2020）,1,0
推动新中国的诞生,modern Chinese（1920-2020）,0,1
推动新中国诞生,modern Chinese（1920-2020）,0,1
推动焦炉煤气合成天然气项目富氢尾气资源深度开发,modern Chinese（1920-2020）,0,1
推动现社会前进,modern Chinese（1920-2020）,1,0
推动着他,modern Chinese（1920-2020）,2,0
推她,modern Chinese（1920-2020）,1,0
推广,modern Chinese（1920-2020）,0,2
推广“快锄低铲”的甘蔗收获法,modern Chinese（1920-2020）,0,1
推广各种节省钢材和水泥的措施,modern Chinese（1920-2020）,0,1
推广惠安县乡邮改革的成功经验,modern Chinese（1920-2020）,0,1
推广我栽培水稻的经验,modern Chinese（1920-2020）,1,0
推广这种先进采煤法,modern Chinese（1920-2020）,0,1
推广铲工组的“全面质量管理”经验,modern Chinese（1920-2020）,0,1
推延,modern Chinese（1920-2020）,1,0
推开,modern Chinese（1920-2020）,0,1
推想党中其他可能以“黑马”姿态出现的有资望的同志,modern Chinese（1920-2020）,1,0
推搡万昌盛,modern Chinese（1920-2020）,0,1
推搪他,modern Chinese（1920-2020）,1,0
推敲,modern Chinese（1920-2020）,2,0
推敲如何更好地表现和处理水势,modern Chinese（1920-2020）,1,0
推测这件事的后果,modern Chinese（1920-2020）,0,1
推牌九,modern Chinese（1920-2020）,1,0
推着,modern Chinese（1920-2020）,1,0
推着他的巨石,modern Chinese（1920-2020）,1,0
推着她走,modern Chinese（1920-2020）,1,0
推着水车,modern Chinese（1920-2020）,1,0
推着航迹前进,modern Chinese（1920-2020）,1,0
推碾,modern Chinese（1920-2020）,1,0
推磨,modern Chinese（1920-2020）,2,0
推行,modern Chinese（1920-2020）,0,3
推行免费体检,modern Chinese（1920-2020）,1,0
推行其侵略政策和战争政策,modern Chinese（1920-2020）,1,0
推行深入到户开票收款的办法,modern Chinese（1920-2020）,0,1
推行这种养老模式,modern Chinese（1920-2020）,1,0
推进,modern Chinese（1920-2020）,4,17
推进劳动竞赛,modern Chinese（1920-2020）,0,1
推进国内经济发展,modern Chinese（1920-2020）,0,1
推进新一轮高水平对外开放,modern Chinese（1920-2020）,0,1
推进森林城市群建设,modern Chinese（1920-2020）,0,1
推进生产自动化,modern Chinese（1920-2020）,0,1
推进社会主义现代化建设,modern Chinese（1920-2020）,0,1
推进落实,modern Chinese（1920-2020）,0,1
推销什么产品,modern Chinese（1920-2020）,1,0
推销次品,modern Chinese（1920-2020）,1,0
推门,modern Chinese（1920-2020）,1,0
掩埋应该分给大伙的东西,modern Chinese（1920-2020）,1,0
掩埋贵重东西,modern Chinese（1920-2020）,1,0
掩埋遇害群众的尸体,modern Chinese（1920-2020）,1,0
掩护别的部队往小山上撤退,modern Chinese（1920-2020）,0,1
掩盖推行反动政策,modern Chinese（1920-2020）,1,0
掩蔽部里,modern Chinese（1920-2020）,1,0
掩饰,modern Chinese（1920-2020）,2,0
掩饰其内战罪行,modern Chinese（1920-2020）,1,0
掰手腕,modern Chinese（1920-2020）,1,0
掰玉米,modern Chinese（1920-2020）,1,0
掷“状元红”,modern Chinese（1920-2020）,0,1
掷石子,modern Chinese（1920-2020）,1,0
掷骰子,modern Chinese（1920-2020）,0,1
掸这肌理稠密的睡,modern Chinese（1920-2020）,1,0
掺沙子,modern Chinese（1920-2020）,0,1
揉她,modern Chinese（1920-2020）,1,0
揉眼睛,modern Chinese（1920-2020）,3,0
描他对面的那个裸体美人的轮廓,modern Chinese（1920-2020）,1,0
描摹,modern Chinese（1920-2020）,1,0
描眉和化妆,modern Chinese（1920-2020）,0,1
描述一幅男女对称平衡，很有装饰感的画面,modern Chinese（1920-2020）,1,0
描述自己的成长经历,modern Chinese（1920-2020）,1,0
提人,modern Chinese（1920-2020）,1,0
提供“坚实的翅膀”和“聪明的脑袋”,modern Chinese（1920-2020）,1,0
提供一个新例子,modern Chinese（1920-2020）,1,0
提供安全,modern Chinese（1920-2020）,1,0
提供新的“案例”,modern Chinese（1920-2020）,0,1
提供更多更好的公共产品,modern Chinese（1920-2020）,0,1
提倡儒家那一套,modern Chinese（1920-2020）,1,0
提倡厚黑学,modern Chinese（1920-2020）,1,0
提倡国货,modern Chinese（1920-2020）,0,1
提倡新诗的格律化,modern Chinese（1920-2020）,0,1
提倡着这种享乐的风气,modern Chinese（1920-2020）,1,0
提倡研究国故,modern Chinese（1920-2020）,1,0
提出了抗议,modern Chinese（1920-2020）,0,1
提出申请,modern Chinese（1920-2020）,0,1
提升,modern Chinese（1920-2020）,3,2
提升自己的影响力和吸引力,modern Chinese（1920-2020）,0,1
提气，作势,modern Chinese（1920-2020）,1,0
提海水,modern Chinese（1920-2020）,1,0
提示我们,modern Chinese（1920-2020）,1,0
提脚,modern Chinese（1920-2020）,1,0
提议,modern Chinese（1920-2020）,1,0
提起家伙要去打饭,modern Chinese（1920-2020）,0,1
提速,modern Chinese（1920-2020）,1,0
提醒人们,modern Chinese（1920-2020）,1,0
提醒人们被遗忘的粮仓,modern Chinese（1920-2020）,1,0
提醒他,modern Chinese（1920-2020）,2,0
提醒他和催促他快快偿还积年老债,modern Chinese（1920-2020）,1,0
提醒我们,modern Chinese（1920-2020）,1,0
提醒我自己,modern Chinese（1920-2020）,1,0
提醒自己,modern Chinese（1920-2020）,2,0
提问,modern Chinese（1920-2020）,1,0
提防我,modern Chinese（1920-2020）,1,0
提防狐狸尾巴露出来那一天的到来,modern Chinese（1920-2020）,1,0
提高,modern Chinese（1920-2020）,18,3
提高它的军队的士气,modern Chinese（1920-2020）,0,1
提高警惕、加强联合、反对超级大国的激烈争夺,modern Chinese（1920-2020）,0,1
提高质量,modern Chinese（1920-2020）,1,1
插着,modern Chinese（1920-2020）,1,0
插秧,modern Chinese（1920-2020）,2,1
握着一柄看不见的剑,modern Chinese（1920-2020）,1,0
揣想,modern Chinese（1920-2020）,1,0
揣想她应该怎样做,modern Chinese（1920-2020）,1,0
揣摩她是不是在考验他一样,modern Chinese（1920-2020）,1,0
揣摩她的心思,modern Chinese（1920-2020）,1,0
揣摩她这话的意思,modern Chinese（1920-2020）,1,0
揣摩对方的真实意图,modern Chinese（1920-2020）,1,0
揣摩着政委的模样,modern Chinese（1920-2020）,1,0
揣摸着,modern Chinese（1920-2020）,2,0
揣测87岁的邓小平在南方到底讲了一些什么话,modern Chinese（1920-2020）,1,0
揣测马处的现状,modern Chinese（1920-2020）,0,1
揣猜这位“十八子”和“十八孩儿”指的什么人,modern Chinese（1920-2020）,1,0
揩拭着流在板凳上的鲜血的手,modern Chinese（1920-2020）,0,1
揩汗,modern Chinese（1920-2020）,1,0
揩眼泪,modern Chinese（1920-2020）,4,0
揩眼睛,modern Chinese（1920-2020）,3,1
揩脸,modern Chinese（1920-2020）,0,1
揩脸颊和嘴唇,modern Chinese（1920-2020）,0,1
揪着,modern Chinese（1920-2020）,3,0
揭着笼,modern Chinese（1920-2020）,1,0
揭露自己,modern Chinese（1920-2020）,0,1
援助你们这里的战斗,modern Chinese（1920-2020）,0,1
援外,modern Chinese（1920-2020）,1,0
揶揄,modern Chinese（1920-2020）,1,0
搂搂抱抱,modern Chinese（1920-2020）,1,0
搅动,modern Chinese（1920-2020）,1,0
搅扰他,modern Chinese（1920-2020）,1,0
搅拌混凝土,modern Chinese（1920-2020）,1,0
搅理,modern Chinese（1920-2020）,1,0
搏斗,modern Chinese（1920-2020）,3,1
搐动,modern Chinese（1920-2020）,2,0
搓手擦拳,modern Chinese（1920-2020）,0,1
搓牌,modern Chinese（1920-2020）,0,1
搔她的心,modern Chinese（1920-2020）,2,0
搔我的胸膛,modern Chinese（1920-2020）,1,0
搔痒,modern Chinese（1920-2020）,1,0
搔着,modern Chinese（1920-2020）,2,0
搔触她的手腕,modern Chinese（1920-2020）,0,1
搜寻幸存者,modern Chinese（1920-2020）,0,1
搜寻谁的身影,modern Chinese（1920-2020）,1,0
搜寻遇难者的下落,modern Chinese（1920-2020）,0,1
搜寻那些渐渐被忘却的往事,modern Chinese（1920-2020）,1,0
搜山,modern Chinese（1920-2020）,0,1
搜捕,modern Chinese（1920-2020）,0,1
搜捕八路,modern Chinese（1920-2020）,1,0
搜捕着他,modern Chinese（1920-2020）,1,0
搜查,modern Chinese（1920-2020）,0,1
搜查《挺进报》,modern Chinese（1920-2020）,1,0
搜查一个黄脸的商人模样的人,modern Chinese（1920-2020）,0,1
搜查他的同伙,modern Chinese（1920-2020）,0,1
搜查过往的行人,modern Chinese（1920-2020）,0,1
搜检行人,modern Chinese（1920-2020）,1,0
搜求替顾涌做过短工的人,modern Chinese（1920-2020）,0,1
搜求村上有什么遗忘的事没有,modern Chinese（1920-2020）,1,0
搜索,modern Chinese（1920-2020）,0,1
搜索她的行踪,modern Chinese（1920-2020）,0,1
搜索并欲消灭他,modern Chinese（1920-2020）,1,0
搜索着魔宫的余党,modern Chinese（1920-2020）,1,0
搜索谈话的材料,modern Chinese（1920-2020）,1,0
"搜集关于
「新港」的材料",modern Chinese（1920-2020）,0,1
搜集兵器谱上的各种知名兵刃,modern Chinese（1920-2020）,1,0
搜集名器谱上的各种名器,modern Chinese（1920-2020）,1,0
搜集我的材料,modern Chinese（1920-2020）,0,1
搜集秘方,modern Chinese（1920-2020）,1,0
搜集衣裳或是鞋袜,modern Chinese（1920-2020）,1,0
搞,modern Chinese（1920-2020）,2,1
搞“体外活动”,modern Chinese（1920-2020）,1,0
搞“演习”准备反攻,modern Chinese（1920-2020）,0,1
搞“联甲倒乙”的继续革命,modern Chinese（1920-2020）,0,1
搞中枢神经系统以及一些穴位的研究,modern Chinese（1920-2020）,0,1
搞争权夺利的把戏,modern Chinese（1920-2020）,1,0
搞什么名堂,modern Chinese（1920-2020）,2,0
搞什么幽默,modern Chinese（1920-2020）,1,0
搞什么私下活动,modern Chinese（1920-2020）,1,0
搞什么鬼,modern Chinese（1920-2020）,5,0
搞你的英语,modern Chinese（1920-2020）,1,0
搞修改《安全条约》勾当,modern Chinese（1920-2020）,1,0
搞加工,modern Chinese（1920-2020）,1,0
搞可行性研究,modern Chinese（1920-2020）,1,0
搞和平攻势,modern Chinese（1920-2020）,0,1
搞四化,modern Chinese（1920-2020）,1,0
搞基建,modern Chinese（1920-2020）,1,0
搞复辟,modern Chinese（1920-2020）,1,0
搞夜战,modern Chinese（1920-2020）,1,0
搞大扫除,modern Chinese（1920-2020）,1,0
搞大跃进,modern Chinese（1920-2020）,1,0
搞威胁,modern Chinese（1920-2020）,1,0
搞山头,modern Chinese（1920-2020）,1,0
搞建设,modern Chinese（1920-2020）,1,0
搞恋爱,modern Chinese（1920-2020）,2,0
搞我的电视机,modern Chinese（1920-2020）,1,0
搞爱民工作,modern Chinese（1920-2020）,1,0
搞着价,modern Chinese（1920-2020）,1,0
搞秘密计划,modern Chinese（1920-2020）,1,0
搞穿梭外交,modern Chinese（1920-2020）,1,0
搞第三十四个对象,modern Chinese（1920-2020）,1,0
搞糖衣炮弹,modern Chinese（1920-2020）,1,0
搞缓和,modern Chinese（1920-2020）,0,1
搞花样,modern Chinese（1920-2020）,1,0
搞诈骗,modern Chinese（1920-2020）,1,0
搞起一个运动,modern Chinese（1920-2020）,0,1
搞这个,modern Chinese（1920-2020）,1,0
搞颠复活动,modern Chinese（1920-2020）,1,0
搞鬼,modern Chinese（1920-2020）,2,0
搧她这个从出生就开始奋斗，到今天依旧一无所有的人的耳光,modern Chinese（1920-2020）,1,0
搪塞我,modern Chinese（1920-2020）,1,0
搬,modern Chinese（1920-2020）,1,0
搬上车,modern Chinese（1920-2020）,0,1
搬东西出来,modern Chinese（1920-2020）,1,0
搬东西走,modern Chinese（1920-2020）,1,1
搬大石头块儿,modern Chinese（1920-2020）,1,0
搬家,modern Chinese（1920-2020）,1,0
搬弄楼梯下面的纸箱,modern Chinese（1920-2020）,0,1
搬来搬去,modern Chinese（1920-2020）,1,0
搬石弄土,modern Chinese（1920-2020）,1,0
搬箱子,modern Chinese（1920-2020）,0,1
搬运,modern Chinese（1920-2020）,1,0
搬运沙袋围堵缺口,modern Chinese（1920-2020）,0,1
搬运着货物,modern Chinese（1920-2020）,1,0
搭建一个可以让全校同学的创新创业好想法都可以展现出来的平台,modern Chinese（1920-2020）,0,1
搭建帐篷,modern Chinese（1920-2020）,1,0
搭建自己的企业基石,modern Chinese（1920-2020）,1,0
搭建蔬菜大棚,modern Chinese（1920-2020）,1,0
搭彩棚,modern Chinese（1920-2020）,0,1
搭彩门,modern Chinese（1920-2020）,0,1
搭讪,modern Chinese（1920-2020）,0,1
搭车收费,modern Chinese（1920-2020）,1,0
摆,modern Chinese（1920-2020）,1,0
摆动,modern Chinese（1920-2020）,2,0
摆布,modern Chinese（1920-2020）,1,0
摆弄,modern Chinese（1920-2020）,1,0
摆弄一些贴在大幅硬纸上的照片,modern Chinese（1920-2020）,0,1
摆弄什么东西,modern Chinese（1920-2020）,1,0
摆弄着,modern Chinese（1920-2020）,1,0
摆弄钢笔,modern Chinese（1920-2020）,1,0
摆摊卖眼镜,modern Chinese（1920-2020）,1,0
摆甩阴霾带来的困境,modern Chinese（1920-2020）,0,1
摆脱危机,modern Chinese（1920-2020）,0,1
摆脱外国的统治,modern Chinese（1920-2020）,0,1
摆脱祖辈那种“一分钱攥出水来”的守财形象,modern Chinese（1920-2020）,0,1
摆脱经济增长赶不上人口增长的状况,modern Chinese（1920-2020）,0,1
摆赌,modern Chinese（1920-2020）,1,0
摆酒炒菜,modern Chinese（1920-2020）,1,0
摇动,modern Chinese（1920-2020）,5,0
摇动一个大石鼓,modern Chinese（1920-2020）,1,0
摇动着,modern Chinese（1920-2020）,1,0
摇头,modern Chinese（1920-2020）,4,0
摇摆,modern Chinese（1920-2020）,1,1
摇摇摆摆,modern Chinese（1920-2020）,1,0
摇摇晃晃,modern Chinese（1920-2020）,1,0
摇摊,modern Chinese（1920-2020）,0,1
摇撼,modern Chinese（1920-2020）,1,0
摇撼这个美丽的城市,modern Chinese（1920-2020）,1,0
摇旗和呐喊,modern Chinese（1920-2020）,1,0
摇晃,modern Chinese（1920-2020）,8,0
摇晃着,modern Chinese（1920-2020）,1,0
摇曳,modern Chinese（1920-2020）,4,0
摇来摆去,modern Chinese（1920-2020）,1,0
摇来晃去,modern Chinese（1920-2020）,1,0
摇着,modern Chinese（1920-2020）,1,0
摇着他坐的椅子,modern Chinese（1920-2020）,1,0
摇着扇子,modern Chinese（1920-2020）,1,0
摇荡,modern Chinese（1920-2020）,1,0
摇铃,modern Chinese（1920-2020）,1,0
摊平,modern Chinese（1920-2020）,0,1
摊饼,modern Chinese（1920-2020）,0,1
摒挡私琐,modern Chinese（1920-2020）,0,1
摧毁她,modern Chinese（1920-2020）,1,0
摧毁迫压、不能发展,modern Chinese（1920-2020）,1,0
摩抚海臣的脸颊,modern Chinese（1920-2020）,1,0
摩拳擦掌,modern Chinese（1920-2020）,1,0
摩挲着烟袋,modern Chinese（1920-2020）,1,0
摩自己的膝髁,modern Chinese（1920-2020）,1,0
摸一个糖浆一样的小瓶子,modern Chinese（1920-2020）,1,0
摸抚着自己上唇的短胡须,modern Chinese（1920-2020）,0,1
摸牌,modern Chinese（1920-2020）,0,1
摸着牌,modern Chinese（1920-2020）,1,0
摸着自己的头发,modern Chinese（1920-2020）,0,1
摸索,modern Chinese（1920-2020）,4,0
摸索一条最有效的途径,modern Chinese（1920-2020）,1,0
摸索和寻找自己在商业和市场上的位置,modern Chinese（1920-2020）,1,0
摸索着怎么去突破,modern Chinese（1920-2020）,1,0
摸索研究制造冰毒,modern Chinese（1920-2020）,1,0
摸索进行,modern Chinese（1920-2020）,1,0
摸鱼,modern Chinese（1920-2020）,0,1
撑,modern Chinese（1920-2020）,1,0
撑下去,modern Chinese（1920-2020）,1,0
撑腰,modern Chinese（1920-2020）,2,0
撑腰和打气,modern Chinese（1920-2020）,1,0
撑自己的腰,modern Chinese（1920-2020）,1,0
撒娇,modern Chinese（1920-2020）,1,0
撒播风情,modern Chinese（1920-2020）,1,0
撒气,modern Chinese（1920-2020）,1,0
撒粪,modern Chinese（1920-2020）,0,1
撒花瓣和大米,modern Chinese（1920-2020）,1,0
撒谎,modern Chinese（1920-2020）,12,0
撕着,modern Chinese（1920-2020）,1,0
撕着他的衣服,modern Chinese（1920-2020）,1,0
撕着她的心,modern Chinese（1920-2020）,1,0
撕碎,modern Chinese（1920-2020）,1,0
撕裂一块布,modern Chinese（1920-2020）,1,0
撞击他底头,modern Chinese（1920-2020）,1,0
撞我,modern Chinese（1920-2020）,1,0
撤向后方,modern Chinese（1920-2020）,1,0
撤离南越,modern Chinese（1920-2020）,0,1
撤退,modern Chinese（1920-2020）,1,0
撤退和逃跑,modern Chinese（1920-2020）,0,1
撤退部队,modern Chinese（1920-2020）,1,0
播关于通缉他的事,modern Chinese（1920-2020）,1,0
播出天梯三号试运行的实况,modern Chinese（1920-2020）,0,1
播出市长、副市长的电视讲话和来自全国各地以及各省的庆贺信与国外上百个国家的贺电和特意派人送来的各种贺物纪念品,modern Chinese（1920-2020）,1,0
播唱,modern Chinese（1920-2020）,0,1
播唱歌曲,modern Chinese（1920-2020）,0,2
播弄着,modern Chinese（1920-2020）,1,0
播报通缉他的事,modern Chinese（1920-2020）,1,0
播放,modern Chinese（1920-2020）,1,3
播放一支快活的曲子,modern Chinese（1920-2020）,1,0
播放一段美妙的乐曲,modern Chinese（1920-2020）,0,1
播放一部纪录片,modern Chinese（1920-2020）,0,1
播放焰火晚会的实况,modern Chinese（1920-2020）,1,0
播放联合国和舰队发言人发布声明的画面,modern Chinese（1920-2020）,1,0
播放视频,modern Chinese（1920-2020）,1,0
播放那一首“孤独的人是无耻的”歌,modern Chinese（1920-2020）,1,0
播着最后一支曲子,modern Chinese（1920-2020）,0,1
播种,modern Chinese（1920-2020）,2,0
播种插秧,modern Chinese（1920-2020）,0,1
播种春小麦,modern Chinese（1920-2020）,0,1
播种春花生、春大豆,modern Chinese（1920-2020）,0,1
播种石油,modern Chinese（1920-2020）,1,0
播诵人民日报社评论员关于“四五反革命事件”的文章,modern Chinese（1920-2020）,0,1
播送整点新闻,modern Chinese（1920-2020）,0,1
播音,modern Chinese（1920-2020）,1,0
撮垃圾,modern Chinese（1920-2020）,1,0
撰写一篇回顾文章,modern Chinese（1920-2020）,0,1
撰写他的又一部哲学论著《知识论》,modern Chinese（1920-2020）,0,1
撰写回忆录,modern Chinese（1920-2020）,0,1
撰写多卷本的英国文学史,modern Chinese（1920-2020）,0,1
撰写新作,modern Chinese（1920-2020）,0,1
撵他,modern Chinese（1920-2020）,1,0
撵着他问,modern Chinese（1920-2020）,1,0
撺掇我做保,modern Chinese（1920-2020）,1,0
操‘飞机’,modern Chinese（1920-2020）,1,0
操作,modern Chinese（1920-2020）,1,0
操作无人机,modern Chinese（1920-2020）,0,1
操劳,modern Chinese（1920-2020）,1,0
操劳着,modern Chinese（1920-2020）,1,0
操心准备着,modern Chinese（1920-2020）,1,0
操持侄儿的后事,modern Chinese（1920-2020）,1,0
操持家务,modern Chinese（1920-2020）,1,0
操控动物的捕食和逃跑,modern Chinese（1920-2020）,1,0
操演方阵,modern Chinese（1920-2020）,0,1
操纵大局,modern Chinese（1920-2020）,1,0
操练,modern Chinese（1920-2020）,1,3
操练人马,modern Chinese（1920-2020）,0,1
操练长枪,modern Chinese（1920-2020）,1,0
擘画更加美好的未来,modern Chinese（1920-2020）,0,1
擤鼻子,modern Chinese（1920-2020）,1,0
擤鼻涕,modern Chinese（1920-2020）,1,0
擦,modern Chinese（1920-2020）,0,1
擦什么东西,modern Chinese（1920-2020）,1,0
擦厨房,modern Chinese（1920-2020）,1,0
擦去告别亲人的泪水,modern Chinese（1920-2020）,1,0
擦手,modern Chinese（1920-2020）,0,1
擦拭瓷器,modern Chinese（1920-2020）,1,0
擦桌子,modern Chinese（1920-2020）,2,0
擦沙,modern Chinese（1920-2020）,1,0
擦泪,modern Chinese（1920-2020）,1,0
擦洗楼板,modern Chinese（1920-2020）,0,1
擦洗汽车,modern Chinese（1920-2020）,0,1
擦火柴,modern Chinese（1920-2020）,1,0
擦瓷盆,modern Chinese（1920-2020）,3,0
擦眼泪,modern Chinese（1920-2020）,3,0
擦着刺刀,modern Chinese（1920-2020）,0,1
擦着汗水,modern Chinese（1920-2020）,1,0
擦着父亲尸体上的血污,modern Chinese（1920-2020）,1,0
擦着眼角,modern Chinese（1920-2020）,1,0
擦粉,modern Chinese（1920-2020）,2,0
擦红药水,modern Chinese（1920-2020）,1,0
擦自己的手,modern Chinese（1920-2020）,0,1
擦身,modern Chinese（1920-2020）,0,1
擦车灯,modern Chinese（1920-2020）,0,1
擦面,modern Chinese（1920-2020）,0,1
擦额角上的汗滴,modern Chinese（1920-2020）,1,0
攀升,modern Chinese（1920-2020）,1,0
攀援,modern Chinese（1920-2020）,1,0
攀登一道责任的阶梯,modern Chinese（1920-2020）,1,0
攀缘孟良崮绝壁,modern Chinese（1920-2020）,0,1
攀谈,modern Chinese（1920-2020）,1,0
攒钱准备给儿子买个单间,modern Chinese（1920-2020）,0,1
支付医药费,modern Chinese（1920-2020）,0,1
支付着或大或小的代价,modern Chinese（1920-2020）,1,0
支吾,modern Chinese（1920-2020）,0,1
支持他,modern Chinese（1920-2020）,1,0
支持他们,modern Chinese（1920-2020）,1,0
支持叛乱分子,modern Chinese（1920-2020）,0,1
支持叛军垂死挣扎,modern Chinese（1920-2020）,1,0
支持国家发挥它的潜力,modern Chinese（1920-2020）,1,0
支持埃及人民为要求英法侵略军队撤出埃及领土和尊重埃及在苏伊士运河的主权而进行的正义斗争,modern Chinese（1920-2020）,0,1
支持着,modern Chinese（1920-2020）,1,0
支持着他,modern Chinese（1920-2020）,2,0
支持着我,modern Chinese（1920-2020）,1,0
支援你们,modern Chinese（1920-2020）,1,0
支援英国,modern Chinese（1920-2020）,1,0
支撑着我,modern Chinese（1920-2020）,1,0
支撑越南的紧张局面,modern Chinese（1920-2020）,0,1
支配 ,modern Chinese（1920-2020）,1,0
支配着全国,modern Chinese（1920-2020）,1,0
收买佃户,modern Chinese（1920-2020）,1,0
收买粮食,modern Chinese（1920-2020）,0,1
收买青年,modern Chinese（1920-2020）,0,1
收割,modern Chinese（1920-2020）,0,4
收割早稻,modern Chinese（1920-2020）,1,2
收割水稻,modern Chinese（1920-2020）,1,0
收割麦地,modern Chinese（1920-2020）,0,1
收吸,modern Chinese（1920-2020）,1,0
收回它的光芒,modern Chinese（1920-2020）,0,1
收录,modern Chinese（1920-2020）,0,1
收拾,modern Chinese（1920-2020）,1,0
收拾一大堆废纸,modern Chinese（1920-2020）,0,1
收拾一小包行装,modern Chinese（1920-2020）,0,1
收拾东西,modern Chinese（1920-2020）,0,6
收拾什么东西,modern Chinese（1920-2020）,1,0
收拾刚才翻乱的东西,modern Chinese（1920-2020）,0,1
收拾卢象升和杨陆凯尸首,modern Chinese（1920-2020）,0,1
收拾回去的东西,modern Chinese（1920-2020）,1,0
收拾屋子,modern Chinese（1920-2020）,0,1
收拾房间,modern Chinese（1920-2020）,0,1
收拾新装修的屋子,modern Chinese（1920-2020）,0,1
收拾晒在岸边草地上花花绿绿的衣服和床单,modern Chinese（1920-2020）,0,1
收拾桌子,modern Chinese（1920-2020）,1,1
收拾残乱的餐桌,modern Chinese（1920-2020）,1,0
收拾着从车上抛下的货物,modern Chinese（1920-2020）,1,0
收拾着工具,modern Chinese（1920-2020）,0,1
收拾碗,modern Chinese（1920-2020）,1,0
收拾箩担,modern Chinese（1920-2020）,0,1
收拾花草,modern Chinese（1920-2020）,1,0
收拾行李,modern Chinese（1920-2020）,1,0
收拾行装,modern Chinese（1920-2020）,1,0
收拾那些吸烟的家具,modern Chinese（1920-2020）,1,0
收拾锁锁剩下来的杂物,modern Chinese（1920-2020）,0,1
收拾镜奁,modern Chinese（1920-2020）,1,0
收拾隔壁房间,modern Chinese（1920-2020）,0,1
收摊儿,modern Chinese（1920-2020）,0,1
收早稻,modern Chinese（1920-2020）,1,0
收窄,modern Chinese（1920-2020）,1,0
收紧,modern Chinese（1920-2020）,1,0
收缩,modern Chinese（1920-2020）,3,0
收获,modern Chinese（1920-2020）,0,1
收获一年来的劳动果实,modern Chinese（1920-2020）,0,1
收获小麦,modern Chinese（1920-2020）,0,1
收获故事和感动,modern Chinese（1920-2020）,2,0
收获谷物,modern Chinese（1920-2020）,1,0
收订,modern Chinese（1920-2020）,0,1
收集一些骂他的文章,modern Chinese（1920-2020）,0,1
收集材料,modern Chinese（1920-2020）,0,2
收集资料,modern Chinese（1920-2020）,0,1
改,modern Chinese（1920-2020）,1,0
改作文卷子,modern Chinese（1920-2020）,0,1
改写,modern Chinese（1920-2020）,0,1
改变,modern Chinese（1920-2020）,10,6
改变世界力量对比,modern Chinese（1920-2020）,0,1
改变世界的看法,modern Chinese（1920-2020）,0,1
改变中国,modern Chinese（1920-2020）,0,1
改变中国慈善事业的全貌,modern Chinese（1920-2020）,0,1
改变他们的精神,modern Chinese（1920-2020）,2,0
改变做法,modern Chinese（1920-2020）,0,1
改变地球,modern Chinese（1920-2020）,1,0
改变山区面貌,modern Chinese（1920-2020）,1,0
改变我们的生活以及理解世界的方式,modern Chinese（1920-2020）,0,1
改变着,modern Chinese（1920-2020）,0,2
改变着她的面貌,modern Chinese（1920-2020）,1,0
改变着甘肃农村的面貌,modern Chinese（1920-2020）,0,1
改变着自己,modern Chinese（1920-2020）,2,0
改变自己命运,modern Chinese（1920-2020）,0,1
改变近百年来的电视传播,modern Chinese（1920-2020）,0,1
改变这种劣势,modern Chinese（1920-2020）,0,1
改变防务政策,modern Chinese（1920-2020）,0,1
改变颜色,modern Chinese（1920-2020）,1,0
改变饮食习惯,modern Chinese（1920-2020）,0,1
改台词,modern Chinese（1920-2020）,1,0
改善,modern Chinese（1920-2020）,8,3
改善外国在华投资环境,modern Chinese（1920-2020）,0,1
改善外国投资和经营环境,modern Chinese（1920-2020）,0,1
改善着,modern Chinese（1920-2020）,1,0
改建和扩建,modern Chinese（1920-2020）,1,0
改正,modern Chinese（1920-2020）,1,0
改版,modern Chinese（1920-2020）,0,1
改稿编书,modern Chinese（1920-2020）,1,0
改算,modern Chinese（1920-2020）,0,1
改算术作业,modern Chinese（1920-2020）,1,0
改编为原子师,modern Chinese（1920-2020）,0,1
改编军队,modern Chinese（1920-2020）,1,0
改良什么玩意儿,modern Chinese（1920-2020）,1,0
改进,modern Chinese（1920-2020）,1,1
改进和提高,modern Chinese（1920-2020）,1,0
改进服务方式,modern Chinese（1920-2020）,1,0
改进生产日用品的技术设备,modern Chinese（1920-2020）,0,1
改进着,modern Chinese（1920-2020）,1,0
改进组织工作,modern Chinese（1920-2020）,0,1
改造,modern Chinese（1920-2020）,2,0
改造这一技术,modern Chinese（1920-2020）,0,1
改革,modern Chinese（1920-2020）,4,1
攻,modern Chinese（1920-2020）,1,0
攻击,modern Chinese（1920-2020）,2,0
攻击他的部队所扼守的险要的阵地玉皇顶,modern Chinese（1920-2020）,0,1
攻击我底理想,modern Chinese（1920-2020）,1,0
攻击武昌之激战,modern Chinese（1920-2020）,1,0
攻坚脱贫,modern Chinese（1920-2020）,0,1
攻打,modern Chinese（1920-2020）,0,1
攻读本科硕士或博士课程,modern Chinese（1920-2020）,1,0
攻读米兰大学政治学博土学位,modern Chinese（1920-2020）,1,0
攻错,modern Chinese（1920-2020）,0,1
放,modern Chinese（1920-2020）,2,0
放一个八路军打国军的电视连续剧,modern Chinese（1920-2020）,1,0
放些什么狗屁,modern Chinese（1920-2020）,1,0
放光,modern Chinese（1920-2020）,1,0
放冲天炮,modern Chinese（1920-2020）,1,0
放动画片,modern Chinese（1920-2020）,0,1
放哨,modern Chinese（1920-2020）,2,0
放土炮,modern Chinese（1920-2020）,1,0
放大,modern Chinese（1920-2020）,2,1
放射温暖的阳气,modern Chinese（1920-2020）,1,0
放小跑,modern Chinese（1920-2020）,1,0
放屁,modern Chinese（1920-2020）,2,0
放慢,modern Chinese（1920-2020）,1,0
放我的鸽子,modern Chinese（1920-2020）,1,0
放映电影,modern Chinese（1920-2020）,0,1
放机关枪,modern Chinese（1920-2020）,1,0
放枪,modern Chinese（1920-2020）,1,0
放水犁田,modern Chinese（1920-2020）,0,1
放焰火,modern Chinese（1920-2020）,1,0
放爆竹,modern Chinese（1920-2020）,1,0
放着光,modern Chinese（1920-2020）,1,0
放着迪斯科的音,modern Chinese（1920-2020）,1,0
放进火中,modern Chinese（1920-2020）,0,1
放送一种半文不白的缺乏文采的文章,modern Chinese（1920-2020）,1,0
放送着轻快悦耳的歌曲,modern Chinese（1920-2020）,1,0
放那首歌,modern Chinese（1920-2020）,1,0
放野火,modern Chinese（1920-2020）,1,0
放钱,modern Chinese（1920-2020）,1,0
放鞭炮,modern Chinese（1920-2020）,1,0
放风筝,modern Chinese（1920-2020）,2,0
放飞,modern Chinese（1920-2020）,0,1
放飞一种轻松的心情,modern Chinese（1920-2020）,1,0
放马,modern Chinese（1920-2020）,0,1
放鸟铳过年,modern Chinese（1920-2020）,0,1
故意拖延时间考验我,modern Chinese（1920-2020）,1,0
故意留难,modern Chinese（1920-2020）,1,0
效力,modern Chinese（1920-2020）,1,0
效劳,modern Chinese（1920-2020）,3,0
效法汉阴丈人的行为,modern Chinese（1920-2020）,1,0
救人,modern Chinese（1920-2020）,3,0
救助我自己,modern Chinese（1920-2020）,1,0
救护伤员,modern Chinese（1920-2020）,0,1
救死扶伤,modern Chinese（1920-2020）,1,0
救火,modern Chinese（1920-2020）,1,0
教一个少女走猫步,modern Chinese（1920-2020）,1,0
教中国艺术家唱苏丹歌,modern Chinese（1920-2020）,1,0
教书,modern Chinese（1920-2020）,2,1
教他穿衣服怎样穿,modern Chinese（1920-2020）,1,0
教俄文,modern Chinese（1920-2020）,1,0
教唆犯罪,modern Chinese（1920-2020）,1,0
教大家站军姿、踢正步,modern Chinese（1920-2020）,1,0
教她,modern Chinese（1920-2020）,1,0
教她读千字课,modern Chinese（1920-2020）,0,1
教导他说,modern Chinese（1920-2020）,1,0
教导加林,modern Chinese（1920-2020）,1,0
教导我们,modern Chinese（1920-2020）,1,0
教我应该怎样去读毛主席的书,modern Chinese（1920-2020）,1,0
教授,modern Chinese（1920-2020）,0,1
教新弟兄们驰马射箭,modern Chinese（1920-2020）,0,1
教育劳动人民,modern Chinese（1920-2020）,0,1
教育着哪个对象,modern Chinese（1920-2020）,1,0
教训他,modern Chinese（1920-2020）,3,0
敞着怀,modern Chinese（1920-2020）,0,1
散去,modern Chinese（1920-2020）,1,3
散发传单,modern Chinese（1920-2020）,1,0
散开,modern Chinese（1920-2020）,1,3
散步,modern Chinese（1920-2020）,3,1
散问题,modern Chinese（1920-2020）,0,1
敬神,modern Chinese（1920-2020）,1,0
敬酒,modern Chinese（1920-2020）,0,1
数和,modern Chinese（1920-2020）,1,0
数字化,modern Chinese（1920-2020）,0,1
数快板,modern Chinese（1920-2020）,1,0
数洋钱,modern Chinese（1920-2020）,0,1
数着,modern Chinese（1920-2020）,1,1
数着一叠钞票,modern Chinese（1920-2020）,0,1
数着数目,modern Chinese（1920-2020）,2,0
数着银元,modern Chinese（1920-2020）,1,0
数算钞票,modern Chinese（1920-2020）,1,0
数落荷西,modern Chinese（1920-2020）,1,0
敲,modern Chinese（1920-2020）,5,0
敲他底房门,modern Chinese（1920-2020）,1,0
敲他的门,modern Chinese（1920-2020）,1,0
敲击他的头,modern Chinese（1920-2020）,1,0
敲她的窗子,modern Chinese（1920-2020）,1,0
敲打,modern Chinese（1920-2020）,1,0
敲打“核威慑”的破锣,modern Chinese（1920-2020）,1,0
敲打着两块夹板,modern Chinese（1920-2020）,0,1
敲打着他,modern Chinese（1920-2020）,1,0
敲着窗户,modern Chinese（1920-2020）,1,0
敲门,modern Chinese（1920-2020）,5,0
敲门叫,modern Chinese（1920-2020）,1,0
敲门问,modern Chinese（1920-2020）,0,1
整地施肥、造墒待播,modern Chinese（1920-2020）,0,1
整改,modern Chinese（1920-2020）,1,0
整班长,modern Chinese（1920-2020）,1,0
整理,modern Chinese（1920-2020）,1,0
整理、分析今年的小麦资料,modern Chinese（1920-2020）,0,1
整理你的东西,modern Chinese（1920-2020）,1,0
整理冰箱,modern Chinese（1920-2020）,1,0
整理厅堂,modern Chinese（1920-2020）,0,1
整理向大会提交的提案,modern Chinese（1920-2020）,1,0
整理她的书桌,modern Chinese（1920-2020）,1,0
整理徐志摩的遗作,modern Chinese（1920-2020）,0,1
整理我的小说,modern Chinese（1920-2020）,1,0
整理救护箱,modern Chinese（1920-2020）,0,1
整理文件,modern Chinese（1920-2020）,1,0
整理瓶口几枝山茶的红花绿叶,modern Chinese（1920-2020）,1,0
整理着床,modern Chinese（1920-2020）,1,0
整理着挂竿上的旧衣服,modern Chinese（1920-2020）,0,1
整理着这座美丽的城市,modern Chinese（1920-2020）,1,0
整理研究我国已故的杰出京剧表演艺术家周信芳和盖叫天在长期的艺术实践中各自形成的麒派和盖派表演艺术,modern Chinese（1920-2020）,0,1
整理箱子,modern Chinese（1920-2020）,0,1
整理自己的头发,modern Chinese（1920-2020）,0,1
整理被搞乱的本册信笺,modern Chinese（1920-2020）,1,0
整理财政,modern Chinese（1920-2020）,1,0
整理遗体,modern Chinese（1920-2020）,1,0
整着他的行李,modern Chinese（1920-2020）,1,0
整编部队,modern Chinese（1920-2020）,0,1
整谁,modern Chinese（1920-2020）,1,0
整顿地方武装,modern Chinese（1920-2020）,0,1
整顿秩序,modern Chinese（1920-2020）,0,1
敷衍,modern Chinese（1920-2020）,1,0
敷衍她,modern Chinese（1920-2020）,1,0
敷衍我,modern Chinese（1920-2020）,1,0
敷衍王氏,modern Chinese（1920-2020）,1,0
敷衍着美国人,modern Chinese（1920-2020）,1,0
敷设着,modern Chinese（1920-2020）,0,1
斋戒,modern Chinese（1920-2020）,0,1
斋戒祷告,modern Chinese（1920-2020）,1,0
斗七巧图,modern Chinese（1920-2020）,1,0
斗争,modern Chinese（1920-2020）,12,13
斗争着,modern Chinese（1920-2020）,3,2
斗剑,modern Chinese（1920-2020）,1,0
斗嘴,modern Chinese（1920-2020）,1,0
斗法,modern Chinese（1920-2020）,1,0
斜拉着升高,modern Chinese（1920-2020）,0,1
斟着茶,modern Chinese（1920-2020）,1,0
斟酌,modern Chinese（1920-2020）,0,1
斟酌措词,modern Chinese（1920-2020）,0,1
斟酌措辞,modern Chinese（1920-2020）,1,0
斟酌着发言的次序,modern Chinese（1920-2020）,1,0
斟酒,modern Chinese（1920-2020）,1,0
斡旋,modern Chinese（1920-2020）,0,1
断裂,modern Chinese（1920-2020）,5,0
新建和扩建武汉,modern Chinese（1920-2020）,0,1
新建甘蔗酒精厂,modern Chinese（1920-2020）,0,1
新生,modern Chinese（1920-2020）,1,1
施下马威,modern Chinese（1920-2020）,1,0
施加压力企图削弱不结盟运动,modern Chinese（1920-2020）,1,0
施加各种压力,modern Chinese（1920-2020）,0,1
施加巨大的压力,modern Chinese（1920-2020）,1,0
施加最大限度的压力来削弱波恩,modern Chinese（1920-2020）,0,1
施展他们的阴谋,modern Chinese（1920-2020）,0,1
施展她擅长的外交攻势,modern Chinese（1920-2020）,0,1
施展此地无银三百两的宣传手法,modern Chinese（1920-2020）,0,1
施工,modern Chinese（1920-2020）,6,19
施工爆破、清理河道,modern Chinese（1920-2020）,0,1
施放烟幕,modern Chinese（1920-2020）,2,1
施肥收拾,modern Chinese（1920-2020）,1,0
施行手术,modern Chinese（1920-2020）,0,1
施诡计,modern Chinese（1920-2020）,1,0
旅行,modern Chinese（1920-2020）,2,0
旋荡,modern Chinese（1920-2020）,0,1
旋转,modern Chinese（1920-2020）,12,0
无可如何,modern Chinese（1920-2020）,0,1
无可如何对着碑亭相龙面,modern Chinese（1920-2020）,0,1
无理取闹,modern Chinese（1920-2020）,1,0
无病呻吟,modern Chinese（1920-2020）,1,0
无计,modern Chinese（1920-2020）,0,1
无计可想,modern Chinese（1920-2020）,0,1
无计可施,modern Chinese（1920-2020）,0,1
日北迁,modern Chinese（1920-2020）,1,0
日益强大,modern Chinese（1920-2020）,0,1
日趋理性,modern Chinese（1920-2020）,0,1
明争暗斗,modern Chinese（1920-2020）,1,0
明灭,modern Chinese（1920-2020）,1,0
昏睡,modern Chinese（1920-2020）,2,1
昏迷,modern Chinese（1920-2020）,2,0
映出好模范,modern Chinese（1920-2020）,2,0
昭示着现代化已经到达乡村的门口,modern Chinese（1920-2020）,1,0
显摆,modern Chinese（1920-2020）,1,0
显现,modern Chinese（1920-2020）,0,3
显现出来,modern Chinese（1920-2020）,0,1
显示对太空的鄙视,modern Chinese（1920-2020）,1,0
显示才能,modern Chinese（1920-2020）,0,1
显示效应,modern Chinese（1920-2020）,0,1
显示有关专家对水滴的分析,modern Chinese（1920-2020）,0,1
显示自己的“艰苦”作风,modern Chinese（1920-2020）,1,0
显示自己能力,modern Chinese（1920-2020）,1,0
显示这样一种逻辑,modern Chinese（1920-2020）,0,1
显耀着她那田字图案的五彩花衫,modern Chinese（1920-2020）,1,0
显露出来,modern Chinese（1920-2020）,1,0
显露着良好的经济效应,modern Chinese（1920-2020）,0,1
晃,modern Chinese（1920-2020）,1,0
晃人家,modern Chinese（1920-2020）,0,1
晃动,modern Chinese（1920-2020）,10,1
晃动着,modern Chinese（1920-2020）,2,0
晃着,modern Chinese（1920-2020）,1,0
晃荡,modern Chinese（1920-2020）,1,0
晃荡鬼混,modern Chinese（1920-2020）,1,0
晒太阳,modern Chinese（1920-2020）,2,0
晒盖饮水,modern Chinese（1920-2020）,1,0
晒阳光,modern Chinese（1920-2020）,1,0
晒麦,modern Chinese（1920-2020）,1,0
晕,modern Chinese（1920-2020）,1,0
晨读，背资料,modern Chinese（1920-2020）,1,0
普及,modern Chinese（1920-2020）,1,0
晾晒玉米,modern Chinese（1920-2020）,1,0
晾晒稻谷,modern Chinese（1920-2020）,0,1
晾衣服,modern Chinese（1920-2020）,1,0
暖和着我,modern Chinese（1920-2020）,1,0
暗下来,modern Chinese（1920-2020）,0,1
暗示,modern Chinese（1920-2020）,3,0
暗示什么,modern Chinese（1920-2020）,2,0
暗示我把她估计得太神秘,modern Chinese（1920-2020）,1,0
暗示要我辞职,modern Chinese（1920-2020）,1,0
暗示读者,modern Chinese（1920-2020）,1,0
暗笑,modern Chinese（1920-2020）,2,0
暗笑他们,modern Chinese（1920-2020）,1,0
暗算自己,modern Chinese（1920-2020）,1,0
暴跌,modern Chinese（1920-2020）,1,0
"曲媚
波兰",modern Chinese（1920-2020）,0,1
曲解爱情,modern Chinese（1920-2020）,0,1
更换玻璃橱窗里的海报,modern Chinese（1920-2020）,1,0
替他作传,modern Chinese（1920-2020）,1,0
替代传统的交通工具,modern Chinese（1920-2020）,0,1
替代工业经济,modern Chinese（1920-2020）,0,1
替她焦急,modern Chinese（1920-2020）,1,0
替我们“保存国粹”之恩故也,modern Chinese（1920-2020）,0,1
有增无已,modern Chinese（1920-2020）,1,1
服刑,modern Chinese（1920-2020）,0,1
服务,modern Chinese（1920-2020）,5,0
服役,modern Chinese（1920-2020）,1,0
朗诵俄文,modern Chinese（1920-2020）,1,0
朗诵着,modern Chinese（1920-2020）,1,0
朗读,modern Chinese（1920-2020）,1,1
望,modern Chinese（1920-2020）,3,0
望一个梦景,modern Chinese（1920-2020）,1,0
望一个美丽的梦景,modern Chinese（1920-2020）,1,0
望一朵残花,modern Chinese（1920-2020）,1,0
望什么,modern Chinese（1920-2020）,2,0
望你,modern Chinese（1920-2020）,1,0
望哪里,modern Chinese（1920-2020）,1,0
望她,modern Chinese（1920-2020）,1,0
望我,modern Chinese（1920-2020）,2,0
望月,modern Chinese（1920-2020）,1,0
望未来的远景,modern Chinese（1920-2020）,1,0
望梨园,modern Chinese（1920-2020）,2,0
望着,modern Chinese（1920-2020）,2,1
望着什么,modern Chinese（1920-2020）,2,0
望着他,modern Chinese（1920-2020）,2,2
望着他的全班战友,modern Chinese（1920-2020）,1,0
望着剑波,modern Chinese（1920-2020）,1,0
望着坐在车上的弟弟的背影,modern Chinese（1920-2020）,0,1
望着她,modern Chinese（1920-2020）,1,0
望着她笑,modern Chinese（1920-2020）,1,0
望着师长那神情,modern Chinese（1920-2020）,0,1
望着张小甫,modern Chinese（1920-2020）,0,1
望着江泰示意,modern Chinese（1920-2020）,1,0
望着站起来的李政委,modern Chinese（1920-2020）,1,0
望着面前一堆卖不出去的东西,modern Chinese（1920-2020）,0,1
望窗外,modern Chinese（1920-2020）,1,0
朝互联网结合资本的企业这样一条路在走,modern Chinese（1920-2020）,0,1
期待,modern Chinese（1920-2020）,2,0
期待着,modern Chinese（1920-2020）,1,0
期待着一场欢畅的叙谈和真挚的友情的慰藉,modern Chinese（1920-2020）,1,0
期待着他们作出重大的发现来,modern Chinese（1920-2020）,1,0
期待着你们,modern Chinese（1920-2020）,1,0
期待着未来微妙形势的到来,modern Chinese（1920-2020）,0,1
期待诺贝尔奖生理及医学奖获得者内尔教授与中国博士生亲切交谈,modern Chinese（1920-2020）,1,0
期盼,modern Chinese（1920-2020）,1,0
期盼他的电话,modern Chinese（1920-2020）,1,0
期盼着你们,modern Chinese（1920-2020）,1,0
期盼着洗刷耻辱,modern Chinese（1920-2020）,1,0
期盼这次大会,modern Chinese（1920-2020）,1,0
朽败腐烂,modern Chinese（1920-2020）,0,1
杀人,modern Chinese（1920-2020）,4,0
杀人放火,modern Chinese（1920-2020）,1,0
杀吃自己部队的骡马,modern Chinese（1920-2020）,1,0
杀害那里的人民,modern Chinese（1920-2020）,1,0
杀死四十二亿人,modern Chinese（1920-2020）,0,1
杀进杀出,modern Chinese（1920-2020）,0,1
束“帕甲马”的带子,modern Chinese（1920-2020）,0,1
束缚和压制着她们,modern Chinese（1920-2020）,1,0
来,modern Chinese（1920-2020）,1,3
来临,modern Chinese（1920-2020）,0,1
来往,modern Chinese（1920-2020）,0,1
来往行驶着,modern Chinese（1920-2020）,1,0
松动,modern Chinese（1920-2020）,2,0
松开,modern Chinese（1920-2020）,0,1
构建人类命运共同体,modern Chinese（1920-2020）,0,1
构建决策的参照系,modern Chinese（1920-2020）,1,0
构思一部反映水兵生活的小说,modern Chinese（1920-2020）,0,1
构思一首诗,modern Chinese（1920-2020）,1,0
构成严重威胁,modern Chinese（1920-2020）,1,0
构筑强度阵地,modern Chinese（1920-2020）,1,0
查“反标”,modern Chinese（1920-2020）,1,0
查一本本的名册,modern Chinese（1920-2020）,1,0
查处,modern Chinese（1920-2020）,0,2
查找大白鲟死亡原因,modern Chinese（1920-2020）,0,1
查看着木结构各部位的环节,modern Chinese（1920-2020）,1,0
查网篮,modern Chinese（1920-2020）,1,0
查苗补苗,modern Chinese（1920-2020）,0,1
查苗补苗进行苗期管理活动,modern Chinese（1920-2020）,0,1
查阅,modern Chinese（1920-2020）,0,1
查阅资料,modern Chinese（1920-2020）,1,0
标地图,modern Chinese（1920-2020）,0,1
标榜中央集权,modern Chinese（1920-2020）,0,1
标榜自己不与恋人做爱,modern Chinese（1920-2020）,1,0
校对,modern Chinese（1920-2020）,0,1
核实是否有中国公民受伤,modern Chinese（1920-2020）,1,0
核实灾情,modern Chinese（1920-2020）,0,1
核算阿寿嘴里滚出来的数目字,modern Chinese（1920-2020）,1,0
核计着自己如何来进行这次战斗,modern Chinese（1920-2020）,1,0
格斗,modern Chinese（1920-2020）,2,0
栽培他,modern Chinese（1920-2020）,1,0
栽红薯,modern Chinese（1920-2020）,1,0
梦呓,modern Chinese（1920-2020）,2,0
梦想嫁一个如意的‘黑漆板凳’,modern Chinese（1920-2020）,1,0
梦想远走高飞,modern Chinese（1920-2020）,1,0
梦游,modern Chinese（1920-2020）,1,0
梳头,modern Chinese（1920-2020）,3,3
梳头发,modern Chinese（1920-2020）,1,0
梳理,modern Chinese（1920-2020）,0,1
梳理头发,modern Chinese（1920-2020）,0,1
检查产品质量,modern Chinese（1920-2020）,0,1
检查发电设备运行情况,modern Chinese（1920-2020）,1,0
检查每一个要过江的人,modern Chinese（1920-2020）,1,0
检查着他预备好的大大的柴草堆,modern Chinese（1920-2020）,1,0
检查缴获的制假设备,modern Chinese（1920-2020）,1,0
检查群众纪律,modern Chinese（1920-2020）,1,0
检查螺撑是否漏水,modern Chinese（1920-2020）,0,1
检查身体和进行治疗,modern Chinese（1920-2020）,0,1
检视着四个箱子,modern Chinese（1920-2020）,0,1
检验,modern Chinese（1920-2020）,0,1
楞着,modern Chinese（1920-2020）,1,1
概括,modern Chinese（1920-2020）,1,0
"模仿
大都会的妇女",modern Chinese（1920-2020）,0,1
模仿他给我设计并示范的所有动作,modern Chinese（1920-2020）,1,0
模糊起来,modern Chinese（1920-2020）,1,0
横下一条心搞炼钢,modern Chinese（1920-2020）,0,1
横冲直撞,modern Chinese（1920-2020）,1,0
横跳,modern Chinese（1920-2020）,1,0
横遭破坏,modern Chinese（1920-2020）,0,1
欢叫着堆雪人,modern Chinese（1920-2020）,1,0
欢呼,modern Chinese（1920-2020）,8,1
欢喜,modern Chinese（1920-2020）,2,0
欢庆小年,modern Chinese（1920-2020）,1,0
欢庆属于自己的重大节日,modern Chinese（1920-2020）,0,1
欢庆平津解放欢度春节,modern Chinese（1920-2020）,1,0
欢庆着中秋,modern Chinese（1920-2020）,1,0
欢度丰富多采的暑假生活,modern Chinese（1920-2020）,0,1
欢笑,modern Chinese（1920-2020）,2,1
欢笑歌舞,modern Chinese（1920-2020）,1,0
欢笑问好,modern Chinese（1920-2020）,1,0
欢腾,modern Chinese（1920-2020）,1,0
欢蹦乱跳,modern Chinese（1920-2020）,1,0
欢迎、招待与欢送着第二批,modern Chinese（1920-2020）,1,0
欢迎他回来,modern Chinese（1920-2020）,1,0
欢迎和乌云一道降临的薄暮,modern Chinese（1920-2020）,1,0
欢迎我们,modern Chinese（1920-2020）,1,0
欢迎蕙小姐,modern Chinese（1920-2020）,1,0
欢送他们心爱的子弟兵,modern Chinese（1920-2020）,1,0
欣慰,modern Chinese（1920-2020）,0,1
欣欣向荣,modern Chinese（1920-2020）,0,1
欣赏,modern Chinese（1920-2020）,1,0
欣赏一件不小心弄坏了的艺术品,modern Chinese（1920-2020）,1,0
欣赏他妹妹的事业家风度,modern Chinese（1920-2020）,1,0
欣赏劳动者照片,modern Chinese（1920-2020）,0,1
欣赏着他们三个人的绝望,modern Chinese（1920-2020）,1,0
欣赏着由张火丁所带来的韵味深厚的“程派”演唱,modern Chinese（1920-2020）,1,0
欺他,modern Chinese（1920-2020）,1,0
欺侮她,modern Chinese（1920-2020）,1,0
欺瞒老年人,modern Chinese（1920-2020）,1,0
欺骗他,modern Chinese（1920-2020）,1,0
欺骗她,modern Chinese（1920-2020）,1,0
欺骗着,modern Chinese（1920-2020）,1,0
欺骗自己,modern Chinese（1920-2020）,2,0
歇脚,modern Chinese（1920-2020）,0,1
歌唱,modern Chinese（1920-2020）,9,0
歌唱着欢迎新来的阳光,modern Chinese（1920-2020）,1,0
歌唱跳舞,modern Chinese（1920-2020）,1,0
歌颂着铁道游击队在临枣线上杀鬼子的英雄事迹,modern Chinese（1920-2020）,1,0
正告你,modern Chinese（1920-2020）,1,0
正在利用柬埔寨叛乱分子,modern Chinese（1920-2020）,0,1
正在挣脱殖民压迫和摆脱外国压迫者的长期枷锁,modern Chinese（1920-2020）,0,1
此地无银三百两,modern Chinese（1920-2020）,0,1
步入商业社会,modern Chinese（1920-2020）,0,1
步入死胡同,modern Chinese（1920-2020）,0,1
步履维艰,modern Chinese（1920-2020）,1,0
武装九连的头脑,modern Chinese（1920-2020）,0,1
歪着脑袋,modern Chinese（1920-2020）,1,0
死,modern Chinese（1920-2020）,2,1
死亡,modern Chinese（1920-2020）,1,1
死去,modern Chinese（1920-2020）,0,5
死纠活缠,modern Chinese（1920-2020）,1,0
歼灭拒降的敌伪,modern Chinese（1920-2020）,0,1
残害人民,modern Chinese（1920-2020）,1,0
残害和自已过去一样的受苦人,modern Chinese（1920-2020）,1,0
毁坏父亲的人生,modern Chinese（1920-2020）,0,1
毁坏着,modern Chinese（1920-2020）,1,0
毁坏食物,modern Chinese（1920-2020）,1,0
毁我楚地居的声誉,modern Chinese（1920-2020）,1,0
毁灭,modern Chinese（1920-2020）,0,1
毁灭掉,modern Chinese（1920-2020）,0,1
毒化国际局势,modern Chinese（1920-2020）,0,1
毒害中国近1/4的耕地,modern Chinese（1920-2020）,0,1
毒害着人们的思想,modern Chinese（1920-2020）,1,0
毒害着我们一些同志,modern Chinese（1920-2020）,1,0
比剑,modern Chinese（1920-2020）,1,0
比喻它的精神,modern Chinese（1920-2020）,1,0
比拼演讲技巧,modern Chinese（1920-2020）,1,0
比着,modern Chinese（1920-2020）,1,0
比赛,modern Chinese（1920-2020）,1,1
比赛看谁能把地理课本倒背如流,modern Chinese（1920-2020）,1,0
比较着他们俩,modern Chinese（1920-2020）,2,0
比量身段与矫正姿势的练习,modern Chinese（1920-2020）,0,1
毕露于世,modern Chinese（1920-2020）,0,1
气他什么,modern Chinese（1920-2020）,1,0
气喘,modern Chinese（1920-2020）,1,0
气通讯员,modern Chinese（1920-2020）,1,0
求乞,modern Chinese（1920-2020）,1,0
求他不要往下说,modern Chinese（1920-2020）,1,0
求他什么事,modern Chinese（1920-2020）,1,0
求他允许给趁这便船,modern Chinese（1920-2020）,1,0
求她底宽恕,modern Chinese（1920-2020）,1,0
求学,modern Chinese（1920-2020）,2,0
求情,modern Chinese（1920-2020）,1,0
求援,modern Chinese（1920-2020）,2,0
求救,modern Chinese（1920-2020）,1,1
求进步,modern Chinese（1920-2020）,3,0
求饶,modern Chinese（1920-2020）,1,0
汇集世界上绝大多数的“天才”,modern Chinese（1920-2020）,0,1
汇集到上海,modern Chinese（1920-2020）,0,1
汲取经验,modern Chinese（1920-2020）,1,0
汲水,modern Chinese（1920-2020）,1,0
汹涌澎湃,modern Chinese（1920-2020）,1,0
汹涌着,modern Chinese（1920-2020）,1,0
沉,modern Chinese（1920-2020）,3,0
沉下去,modern Chinese（1920-2020）,0,2
沉入安静,modern Chinese（1920-2020）,0,2
沉向某种深处或者远方的什么地方,modern Chinese（1920-2020）,0,1
沉吟,modern Chinese（1920-2020）,0,2
沉吟、思索,modern Chinese（1920-2020）,1,0
沉吟、诉说,modern Chinese（1920-2020）,1,0
沉吟未决,modern Chinese（1920-2020）,1,0
沉思,modern Chinese（1920-2020）,18,3
沉思什么,modern Chinese（1920-2020）,1,0
沉思着,modern Chinese（1920-2020）,3,2
沉思着什么,modern Chinese（1920-2020）,1,1
沉楞着,modern Chinese（1920-2020）,0,1
沉沦,modern Chinese（1920-2020）,0,1
沉睡,modern Chinese（1920-2020）,4,1
沉睡着,modern Chinese（1920-2020）,1,0
沉落,modern Chinese（1920-2020）,1,0
沉落下去,modern Chinese（1920-2020）,0,1
沉默着,modern Chinese（1920-2020）,1,0
沙漠化,modern Chinese（1920-2020）,0,1
沟通,modern Chinese（1920-2020）,0,1
没落,modern Chinese（1920-2020）,1,3
沸腾,modern Chinese（1920-2020）,13,1
治,modern Chinese（1920-2020）,1,1
治疗,modern Chinese（1920-2020）,0,2
治病,modern Chinese（1920-2020）,1,0
治病养病,modern Chinese（1920-2020）,1,0
沽名钓誉,modern Chinese（1920-2020）,1,0
泄密,modern Chinese（1920-2020）,1,0
泅水,modern Chinese（1920-2020）,0,1
泛滥,modern Chinese（1920-2020）,1,0
泛白,modern Chinese（1920-2020）,1,0
泛红,modern Chinese（1920-2020）,1,0
泡方便面,modern Chinese（1920-2020）,0,1
泡茶,modern Chinese（1920-2020）,1,1
波动,modern Chinese（1920-2020）,5,1
泣诉,modern Chinese（1920-2020）,1,0
注册公司,modern Chinese（1920-2020）,1,0
注射,modern Chinese（1920-2020）,1,0
注射某种麻醉剂,modern Chinese（1920-2020）,1,0
注意他,modern Chinese（1920-2020）,3,0
注意我们,modern Chinese（1920-2020）,1,0
注意着他的行动,modern Chinese（1920-2020）,1,0
注意着听取另外一种声音,modern Chinese（1920-2020）,1,0
注意老齐,modern Chinese（1920-2020）,1,0
注意解决,modern Chinese（1920-2020）,1,0
注意这次火山爆发会不会诱发地震和大喷火,modern Chinese（1920-2020）,0,1
注意这种具体的组织工作,modern Chinese（1920-2020）,0,1
注目他,modern Chinese（1920-2020）,1,0
注视什么,modern Chinese（1920-2020）,1,0
注视他、支持他、期待他、鞭策他,modern Chinese（1920-2020）,1,0
注视他的衣袋,modern Chinese（1920-2020）,0,1
注视她,modern Chinese（1920-2020）,1,0
注视我与叮当,modern Chinese（1920-2020）,1,0
注视着,modern Chinese（1920-2020）,0,1
注视着什么,modern Chinese（1920-2020）,1,0
注视着她,modern Chinese（1920-2020）,1,0
注视着新闻界,modern Chinese（1920-2020）,1,0
注视着自包,modern Chinese（1920-2020）,1,0
注视着蒋太子与孔公子,modern Chinese（1920-2020）,1,0
注视着陈白露,modern Chinese（1920-2020）,1,0
注视这次新民主主义青年团成立大会的经过与结果,modern Chinese（1920-2020）,1,0
注视远远的什么东西,modern Chinese（1920-2020）,1,0
泻肚子下痢,modern Chinese（1920-2020）,1,0
洒水,modern Chinese（1920-2020）,1,0
洒水和清扫路上的积物,modern Chinese（1920-2020）,1,0
洒觅着,modern Chinese（1920-2020）,0,1
洒觅着火热的现场,modern Chinese（1920-2020）,0,1
洗,modern Chinese（1920-2020）,1,0
洗内衣,modern Chinese（1920-2020）,1,0
洗厕所,modern Chinese（1920-2020）,1,0
洗头,modern Chinese（1920-2020）,0,1
洗手摆脚,modern Chinese（1920-2020）,1,0
洗扫工作,modern Chinese（1920-2020）,1,0
洗澡,modern Chinese（1920-2020）,4,0
洗濯侄儿侄女们换下的衣服,modern Chinese（1920-2020）,0,1
洗牌,modern Chinese（1920-2020）,1,0
洗碗,modern Chinese（1920-2020）,1,0
洗笼布,modern Chinese（1920-2020）,0,1
洗米煮饭,modern Chinese（1920-2020）,1,0
洗脚,modern Chinese（1920-2020）,2,2
洗脸,modern Chinese（1920-2020）,2,4
洗脸、擦粉抹胭脂,modern Chinese（1920-2020）,0,1
洗衣服,modern Chinese（1920-2020）,3,0
活,modern Chinese（1920-2020）,1,0
活个什么劲,modern Chinese（1920-2020）,1,0
活动,modern Chinese（1920-2020）,15,5
活动着,modern Chinese（1920-2020）,1,0
活泼跳跃,modern Chinese（1920-2020）,1,0
活的个什么,modern Chinese（1920-2020）,1,0
活着,modern Chinese（1920-2020）,5,0
洽谈,modern Chinese（1920-2020）,0,2
洽谈一宗药材生意,modern Chinese（1920-2020）,0,1
洽谈引进轿车整车设计制造技术和轿车装配生产线,modern Chinese（1920-2020）,0,1
派人去参战,modern Chinese（1920-2020）,0,1
派出远征军 去为帝国主义者所希望取得的利润而送死,modern Chinese（1920-2020）,0,1
派遣几百名后备军人到近东去,modern Chinese（1920-2020）,1,0
派饭,modern Chinese（1920-2020）,0,1
流,modern Chinese（1920-2020）,10,1
流下去,modern Chinese（1920-2020）,1,0
流下来,modern Chinese（1920-2020）,0,1
流传,modern Chinese（1920-2020）,1,0
流传和泛滥,modern Chinese（1920-2020）,1,0
流传着,modern Chinese（1920-2020）,1,0
流传着一个名叫“我知道你不知道”的搞笑视频,modern Chinese（1920-2020）,1,0
流冷汗,modern Chinese（1920-2020）,1,0
流动,modern Chinese（1920-2020）,6,0
流动着,modern Chinese（1920-2020）,2,0
流变,modern Chinese（1920-2020）,2,0
流失,modern Chinese（1920-2020）,2,1
流汗,modern Chinese（1920-2020）,1,0
流泪,modern Chinese（1920-2020）,16,0
流泪寻找他们的好支书朱华银,modern Chinese（1920-2020）,1,0
流浪,modern Chinese（1920-2020）,0,1
流淌,modern Chinese（1920-2020）,5,1
流清鼻涕,modern Chinese（1920-2020）,1,0
流着,modern Chinese（1920-2020）,3,0
流着大量的鲜血,modern Chinese（1920-2020）,1,0
流着眼泪,modern Chinese（1920-2020）,3,1
流着血,modern Chinese（1920-2020）,0,1
流脓,modern Chinese（1920-2020）,1,0
流血,modern Chinese（1920-2020）,14,1
流血化脓,modern Chinese（1920-2020）,1,0
流血流汗,modern Chinese（1920-2020）,1,0
流行,modern Chinese（1920-2020）,2,2
流行什么,modern Chinese（1920-2020）,1,0
流行这首歌,modern Chinese（1920-2020）,1,0
流走,modern Chinese（1920-2020）,1,0
流进这个小房间,modern Chinese（1920-2020）,0,1
流逝,modern Chinese（1920-2020）,2,1
流逝着,modern Chinese（1920-2020）,0,1
流露真情,modern Chinese（1920-2020）,0,1
流鼻血,modern Chinese（1920-2020）,1,0
浇别人凉水,modern Chinese（1920-2020）,1,0
浇棉花,modern Chinese（1920-2020）,1,0
浇水,modern Chinese（1920-2020）,1,0
测定电台的位置,modern Chinese（1920-2020）,1,0
测试二十四节气,modern Chinese（1920-2020）,1,0
测量塑料袋,modern Chinese（1920-2020）,0,1
测量标高,modern Chinese（1920-2020）,0,1
测量着他们的勇气,modern Chinese（1920-2020）,1,0
济济一堂,modern Chinese（1920-2020）,0,1
浏览从海外寄回的五彩照片,modern Chinese（1920-2020）,1,0
浪费,modern Chinese（1920-2020）,1,0
浪费我的青春,modern Chinese（1920-2020）,1,0
浪费资源,modern Chinese（1920-2020）,1,0
浪费青春,modern Chinese（1920-2020）,1,0
浮动,modern Chinese（1920-2020）,4,0
浮水,modern Chinese（1920-2020）,1,0
浮沉,modern Chinese（1920-2020）,1,0
浮游,modern Chinese（1920-2020）,1,0
浮现,modern Chinese（1920-2020）,0,1
浮现新情况,modern Chinese（1920-2020）,1,0
浮起来,modern Chinese（1920-2020）,1,0
浴血奋战,modern Chinese（1920-2020）,0,1
浸种、播种和改良土壤,modern Chinese（1920-2020）,0,1
涂上朱红袈裟,modern Chinese（1920-2020）,1,0
消亡,modern Chinese（1920-2020）,0,1
消化,modern Chinese（1920-2020）,1,0
消失,modern Chinese（1920-2020）,8,3
消散,modern Chinese（1920-2020）,1,0
消灭,modern Chinese（1920-2020）,1,0
消灭废品,modern Chinese（1920-2020）,1,0
消灭着最后的敌人,modern Chinese（1920-2020）,0,1
消磨这个暑夜,modern Chinese（1920-2020）,0,1
消融,modern Chinese（1920-2020）,1,1
消解着,modern Chinese（1920-2020）,0,1
消退,modern Chinese（1920-2020）,1,0
消逝,modern Chinese（1920-2020）,1,0
消遣,modern Chinese（1920-2020）,1,1
消遣这半日光阴,modern Chinese（1920-2020）,1,0
消除,modern Chinese（1920-2020）,1,2
涌,modern Chinese（1920-2020）,2,0
涌动,modern Chinese（1920-2020）,1,0
涌动着,modern Chinese（1920-2020）,1,0
涌向我,modern Chinese（1920-2020）,1,0
涌来,modern Chinese（1920-2020）,0,2
涌现,modern Chinese（1920-2020）,1,0
涌现出,modern Chinese（1920-2020）,0,1
涌血,modern Chinese（1920-2020）,1,0
涌起着,modern Chinese（1920-2020）,0,1
涌进停泊区,modern Chinese（1920-2020）,0,1
涨,modern Chinese（1920-2020）,14,1
涨价,modern Chinese（1920-2020）,1,0
涮洗碗筷,modern Chinese（1920-2020）,1,0
涵养所谓宰相风度,modern Chinese（1920-2020）,1,0
淌眼泪,modern Chinese（1920-2020）,3,0
淌着泪,modern Chinese（1920-2020）,1,0
淌血,modern Chinese（1920-2020）,1,0
淘米,modern Chinese（1920-2020）,0,1
淡去,modern Chinese（1920-2020）,1,0
深入,modern Chinese（1920-2020）,2,0
深入下去,modern Chinese（1920-2020）,1,0
深入展开,modern Chinese（1920-2020）,0,1
深入贯彻落实中央关于太湖治理的各项决策部署,modern Chinese（1920-2020）,0,1
深化,modern Chinese（1920-2020）,2,0
深思,modern Chinese（1920-2020）,4,0
深思着,modern Chinese（1920-2020）,3,0
深思着他眼前摆着的各项问题,modern Chinese（1920-2020）,1,0
深揭狠批“四人帮”批判反革命的“东丰经验”,modern Chinese（1920-2020）,0,1
混,modern Chinese（1920-2020）,1,0
混战,modern Chinese（1920-2020）,0,2
混日子,modern Chinese（1920-2020）,1,0
混时间,modern Chinese（1920-2020）,1,0
淹没我,modern Chinese（1920-2020）,1,0
添置秋收农具,modern Chinese（1920-2020）,0,1
添草,modern Chinese（1920-2020）,0,1
添车买马和修制农具,modern Chinese（1920-2020）,1,0
清人,modern Chinese（1920-2020）,0,1
清扫,modern Chinese（1920-2020）,2,0
清查户口,modern Chinese（1920-2020）,2,0
清歌,modern Chinese（1920-2020）,1,0
清点,modern Chinese（1920-2020）,0,1
清理,modern Chinese（1920-2020）,0,2
清理书桌,modern Chinese（1920-2020）,0,1
清理帐目,modern Chinese（1920-2020）,0,1
清理河道内的淤泥和从上游冲下来的树木,modern Chinese（1920-2020）,0,2
清理泄出的黄色培养液,modern Chinese（1920-2020）,0,1
清理清理,modern Chinese（1920-2020）,1,0
清理火区余火,modern Chinese（1920-2020）,0,1
清理物件,modern Chinese（1920-2020）,1,0
清理现场,modern Chinese（1920-2020）,0,1
清理着尸体,modern Chinese（1920-2020）,1,0
清理着果树的叶子,modern Chinese（1920-2020）,1,0
清理着自己的情绪,modern Chinese（1920-2020）,1,1
清造名册,modern Chinese（1920-2020）,0,1
清醒过来,modern Chinese（1920-2020）,0,1
清除,modern Chinese（1920-2020）,0,1
清除发展道路上的障碍,modern Chinese（1920-2020）,1,0
清除水草,modern Chinese（1920-2020）,0,1
渗,modern Chinese（1920-2020）,1,0
渗血丝,modern Chinese（1920-2020）,1,0
渗透,modern Chinese（1920-2020）,0,2
渗透到这曾经被抽象数据和理论完全占据的地方,modern Chinese（1920-2020）,0,1
渡河,modern Chinese（1920-2020）,0,2
温习功课,modern Chinese（1920-2020）,0,1
温暖着人们的心,modern Chinese（1920-2020）,1,0
温读《论》、《孟》,modern Chinese（1920-2020）,1,0
渲染和歪曲柬埔寨的饥荒,modern Chinese（1920-2020）,0,1
渴望寻找一只完整的沙发,modern Chinese（1920-2020）,1,0
渴望触摸对方,modern Chinese（1920-2020）,1,0
渴求和平和一场安稳觉,modern Chinese（1920-2020）,1,0
游,modern Chinese（1920-2020）,1,0
游动,modern Chinese（1920-2020）,1,0
游去,modern Chinese（1920-2020）,0,1
游向墓岛海域,modern Chinese（1920-2020）,0,1
游弋,modern Chinese（1920-2020）,1,0
游戏,modern Chinese（1920-2020）,1,0
游泳,modern Chinese（1920-2020）,1,0
游着,modern Chinese（1920-2020）,1,0
游荡,modern Chinese（1920-2020）,1,0
游街,modern Chinese（1920-2020）,1,0
游西湖,modern Chinese（1920-2020）,0,1
游走,modern Chinese（1920-2020）,1,0
溃乱,modern Chinese（1920-2020）,0,1
溃烂,modern Chinese（1920-2020）,2,0
源源而来,modern Chinese（1920-2020）,2,0
溜走,modern Chinese（1920-2020）,1,0
溜饮,modern Chinese（1920-2020）,1,0
溶化,modern Chinese（1920-2020）,2,0
溶润着万年书上关于二哥的这页和下一页三月初四那页的旧历纸,modern Chinese（1920-2020）,1,0
滂沱直泻,modern Chinese（1920-2020）,1,0
滋养着,modern Chinese（1920-2020）,1,0
滋润着我的心,modern Chinese（1920-2020）,1,0
滋生,modern Chinese（1920-2020）,5,1
滋生着谣言和假新闻,modern Chinese（1920-2020）,1,0
滋荣,modern Chinese（1920-2020）,1,0
滋蔓,modern Chinese（1920-2020）,1,0
滋长着,modern Chinese（1920-2020）,1,1
滋长着闹待遇、乱花钱的风气,modern Chinese（1920-2020）,1,0
滑向深渊,modern Chinese（1920-2020）,0,2
滑落,modern Chinese（1920-2020）,1,0
滑行,modern Chinese（1920-2020）,1,1
滑走,modern Chinese（1920-2020）,1,0
滚,modern Chinese（1920-2020）,2,1
滚动,modern Chinese（1920-2020）,1,2
滚压,modern Chinese（1920-2020）,1,0
滚向危机,modern Chinese（1920-2020）,1,0
滚西瓜,modern Chinese（1920-2020）,1,0
滚过去,modern Chinese（1920-2020）,1,0
滚雪球,modern Chinese（1920-2020）,1,0
满足人们的消遣和娱乐,modern Chinese（1920-2020）,1,0
滥用价值二十五万亿元土地,modern Chinese（1920-2020）,1,0
滥用职权,modern Chinese（1920-2020）,1,0
滴,modern Chinese（1920-2020）,1,0
滴水,modern Chinese（1920-2020）,4,0
滴溜乱转,modern Chinese（1920-2020）,1,0
滴滴答答下不完,modern Chinese（1920-2020）,1,0
滴着,modern Chinese（1920-2020）,2,0
滴着水珠,modern Chinese（1920-2020）,2,0
滴着油,modern Chinese（1920-2020）,0,1
滴着血,modern Chinese（1920-2020）,1,0
滴答着晶莹透亮的水珠,modern Chinese（1920-2020）,1,0
滴落,modern Chinese（1920-2020）,3,0
滴血,modern Chinese（1920-2020）,2,0
演,modern Chinese（1920-2020）,1,0
演《沙家浜》,modern Chinese（1920-2020）,1,0
演《玉堂春》,modern Chinese（1920-2020）,1,0
演《胭脂虎》,modern Chinese（1920-2020）,0,1
演《英雄》,modern Chinese（1920-2020）,1,0
演一出戏,modern Chinese（1920-2020）,1,0
演习单刀或双刀,modern Chinese（1920-2020）,1,0
演习攀登,modern Chinese（1920-2020）,1,0
演习枪法,modern Chinese（1920-2020）,1,0
演习狼牙棒,modern Chinese（1920-2020）,1,0
演出,modern Chinese（1920-2020）,0,1
演出、不断磨练，接受小观众们的检验,modern Chinese（1920-2020）,1,0
演变,modern Chinese（1920-2020）,2,0
演变和扩展,modern Chinese（1920-2020）,0,1
演唱,modern Chinese（1920-2020）,1,0
演唱《洁白的羽毛寄深情》,modern Chinese（1920-2020）,1,0
演唱《玛纳斯》,modern Chinese（1920-2020）,1,0
演唱被称为男高音禁区的唱段,modern Chinese（1920-2020）,1,0
演奏,modern Chinese（1920-2020）,0,1
演小天鹅,modern Chinese（1920-2020）,1,0
演希腊一个喜剧,modern Chinese（1920-2020）,1,0
演恐怖片,modern Chinese（1920-2020）,1,0
演戏,modern Chinese（1920-2020）,7,0
演游园惊梦,modern Chinese（1920-2020）,0,1
演电影,modern Chinese（1920-2020）,2,0
演电影《跟踪追击》,modern Chinese（1920-2020）,1,0
演着英勇的斗争,modern Chinese（1920-2020）,1,0
演示怎么做人,modern Chinese（1920-2020）,1,0
演示手工缂丝技艺,modern Chinese（1920-2020）,1,0
演算代数,modern Chinese（1920-2020）,1,0
演讲,modern Chinese（1920-2020）,0,1
演说,modern Chinese（1920-2020）,2,0
演说他的意见,modern Chinese（1920-2020）,1,0
演这些很边缘的角色,modern Chinese（1920-2020）,1,0
演述她自己如何来参加示威,modern Chinese（1920-2020）,1,0
漫天要价,modern Chinese（1920-2020）,1,0
漫步,modern Chinese（1920-2020）,1,0
漫步蹀躞着,modern Chinese（1920-2020）,1,0
漫溢,modern Chinese（1920-2020）,1,0
漫行,modern Chinese（1920-2020）,1,0
漱洗,modern Chinese（1920-2020）,0,1
潜伏于无边的暗黑中,modern Chinese（1920-2020）,0,1
澄清,modern Chinese（1920-2020）,0,1
激动,modern Chinese（1920-2020）,1,0
激励着工程师,modern Chinese（1920-2020）,1,0
激励着我们不断前进,modern Chinese（1920-2020）,1,0
激励着自己,modern Chinese（1920-2020）,1,0
激励着航天事业的发展,modern Chinese（1920-2020）,1,0
激发着他,modern Chinese（1920-2020）,1,0
激增,modern Chinese（1920-2020）,1,0
激怒青青,modern Chinese（1920-2020）,1,0
激战,modern Chinese（1920-2020）,2,0
激斗,modern Chinese（1920-2020）,1,0
激活‘清铜时代”号的大功率超远程星际通信系统,modern Chinese（1920-2020）,1,0
激涌,modern Chinese（1920-2020）,1,0
激荡,modern Chinese（1920-2020）,1,0
激跳,modern Chinese（1920-2020）,1,0
灌姚明的篮,modern Chinese（1920-2020）,1,0
灌肠,modern Chinese（1920-2020）,1,0
灌输处女保持贞操的重要性,modern Chinese（1920-2020）,1,0
火并,modern Chinese（1920-2020）,1,0
灭亡,modern Chinese（1920-2020）,2,0
灭绝柬埔寨民族,modern Chinese（1920-2020）,1,0
炒作一件事情,modern Chinese（1920-2020）,1,0
炒周立波专场演出票,modern Chinese（1920-2020）,1,0
炒菜,modern Chinese（1920-2020）,0,1
炸卡赛,modern Chinese（1920-2020）,0,1
炸我们,modern Chinese（1920-2020）,0,1
点头,modern Chinese（1920-2020）,5,2
点头赞许,modern Chinese（1920-2020）,1,0
点射一旁,modern Chinese（1920-2020）,1,0
点烟,modern Chinese（1920-2020）,1,0
点燃,modern Chinese（1920-2020）,1,0
点着头,modern Chinese（1920-2020）,3,0
点绿山头,modern Chinese（1920-2020）,1,0
点花名册,modern Chinese（1920-2020）,1,0
点苹果的数字,modern Chinese（1920-2020）,1,0
点验着“犯人”,modern Chinese（1920-2020）,1,0
烘着,modern Chinese（1920-2020）,1,0
烤什么肉,modern Chinese（1920-2020）,1,0
烤火,modern Chinese（1920-2020）,1,1
烦恼,modern Chinese（1920-2020）,1,1
烦恼着金东水,modern Chinese（1920-2020）,1,0
烦恼着，争论着,modern Chinese（1920-2020）,1,0
烧,modern Chinese（1920-2020）,2,0
烧她的脸,modern Chinese（1920-2020）,1,0
烧早饭,modern Chinese（1920-2020）,0,1
烧杀,modern Chinese（1920-2020）,1,0
烧火做早饭,modern Chinese（1920-2020）,0,1
烧火煮饭,modern Chinese（1920-2020）,1,0
烧烟,modern Chinese（1920-2020）,1,1
烧烟土,modern Chinese（1920-2020）,1,0
烧着,modern Chinese（1920-2020）,2,0
烧着几个焦池,modern Chinese（1920-2020）,1,0
烧衣舍饭,modern Chinese（1920-2020）,1,0
烧起一盆木柴火,modern Chinese（1920-2020）,0,1
烧铁,modern Chinese（1920-2020）,0,1
烧锅,modern Chinese（1920-2020）,1,0
烧饭,modern Chinese（1920-2020）,1,1
烧香,modern Chinese（1920-2020）,1,0
烫发,modern Chinese（1920-2020）,0,1
热切盼望我们党的领导干部都应该像孔繁森那样,modern Chinese（1920-2020）,1,0
热恋,modern Chinese（1920-2020）,0,1
热情欢呼,modern Chinese（1920-2020）,0,1
热舞,modern Chinese（1920-2020）,0,1
热起来,modern Chinese（1920-2020）,0,1
焕发着,modern Chinese（1920-2020）,1,0
焚烧,modern Chinese（1920-2020）,1,0
焚烧异教徒,modern Chinese（1920-2020）,1,0
焚香祷告,modern Chinese（1920-2020）,0,1
焦心,modern Chinese（1920-2020）,0,1
焦思苦虑,modern Chinese（1920-2020）,0,1
焦急,modern Chinese（1920-2020）,0,2
焦急、担心自己会有随着车皮飞上天空的危险,modern Chinese（1920-2020）,1,0
焦急着,modern Chinese（1920-2020）,1,0
焦灼着,modern Chinese（1920-2020）,0,1
焦虑,modern Chinese（1920-2020）,1,0
焦虑着,modern Chinese（1920-2020）,1,0
煎鱼,modern Chinese（1920-2020）,0,1
照射女明星头上第一窄条,modern Chinese（1920-2020）,0,1
照射着,modern Chinese（1920-2020）,1,0
照我的鼻子,modern Chinese（1920-2020）,2,0
照料着她,modern Chinese（1920-2020）,1,0
照明集团工作,modern Chinese（1920-2020）,1,0
照相,modern Chinese（1920-2020）,1,0
照着,modern Chinese（1920-2020）,1,0
照着您,modern Chinese（1920-2020）,1,0
照耀,modern Chinese（1920-2020）,1,0
照镜子,modern Chinese（1920-2020）,1,0
照顾她,modern Chinese（1920-2020）,1,0
照顾媳妇生孩子,modern Chinese（1920-2020）,0,1
照顾志刚,modern Chinese（1920-2020）,1,0
煨第三次的牛奶,modern Chinese（1920-2020）,1,0
煮夹生饭,modern Chinese（1920-2020）,0,1
煮饭,modern Chinese（1920-2020）,1,1
煽动全市工人罢工,modern Chinese（1920-2020）,0,1
煽动民族仇恨,modern Chinese（1920-2020）,1,0
煽动闹事,modern Chinese（1920-2020）,1,0
煽阴风、点鬼火,modern Chinese（1920-2020）,1,0
煽风点火,modern Chinese（1920-2020）,1,0
熊熊燃烧,modern Chinese（1920-2020）,4,0
熏染着、启迪着、暗示着人们,modern Chinese（1920-2020）,1,0
熔化,modern Chinese（1920-2020）,1,0
熟悉‘自然选择’号的武器系统,modern Chinese（1920-2020）,0,1
熟悉机器设备情况,modern Chinese（1920-2020）,1,0
熟睡,modern Chinese（1920-2020）,0,3
熟读《国民之敌》,modern Chinese（1920-2020）,0,1
熬开,modern Chinese（1920-2020）,0,1
熬煎他的心,modern Chinese（1920-2020）,1,0
熬煎着他,modern Chinese（1920-2020）,1,0
熬稀饭,modern Chinese（1920-2020）,1,0
熬药,modern Chinese（1920-2020）,0,1
燃,modern Chinese（1920-2020）,1,0
燃放鞭炮,modern Chinese（1920-2020）,1,0
燃烧,modern Chinese（1920-2020）,40,9
燃烧着,modern Chinese（1920-2020）,2,3
燃烧着熊熊大火,modern Chinese（1920-2020）,0,1
燃着,modern Chinese（1920-2020）,1,0
燃第三支纸烟,modern Chinese（1920-2020）,1,0
燃起,modern Chinese（1920-2020）,0,1
燎原,modern Chinese（1920-2020）,1,0
爆发,modern Chinese（1920-2020）,2,0
爆发尖锐的冲突,modern Chinese（1920-2020）,1,0
爆炸,modern Chinese（1920-2020）,3,0
爆破工厂,modern Chinese（1920-2020）,1,0
爆裂,modern Chinese（1920-2020）,1,0
爬,modern Chinese（1920-2020）,2,4
爬上人们的心灵,modern Chinese（1920-2020）,0,1
爬坡,modern Chinese（1920-2020）,0,1
爬山,modern Chinese（1920-2020）,0,1
爬着椅子,modern Chinese（1920-2020）,1,0
爬行,modern Chinese（1920-2020）,2,1
爬起来,modern Chinese（1920-2020）,0,1
爱一切人,modern Chinese（1920-2020）,1,0
爱上了一个英俊的跛足军官,modern Chinese（1920-2020）,0,1
爱他,modern Chinese（1920-2020）,5,0
爱你,modern Chinese（1920-2020）,1,0
爱加林,modern Chinese（1920-2020）,1,0
爱她,modern Chinese（1920-2020）,3,0
爱慕着谢姑娘,modern Chinese（1920-2020）,1,0
爱我,modern Chinese（1920-2020）,2,0
爱抚她的眼睛和她的脸,modern Chinese（1920-2020）,1,0
爱护孩子,modern Chinese（1920-2020）,1,0
爱李静淑,modern Chinese（1920-2020）,1,0
爱着,modern Chinese（1920-2020）,1,0
爱着他,modern Chinese（1920-2020）,1,0
爱着你,modern Chinese（1920-2020）,1,0
物色住房,modern Chinese（1920-2020）,0,1
物色修谱人选,modern Chinese（1920-2020）,1,0
牵出战马,modern Chinese（1920-2020）,0,1
牵挂着它,modern Chinese（1920-2020）,1,0
牵线搭桥,modern Chinese（1920-2020）,1,0
牺牲朝鲜民主主义人民共和国的利益来讨好朴正熙集团,modern Chinese（1920-2020）,0,1
牺牲流血,modern Chinese（1920-2020）,0,1
犁地,modern Chinese（1920-2020）,0,2
犁田,modern Chinese（1920-2020）,1,0
犯嘀咕,modern Chinese（1920-2020）,1,0
犯愁,modern Chinese（1920-2020）,0,1
犯法,modern Chinese（1920-2020）,1,0
犯罪,modern Chinese（1920-2020）,1,0
犯错误,modern Chinese（1920-2020）,1,0
犹疑,modern Chinese（1920-2020）,1,1
犹豫,modern Chinese（1920-2020）,7,7
犹豫不决,modern Chinese（1920-2020）,0,1
犹豫怎么介绍柳生,modern Chinese（1920-2020）,0,1
犹豫怎么办,modern Chinese（1920-2020）,0,1
犹豫担心,modern Chinese（1920-2020）,1,0
犹豫是否应该进去,modern Chinese（1920-2020）,0,1
犹豫是否要跟他上汽车,modern Chinese（1920-2020）,0,1
犹豫着,modern Chinese（1920-2020）,2,0
犹豫着是否给彭亮,modern Chinese（1920-2020）,0,1
犹豫着是生还是死,modern Chinese（1920-2020）,0,1
犹豫要不要洗澡,modern Chinese（1920-2020）,1,0
狂叫,modern Chinese（1920-2020）,1,0
狂叫“救命”,modern Chinese（1920-2020）,1,0
狂呼奋战,modern Chinese（1920-2020）,0,1
狂咬,modern Chinese（1920-2020）,1,0
狂啸,modern Chinese（1920-2020）,1,0
狂喊一些不知什么的话语,modern Chinese（1920-2020）,1,0
狂态百出,modern Chinese（1920-2020）,1,0
狂撅起来,modern Chinese（1920-2020）,1,0
狂涨,modern Chinese（1920-2020）,1,0
狐疑,modern Chinese（1920-2020）,0,1
狐疑着,modern Chinese（1920-2020）,0,2
狞笑,modern Chinese（1920-2020）,1,0
狠抓落实,modern Chinese（1920-2020）,0,1
狠炸去路,modern Chinese（1920-2020）,0,1
狡辩,modern Chinese（1920-2020）,1,0
猛扑老营,modern Chinese（1920-2020）,0,1
猛攻阵线的中央,modern Chinese（1920-2020）,0,1
猛跳,modern Chinese（1920-2020）,1,0
猜,modern Chinese（1920-2020）,2,0
猜度那一定是谁,modern Chinese（1920-2020）,1,0
猜想,modern Chinese（1920-2020）,0,1
猜想着会议结果,modern Chinese（1920-2020）,1,0
猜想着军长怎么知道他们在这里,modern Chinese（1920-2020）,0,1
猜想着自己可能调动的方向,modern Chinese（1920-2020）,1,0
猜想着自己将来的丈夫是个什么样子的人儿,modern Chinese（1920-2020）,1,0
猜拳,modern Chinese（1920-2020）,1,0
猜测,modern Chinese（1920-2020）,3,0
猜测一切可能遇到的不利情况,modern Chinese（1920-2020）,1,0
猜测柳生的去向,modern Chinese（1920-2020）,0,1
猜测着,modern Chinese（1920-2020）,1,1
猜测着这两个问题,modern Chinese（1920-2020）,1,0
猜测绑架你的到底是哪一路人,modern Chinese（1920-2020）,1,0
猜疑,modern Chinese（1920-2020）,0,2
猜着,modern Chinese（1920-2020）,1,0
猜着拳令,modern Chinese（1920-2020）,1,0
猜谜,modern Chinese（1920-2020）,1,0
猜那另一半像谁,modern Chinese（1920-2020）,1,0
猜问、打听还有多少里路,modern Chinese（1920-2020）,1,0
献花,modern Chinese（1920-2020）,1,0
献身共产主义建设事业,modern Chinese（1920-2020）,0,1
率领人马前来,modern Chinese（1920-2020）,0,1
玩,modern Chinese（1920-2020）,7,1
玩“摔炮”,modern Chinese（1920-2020）,1,0
玩《三体》,modern Chinese（1920-2020）,1,0
玩什么,modern Chinese（1920-2020）,1,0
玩什么花招,modern Chinese（1920-2020）,1,0
玩什么花样,modern Chinese（1920-2020）,1,0
玩台球,modern Chinese（1920-2020）,0,1
"玩同样的把
戏",modern Chinese（1920-2020）,0,1
玩味他的美妙辞令,modern Chinese（1920-2020）,1,0
玩味他的话,modern Chinese（1920-2020）,1,0
玩弄,modern Chinese（1920-2020）,1,0
玩弄分裂祖国阴谋,modern Chinese（1920-2020）,1,0
玩弄旁边下垂的树枝,modern Chinese（1920-2020）,1,0
玩弄花招,modern Chinese（1920-2020）,1,0
玩弄阴谋,modern Chinese（1920-2020）,0,1
玩扑克牌,modern Chinese（1920-2020）,0,1
玩把戏,modern Chinese（1920-2020）,1,0
玩政治,modern Chinese（1920-2020）,1,0
玩火,modern Chinese（1920-2020）,2,0
玩猴子戏,modern Chinese（1920-2020）,1,0
玩着,modern Chinese（1920-2020）,2,0
玩耍,modern Chinese（1920-2020）,6,0
玩这个,modern Chinese（1920-2020）,1,0
玩野兽派,modern Chinese（1920-2020）,1,0
玩雪,modern Chinese（1920-2020）,1,0
理着他的头发,modern Chinese（1920-2020）,1,0
理着她头上散乱的头发,modern Chinese（1920-2020）,1,0
理着牌,modern Chinese（1920-2020）,0,1
理顺它们,modern Chinese（1920-2020）,1,0
琢磨,modern Chinese（1920-2020）,3,0
琢磨一个问题,modern Chinese（1920-2020）,1,0
琢磨会上那几个同志的发言,modern Chinese（1920-2020）,1,0
琢磨养猪的事,modern Chinese（1920-2020）,1,0
琢磨周虎山这后半句话的意思,modern Chinese（1920-2020）,1,0
琢磨夜间瞄准的要领,modern Chinese（1920-2020）,1,0
琢磨如何驱鬼,modern Chinese（1920-2020）,1,0
琢磨它们的意义,modern Chinese（1920-2020）,0,1
琢磨对“抡花”的技巧和装置作些改进,modern Chinese（1920-2020）,0,1
琢磨怎么做才能将诚信教育自然而然地融入助学贷款业务流程,modern Chinese（1920-2020）,1,0
琢磨怎么表白,modern Chinese（1920-2020）,1,0
琢磨欧阳海刚才讲的这几句话,modern Chinese（1920-2020）,1,0
琢磨着,modern Chinese（1920-2020）,1,0
琢磨着对付定时炸弹,modern Chinese（1920-2020）,0,1
琢磨着怎样接近暖暖,modern Chinese（1920-2020）,1,0
琢磨这个“冲”字,modern Chinese（1920-2020）,1,0
琢磨这个事情,modern Chinese（1920-2020）,1,0
琢磨连长的这个指示,modern Chinese（1920-2020）,0,1
琢磨通讯员这话,modern Chinese（1920-2020）,0,1
琢磨魏武跃刚才介绍的这些情况,modern Chinese（1920-2020）,1,0
琢磨黄鼬铡,modern Chinese（1920-2020）,0,1
瑟瑟发抖,modern Chinese（1920-2020）,1,0
瓦解,modern Chinese（1920-2020）,2,0
瓦解某些加拿大的海外市场,modern Chinese（1920-2020）,1,0
甜睡着,modern Chinese（1920-2020）,0,1
生产,modern Chinese（1920-2020）,4,3
生产一种小巧玲珑、活泼可爱的儿童自行车,modern Chinese（1920-2020）,0,1
生产冰毒,modern Chinese（1920-2020）,1,0
生产自己的欣赏对象,modern Chinese（1920-2020）,1,0
生产香料,modern Chinese（1920-2020）,1,0
生他的气,modern Chinese（1920-2020）,1,0
生四姑娘的气,modern Chinese（1920-2020）,0,1
生存,modern Chinese（1920-2020）,2,0
生孩子,modern Chinese（1920-2020）,1,0
生小猪,modern Chinese（1920-2020）,0,1
生很大的气,modern Chinese（1920-2020）,0,1
生我什么气,modern Chinese（1920-2020）,1,0
生我的气,modern Chinese（1920-2020）,3,0
生气,modern Chinese（1920-2020）,19,4
生活,modern Chinese（1920-2020）,3,1
生活着,modern Chinese（1920-2020）,2,0
生病,modern Chinese（1920-2020）,6,1
生着气,modern Chinese（1920-2020）,1,0
生着病,modern Chinese（1920-2020）,1,0
生自己气,modern Chinese（1920-2020）,1,0
生谁的气,modern Chinese（1920-2020）,1,1
生长,modern Chinese（1920-2020）,8,4
生长着,modern Chinese（1920-2020）,0,1
生长着新的肌肤,modern Chinese（1920-2020）,1,0
生长着熊熊的火焰,modern Chinese（1920-2020）,1,0
生闷气,modern Chinese（1920-2020）,2,0
"甦醒过
来",modern Chinese（1920-2020）,0,1
用,modern Chinese（1920-2020）,3,0
用2009年谷歌的各种技术去谈恋爱,modern Chinese（1920-2020）,1,0
用“一国营，二集体，倒霉也不去当个体”的标准选择职业,modern Chinese（1920-2020）,1,0
用“利普斯的功德无量的德译本《人性论》”,modern Chinese（1920-2020）,1,0
用“蚕网”“替蚕砂”,modern Chinese（1920-2020）,0,1
用「勿令再失」的老话来掩丑,modern Chinese（1920-2020）,1,0
用一串新名词活埋,modern Chinese（1920-2020）,1,0
用他们的卖身钱办这样杂志,modern Chinese（1920-2020）,1,0
用他们自己的眼睛来看问题,modern Chinese（1920-2020）,1,0
用他的铁签，恶狠狠地刺入一个装着饼类的坛子的封口去,modern Chinese（1920-2020）,0,1
用他自己的作品来推翻,modern Chinese（1920-2020）,1,0
用公款大量买书订报发给个人,modern Chinese（1920-2020）,1,0
用刀叉,modern Chinese（1920-2020）,1,0
用力,modern Chinese（1920-2020）,1,0
用力挣扎,modern Chinese（1920-2020）,1,0
用力要咳出它来,modern Chinese（1920-2020）,1,0
用劳动创造着自己的幸福,modern Chinese（1920-2020）,0,1
用北大西洋公约,modern Chinese（1920-2020）,1,0
用午餐,modern Chinese（1920-2020）,0,1
用古巴青年的鲜血偿还苏联的债务,modern Chinese（1920-2020）,0,1
用大木桩撞门,modern Chinese（1920-2020）,1,0
用她多年苦练的“无相神功”，来伤自己五脏六腑,modern Chinese（1920-2020）,1,0
用她的钱,modern Chinese（1920-2020）,1,0
用她破了皮肤的手，将线放在小小的木架上，缕成直而有条理的形式,modern Chinese（1920-2020）,0,1
用实际的行动证实它在日内瓦说过的话,modern Chinese（1920-2020）,1,0
用少妇扮少女、用晚春代早春,modern Chinese（1920-2020）,1,0
用尖头的竹筷拣“头眠”,modern Chinese（1920-2020）,0,1
用尽一切办法要英雄的越南人民屈服,modern Chinese（1920-2020）,1,0
用废电池换鲜花绿植,modern Chinese（1920-2020）,1,0
用心听,modern Chinese（1920-2020）,1,0
用心思,modern Chinese（1920-2020）,1,0
用心眼儿试探着杨军,modern Chinese（1920-2020）,1,0
用思,modern Chinese（1920-2020）,0,1
用拖拉机拉着大型农业机器垦、播种,modern Chinese（1920-2020）,0,1
用数字说明，谷歌的市场份额在迅速滑落,modern Chinese（1920-2020）,1,0
用施莱尔马赫翻译的《柏拉图全集》,modern Chinese（1920-2020）,1,0
用早餐,modern Chinese（1920-2020）,1,0
用更准确的能携带大量弹头的发射系统取代了较老的陆基导弹,modern Chinese（1920-2020）,0,1
用柳枝扎一个不大的花圈架,modern Chinese（1920-2020）,0,1
用电灯代替煤油灯,modern Chinese（1920-2020）,0,1
"用着全身精力拖挽
一艘搁浅在峡口滩上的巨轮",modern Chinese（1920-2020）,0,1
用自己的行动彰显着对于他人对于社会对于国家对于民族的责任与担当,modern Chinese（1920-2020）,1,0
用艾给你炙着,modern Chinese（1920-2020）,1,0
用茅草扎成长束,modern Chinese（1920-2020）,0,1
用虚伪的态度来对待这个毫无保留爱着他的人,modern Chinese（1920-2020）,1,0
用话套我,modern Chinese（1920-2020）,1,0
用谷歌的整合搜索查询信息,modern Chinese（1920-2020）,1,0
用这个词,modern Chinese（1920-2020）,1,0
用这样的词汇互相试探和鼓励,modern Chinese（1920-2020）,1,0
用银行卡,modern Chinese（1920-2020）,1,0
用音乐反对战争,modern Chinese（1920-2020）,1,0
用餐,modern Chinese（1920-2020）,0,1
用鲜血和愤怒的示威来抵抗美军在东京郊外扩大原子弹飞机机场的暴政,modern Chinese（1920-2020）,1,0
甩掉“雾都”帽子,modern Chinese（1920-2020）,0,1
申办博士点,modern Chinese（1920-2020）,0,1
申诉这次出发他被留下看病人的委屈,modern Chinese（1920-2020）,0,1
申请,modern Chinese（1920-2020）,0,1
申请一个科技部科技基础资源调查专项,modern Chinese（1920-2020）,0,1
申请一张张结婚需要的文件,modern Chinese（1920-2020）,1,0
申请孔子学院的奖学金,modern Chinese（1920-2020）,0,1
申请要走的,modern Chinese（1920-2020）,0,1
申遗,modern Chinese（1920-2020）,1,0
画,modern Chinese（1920-2020）,2,1
画“冻伤实验”,modern Chinese（1920-2020）,1,0
画“北京人”,modern Chinese（1920-2020）,0,1
画一个方形的圆圈,modern Chinese（1920-2020）,2,0
画什么,modern Chinese（1920-2020）,1,0
画图样,modern Chinese（1920-2020）,1,0
画最新最美的画图,modern Chinese（1920-2020）,1,0
画椭圆形的展开图,modern Chinese（1920-2020）,0,1
画漫画,modern Chinese（1920-2020）,1,0
画画,modern Chinese（1920-2020）,1,0
画着,modern Chinese（1920-2020）,1,0
画着一张画,modern Chinese（1920-2020）,1,0
画袈裟,modern Chinese（1920-2020）,1,0
畅销,modern Chinese（1920-2020）,0,1
畅饮着,modern Chinese（1920-2020）,1,0
畏缩,modern Chinese（1920-2020）,1,0
畏缩些什么,modern Chinese（1920-2020）,1,0
留恋刚刚走出的梦境,modern Chinese（1920-2020）,1,0
留意你有没有老糊涂的迹象,modern Chinese（1920-2020）,1,0
留意恂如的动静,modern Chinese（1920-2020）,2,0
留活路,modern Chinese（1920-2020）,1,0
疏导怒气,modern Chinese（1920-2020）,1,0
疏远,modern Chinese（1920-2020）,2,0
疏通,modern Chinese（1920-2020）,0,1
疏通水道,modern Chinese（1920-2020）,1,0
疑心,modern Chinese（1920-2020）,1,0
疑惑,modern Chinese（1920-2020）,1,1
疑惑不解,modern Chinese（1920-2020）,0,1
疑惑着,modern Chinese（1920-2020）,1,0
疑神疑鬼,modern Chinese（1920-2020）,0,1
疑虑,modern Chinese（1920-2020）,1,0
疑虑从这条红线是否能找到什么,modern Chinese（1920-2020）,1,0
疑问,modern Chinese（1920-2020）,0,1
疼,modern Chinese（1920-2020）,1,0
疼你,modern Chinese（1920-2020）,1,0
疼痛,modern Chinese（1920-2020）,1,0
疾升,modern Chinese（1920-2020）,1,0
疾走,modern Chinese（1920-2020）,2,0
疾驰,modern Chinese（1920-2020）,1,0
病着,modern Chinese（1920-2020）,2,0
痉挛,modern Chinese（1920-2020）,1,0
痛,modern Chinese（1920-2020）,17,1
痛剿官军,modern Chinese（1920-2020）,0,1
痛哭,modern Chinese（1920-2020）,1,0
痛得发狂,modern Chinese（1920-2020）,1,0
痛心,modern Chinese（1920-2020）,1,0
痛心着,modern Chinese（1920-2020）,1,0
痛恨,modern Chinese（1920-2020）,2,0
痛恨女儿的“不肖”,modern Chinese（1920-2020）,1,0
痛悼我留在崖边的美丽凉鞋,modern Chinese（1920-2020）,1,0
痛歼敌人,modern Chinese（1920-2020）,1,0
痛苦,modern Chinese（1920-2020）,3,0
痛苦着,modern Chinese（1920-2020）,1,0
痛骂,modern Chinese（1920-2020）,1,0
瘦下去,modern Chinese（1920-2020）,1,0
瘫痪,modern Chinese（1920-2020）,1,0
登一座小山,modern Chinese（1920-2020）,0,1
登一道阶梯,modern Chinese（1920-2020）,1,0
登山,modern Chinese（1920-2020）,0,1
登着高峰,modern Chinese（1920-2020）,1,0
登记病号饭,modern Chinese（1920-2020）,0,1
白日作梦、痴心妄想,modern Chinese（1920-2020）,1,0
白日做梦,modern Chinese（1920-2020）,2,0
的搭的搭,modern Chinese（1920-2020）,0,1
皱着眉头,modern Chinese（1920-2020）,1,1
监控本次营改增试点行业,modern Chinese（1920-2020）,0,1
监督和观察演员们,modern Chinese（1920-2020）,1,0
监视,modern Chinese（1920-2020）,0,1
监视东北方,modern Chinese（1920-2020）,0,1
监视敌情,modern Chinese（1920-2020）,0,1
监视着你们,modern Chinese（1920-2020）,1,0
监视着干部们,modern Chinese（1920-2020）,1,0
盖房子,modern Chinese（1920-2020）,1,0
盖着头脸,modern Chinese（1920-2020）,1,0
盘旋,modern Chinese（1920-2020）,5,0
盘旋摆阵,modern Chinese（1920-2020）,1,0
盘查往来过江的旅客,modern Chinese（1920-2020）,0,1
盘着心思,modern Chinese（1920-2020）,0,1
盘算,modern Chinese（1920-2020）,4,2
盘算他自己的那件重大事情,modern Chinese（1920-2020）,1,0
盘算全市有多少米面铺,modern Chinese（1920-2020）,1,0
盘算她婆家的地了,modern Chinese（1920-2020）,1,0
盘算如何攫取个人私利,modern Chinese（1920-2020）,1,0
盘算未来的奖赏,modern Chinese（1920-2020）,1,0
盘算着,modern Chinese（1920-2020）,2,0
盘算着别一件事,modern Chinese（1920-2020）,0,1
盘算着如何抽身逃开,modern Chinese（1920-2020）,2,0
盘算着对于国际问题的估价,modern Chinese（1920-2020）,1,0
盘算着怎样也做个“徐曼丽第二”,modern Chinese（1920-2020）,0,1
盘算着怎样处理四姑娘的去留问题,modern Chinese（1920-2020）,0,1
盘算着接下来的出行计划,modern Chinese（1920-2020）,1,0
盘算着这个数字,modern Chinese（1920-2020）,0,1
盘算要卖我们的房子,modern Chinese（1920-2020）,1,0
盘账,modern Chinese（1920-2020）,0,1
盘问,modern Chinese（1920-2020）,1,0
盘问他,modern Chinese（1920-2020）,1,0
盘高,modern Chinese（1920-2020）,0,1
盛开,modern Chinese（1920-2020）,3,4
盛开着化装舞会,modern Chinese（1920-2020）,0,1
盛饭,modern Chinese（1920-2020）,1,0
目睹,modern Chinese（1920-2020）,1,0
目送着医生的背影,modern Chinese（1920-2020）,0,1
盯住我们,modern Chinese（1920-2020）,1,0
盯着他,modern Chinese（1920-2020）,2,0
盯着他的脸,modern Chinese（1920-2020）,1,0
盯着你,modern Chinese（1920-2020）,1,0
盯着四宝叔叔,modern Chinese（1920-2020）,1,0
盯着她,modern Chinese（1920-2020）,2,0
盯着她们,modern Chinese（1920-2020）,1,0
盯着小贩,modern Chinese（1920-2020）,1,0
盯着我,modern Chinese（1920-2020）,1,0
盯着百己手上燃烧的雪茄,modern Chinese（1920-2020）,1,0
盯着自己,modern Chinese（1920-2020）,1,0
盯视着你,modern Chinese（1920-2020）,0,1
直播,modern Chinese（1920-2020）,1,0
相互冲击着,modern Chinese（1920-2020）,1,0
相亲相近,modern Chinese（1920-2020）,1,0
相处,modern Chinese（1920-2020）,1,0
相女婿,modern Chinese（1920-2020）,1,0
相对而坐,modern Chinese（1920-2020）,0,1
相爱着,modern Chinese（1920-2020）,1,0
相骂,modern Chinese（1920-2020）,1,0
盼,modern Chinese（1920-2020）,1,0
盼望,modern Chinese（1920-2020）,1,1
盼望七月四日那一个周末的到来,modern Chinese（1920-2020）,0,1
盼望周榕的消息,modern Chinese（1920-2020）,1,0
盼望回来,modern Chinese（1920-2020）,1,0
盼望着,modern Chinese（1920-2020）,1,0
盼望着他,modern Chinese（1920-2020）,0,1
盼望着他们国家的执政者能够实行明智的对外政策,modern Chinese（1920-2020）,1,0
盼望着他们的回归,modern Chinese（1920-2020）,1,0
盼望着他的归来,modern Chinese（1920-2020）,1,0
盼望着你们,modern Chinese（1920-2020）,1,0
盼望着台湾归回祖国,modern Chinese（1920-2020）,1,0
盼望着大濂的归来,modern Chinese（1920-2020）,1,0
盼望着奇迹,modern Chinese（1920-2020）,1,0
盼望着门口立即出现那个矫健、秀气的身影,modern Chinese（1920-2020）,1,0
盼望着闯王的义军破城,modern Chinese（1920-2020）,1,0
盼望这一天,modern Chinese（1920-2020）,1,0
盼着我们今天晚上回去,modern Chinese（1920-2020）,1,0
盼着老人的到来,modern Chinese（1920-2020）,1,0
盼着那里红灯的出现,modern Chinese（1920-2020）,1,0
盼着长枪队的到来,modern Chinese（1920-2020）,1,0
盼这一天,modern Chinese（1920-2020）,1,0
省脉,modern Chinese（1920-2020）,1,0
看,modern Chinese（1920-2020）,25,2
看《仙佛杂志》,modern Chinese（1920-2020）,0,1
看《大众哲学》,modern Chinese（1920-2020）,0,1
看《晨报》,modern Chinese（1920-2020）,0,1
看《牡丹亭》,modern Chinese（1920-2020）,1,0
看一个姑娘,modern Chinese（1920-2020）,1,0
看一个小癞蛤蟆,modern Chinese（1920-2020）,1,0
看一个朋友在做一个彩排,modern Chinese（1920-2020）,1,0
看一份报纸,modern Chinese（1920-2020）,1,0
看一场滑稽戏,modern Chinese（1920-2020）,1,0
看一封信,modern Chinese（1920-2020）,1,0
看一座雪下的火山,modern Chinese（1920-2020）,1,0
看一张纸,modern Chinese（1920-2020）,1,0
看一张请柬,modern Chinese（1920-2020）,0,1
看一形情节离奇的戏,modern Chinese（1920-2020）,1,0
看一本受到广泛吹捧的小说,modern Chinese（1920-2020）,1,0
看一本航海的书,modern Chinese（1920-2020）,0,1
看一本英文书,modern Chinese（1920-2020）,1,0
看两份比例悬殊的地图,modern Chinese（1920-2020）,1,0
看书,modern Chinese（1920-2020）,14,5
看云,modern Chinese（1920-2020）,1,0
看什么,modern Chinese（1920-2020）,13,0
看什么书,modern Chinese（1920-2020）,0,1
看他,modern Chinese（1920-2020）,13,4
看他的脑壳,modern Chinese（1920-2020）,0,1
看佛经,modern Chinese（1920-2020）,1,1
看你,modern Chinese（1920-2020）,5,0
看你的处理办法,modern Chinese（1920-2020）,1,0
看你的演出录像,modern Chinese（1920-2020）,1,0
看信,modern Chinese（1920-2020）,3,0
看博伊尔的《背叛之风》,modern Chinese（1920-2020）,1,0
看另一个世界里的活动,modern Chinese（1920-2020）,1,0
看吕纯阳作的那篇《原道》,modern Chinese（1920-2020）,0,1
看咱们,modern Chinese（1920-2020）,1,0
看哪里,modern Chinese（1920-2020）,1,0
看地上的尸首,modern Chinese（1920-2020）,1,0
看地图,modern Chinese（1920-2020）,1,0
看墙壁上挂的那幅米勒底《晚祷》,modern Chinese（1920-2020）,1,0
看大势,modern Chinese（1920-2020）,1,0
看天王塑像,modern Chinese（1920-2020）,0,1
看太阳,modern Chinese（1920-2020）,0,1
看她,modern Chinese（1920-2020）,7,1
看她剪的纸人儿,modern Chinese（1920-2020）,0,1
看她的脚,modern Chinese（1920-2020）,1,0
看她那润白红亮的两眉间,modern Chinese（1920-2020）,1,0
看它,modern Chinese（1920-2020）,2,0
看守,modern Chinese（1920-2020）,0,1
看守起来,modern Chinese（1920-2020）,0,1
看待着,modern Chinese（1920-2020）,1,0
看得出神,modern Chinese（1920-2020）,0,1
看怪物,modern Chinese（1920-2020）,1,0
看戏,modern Chinese（1920-2020）,3,0
看成等闲,modern Chinese（1920-2020）,2,0
看我,modern Chinese（1920-2020）,3,0
看我们,modern Chinese（1920-2020）,2,0
看我卡坏了的手,modern Chinese（1920-2020）,1,0
看我扣在桌上的书,modern Chinese（1920-2020）,1,0
看房子,modern Chinese（1920-2020）,1,0
看手腕上的表,modern Chinese（1920-2020）,1,0
看护她的病中的小宝宝,modern Chinese（1920-2020）,1,0
看报,modern Chinese（1920-2020）,2,0
看报纸,modern Chinese（1920-2020）,0,1
看放风筝,modern Chinese（1920-2020）,1,0
看新一代的阅读器会是什么样儿,modern Chinese（1920-2020）,1,0
看新到的《人民文学》二月号,modern Chinese（1920-2020）,0,1
看旁人吃,modern Chinese（1920-2020）,1,0
看明辉局长有车不坐步行上班,modern Chinese（1920-2020）,1,0
看村公司今年的财务收支情况,modern Chinese（1920-2020）,1,0
看树身上的什么东西,modern Chinese（1920-2020）,1,0
看楚地居里的房子,modern Chinese（1920-2020）,1,0
看水,modern Chinese（1920-2020）,1,0
看水鸭子打架,modern Chinese（1920-2020）,1,0
看油漆店,modern Chinese（1920-2020）,1,0
看涨,modern Chinese（1920-2020）,1,0
看炸裂送上来的许多统计和表格,modern Chinese（1920-2020）,1,0
看热闹,modern Chinese（1920-2020）,1,0
看牌,modern Chinese（1920-2020）,2,0
看电影,modern Chinese（1920-2020）,0,1
看电影广告,modern Chinese（1920-2020）,2,0
看电报,modern Chinese（1920-2020）,0,1
看电视,modern Chinese（1920-2020）,1,3
看电视里的连续剧,modern Chinese（1920-2020）,1,0
看病,modern Chinese（1920-2020）,1,1
看的出神,modern Chinese（1920-2020）,0,1
看着,modern Chinese（1920-2020）,4,1
看着“犯人”名单,modern Chinese（1920-2020）,1,0
看着一张照片,modern Chinese（1920-2020）,1,0
看着丁鹏,modern Chinese（1920-2020）,1,0
看着丁鹏微笑,modern Chinese（1920-2020）,0,1
看着丁鹏手里的刀,modern Chinese（1920-2020）,1,0
看着书上的文字,modern Chinese（1920-2020）,1,0
看着什么,modern Chinese（1920-2020）,1,0
看着他,modern Chinese（1920-2020）,14,3
看着他们,modern Chinese（1920-2020）,1,0
看着他们的首长,modern Chinese（1920-2020）,1,0
看着他媚笑,modern Chinese（1920-2020）,0,1
看着他的后影,modern Chinese（1920-2020）,1,0
看着他的小本子,modern Chinese（1920-2020）,1,0
看着他笑,modern Chinese（1920-2020）,2,0
看着你,modern Chinese（1920-2020）,1,0
看着地图,modern Chinese（1920-2020）,1,0
看着她,modern Chinese（1920-2020）,2,0
看着孔东德,modern Chinese（1920-2020）,1,0
看着宋中的手,modern Chinese（1920-2020）,1,0
看着宋少荣用手指蘸茶在桌上写了三个字,modern Chinese（1920-2020）,0,1
看着屠维岳,modern Chinese（1920-2020）,0,1
看着干部,modern Chinese（1920-2020）,1,0
看着我,modern Chinese（1920-2020）,2,0
看着我们,modern Chinese（1920-2020）,1,0
看着所有广场的人民,modern Chinese（1920-2020）,1,0
看着敌人的‘队槽马’,modern Chinese（1920-2020）,1,0
看着明耀是会拒绝他，还是会借故推诿他,modern Chinese（1920-2020）,1,0
看着江玫,modern Chinese（1920-2020）,1,0
看着电视,modern Chinese（1920-2020）,0,1
看着自己,modern Chinese（1920-2020）,1,0
看着自己的袖,modern Chinese（1920-2020）,1,0
看着蓝蓝,modern Chinese（1920-2020）,2,0
看着识字课本,modern Chinese（1920-2020）,1,0
看碗里的东西,modern Chinese（1920-2020）,1,0
看碟片,modern Chinese（1920-2020）,1,0
看窗外的景物,modern Chinese（1920-2020）,1,0
看自己,modern Chinese（1920-2020）,1,0
看菊花,modern Chinese（1920-2020）,1,0
看菜单,modern Chinese（1920-2020）,1,0
看讲义,modern Chinese（1920-2020）,1,0
看说明书,modern Chinese（1920-2020）,1,0
看这个故事,modern Chinese（1920-2020）,0,1
看这些,modern Chinese（1920-2020）,1,0
看连长做示范动作似的,modern Chinese（1920-2020）,1,0
看遗嘱以及签名,modern Chinese（1920-2020）,0,1
看那些日记,modern Chinese（1920-2020）,1,0
看里面陈列的糖果点心,modern Chinese（1920-2020）,1,0
看问题、想问题、说问题,modern Chinese（1920-2020）,1,0
看黄历,modern Chinese（1920-2020）,0,1
眨动着,modern Chinese（1920-2020）,1,0
眨巴眼儿,modern Chinese（1920-2020）,1,0
眨眼,modern Chinese（1920-2020）,1,0
眨眼睛,modern Chinese（1920-2020）,1,0
眨着,modern Chinese（1920-2020）,1,0
眨着小眼,modern Chinese（1920-2020）,1,0
眨着眼,modern Chinese（1920-2020）,4,0
眯着,modern Chinese（1920-2020）,1,0
眺望,modern Chinese（1920-2020）,1,0
眺望后园子里的一些花木,modern Chinese（1920-2020）,0,2
眺望着什么,modern Chinese（1920-2020）,1,0
眺望着美丽的远景,modern Chinese（1920-2020）,1,0
眺望着远方的一块岩石,modern Chinese（1920-2020）,1,0
眺望远处闪耀着的桦树林,modern Chinese（1920-2020）,1,0
着力培育,modern Chinese（1920-2020）,0,1
着力打造家庭医生,modern Chinese（1920-2020）,0,1
着急,modern Chinese（1920-2020）,0,1
着急和担心,modern Chinese（1920-2020）,1,0
着想,modern Chinese（1920-2020）,1,0
着手做,modern Chinese（1920-2020）,0,2
着手制定《博物馆、纪念馆免费开放专项资金管理办法》,modern Chinese（1920-2020）,0,1
着手建立世界性的技工贸结合的分支机构,modern Chinese（1920-2020）,0,1
着手撰写一本新的乒乓论著,modern Chinese（1920-2020）,0,1
着手改进,modern Chinese（1920-2020）,1,0
着手测量,modern Chinese（1920-2020）,0,1
着手研制远程客机以及中远程客机,modern Chinese（1920-2020）,1,0
着手筹备,modern Chinese（1920-2020）,0,1
着手组织,modern Chinese（1920-2020）,0,1
着手组阁,modern Chinese（1920-2020）,1,0
着手编印有关十大文化名人的画刊和纪念专册,modern Chinese（1920-2020）,1,0
着手草订矿产法,modern Chinese（1920-2020）,0,1
着手这样的组织,modern Chinese（1920-2020）,1,0
睁眼看着,modern Chinese（1920-2020）,1,0
睁着,modern Chinese（1920-2020）,1,0
睁着眼睛，看着社会的罪恶把可怜的幼女逼成偷儿罢了,modern Chinese（1920-2020）,1,0
睁起圆大的眼睛,modern Chinese（1920-2020）,1,0
睃着底下的群众,modern Chinese（1920-2020）,1,0
睡,modern Chinese（1920-2020）,5,0
睡午觉,modern Chinese（1920-2020）,2,1
睡大觉,modern Chinese（1920-2020）,2,1
睡懒觉,modern Chinese（1920-2020）,1,0
睡着,modern Chinese（1920-2020）,3,5
睡觉,modern Chinese（1920-2020）,16,9
督促她快走,modern Chinese（1920-2020）,1,0
督战,modern Chinese（1920-2020）,1,1
督率将士们播种杂粮,modern Chinese（1920-2020）,0,1
督责,modern Chinese（1920-2020）,1,0
瞄准,modern Chinese（1920-2020）,2,0
瞄准着,modern Chinese（1920-2020）,1,0
瞅着,modern Chinese（1920-2020）,1,0
瞅着他,modern Chinese（1920-2020）,1,0
瞅着海上石油运输线,modern Chinese（1920-2020）,1,0
瞅着黄省三,modern Chinese（1920-2020）,1,0
瞌睡,modern Chinese（1920-2020）,1,0
瞎扯,modern Chinese（1920-2020）,1,0
瞎折腾,modern Chinese（1920-2020）,1,0
瞎猜,modern Chinese（1920-2020）,1,0
瞎猜度,modern Chinese（1920-2020）,1,0
瞎编,modern Chinese（1920-2020）,1,0
瞎说,modern Chinese（1920-2020）,1,1
瞒着,modern Chinese（1920-2020）,1,0
瞒着大家,modern Chinese（1920-2020）,1,0
瞧,modern Chinese（1920-2020）,1,2
瞧不起他,modern Chinese（1920-2020）,1,0
瞧她,modern Chinese（1920-2020）,0,1
瞩目美国总统尼克松访华,modern Chinese（1920-2020）,1,0
瞪着,modern Chinese（1920-2020）,1,0
瞻顾徘徊,modern Chinese（1920-2020）,1,0
矛盾,modern Chinese（1920-2020）,1,0
知道特鲁多总裁是带着一张大得吓人的订单而,modern Chinese（1920-2020）,1,0
砍伐,modern Chinese（1920-2020）,1,0
砍伐树木,modern Chinese（1920-2020）,0,1
砍柴,modern Chinese（1920-2020）,0,1
砍树,modern Chinese（1920-2020）,1,0
研,modern Chinese（1920-2020）,5,0
研习它,modern Chinese（1920-2020）,1,0
研制,modern Chinese（1920-2020）,0,1
研制一种能发射远程巡航导弹的新型潜艇,modern Chinese（1920-2020）,0,1
研制光子计算机,modern Chinese（1920-2020）,0,1
研制另一代的新的四种洲际弹道导弹,modern Chinese（1920-2020）,1,0
研制新型坦克,modern Chinese（1920-2020）,1,0
研制新型核武器,modern Chinese（1920-2020）,1,0
研制用于通讯的玻璃纤维导线,modern Chinese（1920-2020）,0,1
研制蚂蚱酱,modern Chinese（1920-2020）,1,0
研墨,modern Chinese（1920-2020）,1,0
研究,modern Chinese（1920-2020）,6,2
研究、观察,modern Chinese（1920-2020）,1,0
研究一种叫路由器的新产品,modern Chinese（1920-2020）,0,1
研究三体问题,modern Chinese（1920-2020）,1,0
研究三年国民经济计划,modern Chinese（1920-2020）,0,1
研究中国政府的这个复照,modern Chinese（1920-2020）,0,1
研究中国的经史的,modern Chinese（1920-2020）,1,0
研究什么,modern Chinese（1920-2020）,1,0
研究什么问题,modern Chinese（1920-2020）,1,0
研究今后让美国的投资商人怎样在炸裂快活和挣钱,modern Chinese（1920-2020）,0,1
研究作出答复,modern Chinese（1920-2020）,0,1
研究修订原有的中成药价格管理办法,modern Chinese（1920-2020）,0,1
研究关于解散政党的建议,modern Chinese（1920-2020）,0,1
研究其他国家的经验,modern Chinese（1920-2020）,1,0
研究军队改革,modern Chinese（1920-2020）,0,1
研究准备搞一个不要石油的工厂,modern Chinese（1920-2020）,0,1
研究利用南极虾作食品的问题,modern Chinese（1920-2020）,1,0
研究制作一种精巧的工艺作物,modern Chinese（1920-2020）,0,1
研究制造光子火箭,modern Chinese（1920-2020）,1,0
研究办法,modern Chinese（1920-2020）,1,0
研究劳动力调配问题,modern Chinese（1920-2020）,0,1
研究包括重新考虑对越南提供经济援助在内的对策,modern Chinese（1920-2020）,0,1
研究厚黑这种学理,modern Chinese（1920-2020）,1,0
研究台湾情况的问题,modern Chinese（1920-2020）,0,1
研究各种方法,modern Chinese（1920-2020）,0,1
研究和试制小马力动力机械,modern Chinese（1920-2020）,0,1
研究四川能否种热带植物,modern Chinese（1920-2020）,0,1
研究多份协议草案,modern Chinese（1920-2020）,1,0
研究她的所有物品,modern Chinese（1920-2020）,1,0
研究她的腹部,modern Chinese（1920-2020）,1,0
研究如何说好现代长篇书目,modern Chinese（1920-2020）,0,1
研究它的历史作用和地位等问题,modern Chinese（1920-2020）,1,0
研究密裁计划,modern Chinese（1920-2020）,0,1
研究对这个问题的处理意见,modern Chinese（1920-2020）,0,1
研究小纸条上的字句,modern Chinese（1920-2020）,0,1
研究情况,modern Chinese（1920-2020）,1,0
研究戈尔巴乔夫提出的建议,modern Chinese（1920-2020）,0,1
研究把“万国化油器”铸造成功,modern Chinese（1920-2020）,1,0
研究把这种技术和目前的电讯网结合起来,modern Chinese（1920-2020）,0,1
研究探索建立支持推进节能减排的长效机制,modern Chinese（1920-2020）,0,1
研究接应,modern Chinese（1920-2020）,1,0
研究推行公开发行和上市证券的保荐制度,modern Chinese（1920-2020）,0,1
研究改进《华北新华书店最新批发办法》,modern Chinese（1920-2020）,1,0
研究敌情,modern Chinese（1920-2020）,1,0
研究数十种对付美国,modern Chinese（1920-2020）,0,1
研究新的治安整顿方案,modern Chinese（1920-2020）,0,1
研究有关各方就解决中东问题所提出的方案,modern Chinese（1920-2020）,0,1
研究有关法律,modern Chinese（1920-2020）,0,1
研究模特儿相片,modern Chinese（1920-2020）,0,1
研究波兰倡议,modern Chinese（1920-2020）,0,1
研究生命课题,modern Chinese（1920-2020）,1,0
研究着,modern Chinese（1920-2020）,0,1
研究着一切,modern Chinese（1920-2020）,1,0
研究着出发动员的问题,modern Chinese（1920-2020）,1,0
研究着反“绞杀”战斗第一阶段末期总的形势,modern Chinese（1920-2020）,1,0
研究社会问题,modern Chinese（1920-2020）,1,0
研究第二天的施工问题,modern Chinese（1920-2020）,1,0
研究联合国秘书长的通告,modern Chinese（1920-2020）,0,1
研究苏联和越南签订条约的政治含意,modern Chinese（1920-2020）,0,1
研究规划,modern Chinese（1920-2020）,0,1
研究解决,modern Chinese（1920-2020）,0,1
研究解决办法,modern Chinese（1920-2020）,0,1
研究解决新形势下出现的新问题,modern Chinese（1920-2020）,0,1
"研究设计之防空
工具",modern Chinese（1920-2020）,1,0
"研究试
验之死光机(怪力线)",modern Chinese（1920-2020）,0,1
研究谋划“银行港澳青年之家”的建设模式,modern Chinese（1920-2020）,0,1
研究这个东西,modern Chinese（1920-2020）,1,0
研究这个问题,modern Chinese（1920-2020）,0,2
研究进一步加强投资管理人员管理的办法,modern Chinese（1920-2020）,0,1
研究那帽子,modern Chinese（1920-2020）,1,0
研究阿里亚斯总统的和平建议,modern Chinese（1920-2020）,0,1
研究雷锋是真是假,modern Chinese（1920-2020）,1,0
研讨,modern Chinese（1920-2020）,0,1
破土动工,modern Chinese（1920-2020）,0,1
破坏,modern Chinese（1920-2020）,1,1
破坏你们的爱情,modern Chinese（1920-2020）,0,1
破坏停火和制造边境紧张局势,modern Chinese（1920-2020）,2,0
破坏它,modern Chinese（1920-2020）,1,0
破坏尼加拉瓜选举,modern Chinese（1920-2020）,1,0
破坏我们的社会主义事业,modern Chinese（1920-2020）,0,1
破坏日内瓦会议规定的任务的执行,modern Chinese（1920-2020）,0,1
破坏旧的,modern Chinese（1920-2020）,1,0
破坏武器,modern Chinese（1920-2020）,1,0
破坏这一地区的稳定,modern Chinese（1920-2020）,0,1
破坏阿拉伯各国人民的团结,modern Chinese（1920-2020）,1,0
破坏阿拉伯团结,modern Chinese（1920-2020）,1,0
破浪前进,modern Chinese（1920-2020）,1,0
砸一柄剑,modern Chinese（1920-2020）,0,1
砸夯,modern Chinese（1920-2020）,0,1
砸她的锅,modern Chinese（1920-2020）,1,0
砸石头,modern Chinese（1920-2020）,1,0
确立,modern Chinese（1920-2020）,0,1
碰杯,modern Chinese（1920-2020）,0,1
磋商,modern Chinese（1920-2020）,0,2
磋商组织新内阁的问题,modern Chinese（1920-2020）,0,1
磕头,modern Chinese（1920-2020）,1,0
磕头求饶,modern Chinese（1920-2020）,1,0
磨刀,modern Chinese（1920-2020）,1,0
磨折,modern Chinese（1920-2020）,1,0
磨折着他,modern Chinese（1920-2020）,1,0
磨斧子,modern Chinese（1920-2020）,1,0
磨着一把大斧子,modern Chinese（1920-2020）,1,0
磨粮,modern Chinese（1920-2020）,1,0
磨练,modern Chinese（1920-2020）,1,0
磨练自己,modern Chinese（1920-2020）,1,0
磨蚀,modern Chinese（1920-2020）,0,1
磨面,modern Chinese（1920-2020）,0,1
示众,modern Chinese（1920-2020）,1,0
示威,modern Chinese（1920-2020）,2,0
示范农场工作多美,modern Chinese（1920-2020）,1,0
示范着面条的正确吃法,modern Chinese（1920-2020）,1,0
祈求美援,modern Chinese（1920-2020）,1,0
祈祷,modern Chinese（1920-2020）,7,0
祈祷什么,modern Chinese（1920-2020）,1,0
祈祷和平,modern Chinese（1920-2020）,1,0
祈祷着首都早,modern Chinese（1920-2020）,1,0
祝寿,modern Chinese（1920-2020）,1,0
祝愿旅客一路平安,modern Chinese（1920-2020）,1,0
祝福,modern Chinese（1920-2020）,2,1
祝福我,modern Chinese（1920-2020）,1,0
祝贺乔迁之喜,modern Chinese（1920-2020）,0,1
祝贺我的愉快,modern Chinese（1920-2020）,1,0
祝贺所有的追击者,modern Chinese（1920-2020）,1,0
祝颂些什么,modern Chinese（1920-2020）,1,0
祭奠三个同志的牺牲,modern Chinese（1920-2020）,1,0
祷告,modern Chinese（1920-2020）,1,0
祷告着白天快点来临,modern Chinese（1920-2020）,1,0
禁女学生束胸,modern Chinese（1920-2020）,1,0
禁歌,modern Chinese（1920-2020）,1,0
禁止他用任何动作来打搅这一幅静美的图画,modern Chinese（1920-2020）,1,0
禁锢着许多人的头脑,modern Chinese（1920-2020）,1,0
禹禹独行,modern Chinese（1920-2020）,2,0
离去,modern Chinese（1920-2020）,1,2
离开,modern Chinese（1920-2020）,1,0
离开冷战走向温热的和平,modern Chinese（1920-2020）,2,0
离开唯一的依靠,modern Chinese（1920-2020）,0,1
离开自己,modern Chinese（1920-2020）,0,1
离开那里,modern Chinese（1920-2020）,1,0
离桌上升,modern Chinese（1920-2020）,1,0
私语,modern Chinese（1920-2020）,2,0
种,modern Chinese（1920-2020）,1,0
种好小麦,modern Chinese（1920-2020）,0,1
种着那几亩瘦地,modern Chinese（1920-2020）,1,0
秘施重建蒋家王朝于台湾的最重要的战略布署,modern Chinese（1920-2020）,1,0
积极推进国家发展计划,modern Chinese（1920-2020）,1,0
积极措施推动百家争鸣,modern Chinese（1920-2020）,0,1
积极采取措施,modern Chinese（1920-2020）,0,1
积累,modern Chinese（1920-2020）,1,0
积聚,modern Chinese（1920-2020）,1,1
积蓄力量准备再次飞奔,modern Chinese（1920-2020）,1,0
积阴功,modern Chinese（1920-2020）,1,0
称赞你读书读得好,modern Chinese（1920-2020）,1,0
称赞着他,modern Chinese（1920-2020）,1,0
称赞解放军的纪律严明,modern Chinese（1920-2020）,1,0
移出,modern Chinese（1920-2020）,0,1
移动,modern Chinese（1920-2020）,14,4
移动着,modern Chinese（1920-2020）,2,1
移去,modern Chinese（1920-2020）,1,1
移民,modern Chinese（1920-2020）,0,1
移近,modern Chinese（1920-2020）,1,0
移防,modern Chinese（1920-2020）,0,1
稳定情绪,modern Chinese（1920-2020）,0,1
穷尽自己的想象力,modern Chinese（1920-2020）,0,1
空喊口号,modern Chinese（1920-2020）,1,0
空等着,modern Chinese（1920-2020）,1,0
穿一件消过毒的隔离衣,modern Chinese（1920-2020）,0,1
穿出大气层,modern Chinese（1920-2020）,0,1
穿她自己手制的中国料的西装,modern Chinese（1920-2020）,1,0
穿山越岭，直奔北京,modern Chinese（1920-2020）,0,1
穿潜水衣,modern Chinese（1920-2020）,0,1
穿行,modern Chinese（1920-2020）,1,0
穿衣,modern Chinese（1920-2020）,0,1
穿衣服,modern Chinese（1920-2020）,4,1
穿衣裳,modern Chinese（1920-2020）,3,0
穿越五个天文单位的距离飞向地球,modern Chinese（1920-2020）,0,1
穿越第二片星际尘埃,modern Chinese（1920-2020）,0,1
穿鞋,modern Chinese（1920-2020）,1,0
突围,modern Chinese（1920-2020）,1,1
突破,modern Chinese（1920-2020）,0,1
突破一个又一个副线案情,modern Chinese（1920-2020）,1,0
窃听什么,modern Chinese（1920-2020）,1,0
窃窃私议,modern Chinese（1920-2020）,1,0
窃窃私语,modern Chinese（1920-2020）,3,0
窃窃议论,modern Chinese（1920-2020）,2,0
窃窃调情,modern Chinese（1920-2020）,1,0
窒息,modern Chinese（1920-2020）,0,1
窜着火苗,modern Chinese（1920-2020）,1,0
窥伺什么,modern Chinese（1920-2020）,1,0
窥伺着卢嘉川,modern Chinese（1920-2020）,1,0
窥听,modern Chinese（1920-2020）,1,0
窥探人间的秘密,modern Chinese（1920-2020）,1,0
窥探古典先贤的诗心,modern Chinese（1920-2020）,1,0
窥望,modern Chinese（1920-2020）,0,1
窥望什么,modern Chinese（1920-2020）,1,0
窥视自己,modern Chinese（1920-2020）,1,0
立军令状,modern Chinese（1920-2020）,1,0
立射瞄准,modern Chinese（1920-2020）,0,1
立案调查,modern Chinese（1920-2020）,0,1
竖着耳朵听他们的谈话,modern Chinese（1920-2020）,1,0
站岗,modern Chinese（1920-2020）,1,0
站队,modern Chinese（1920-2020）,1,2
竞争,modern Chinese（1920-2020）,3,0
竞争欧洲的第一位和全世界的第二位,modern Chinese（1920-2020）,1,0
竞赛,modern Chinese（1920-2020）,2,0
竞赛叫唤茶房的声音的高低,modern Chinese（1920-2020）,0,1
竭其力之所能，扑灭经济恐慌,modern Chinese（1920-2020）,1,0
竭力保持镇定,modern Chinese（1920-2020）,1,0
竭力摆脱,modern Chinese（1920-2020）,1,0
竭力解决这些问题,modern Chinese（1920-2020）,1,0
竭力设法解决,modern Chinese（1920-2020）,0,1
端相着华静,modern Chinese（1920-2020）,0,1
端详她那裤子,modern Chinese（1920-2020）,1,0
端详屋子的装饰,modern Chinese（1920-2020）,1,0
端详着墓碑,modern Chinese（1920-2020）,1,0
端详这个黑汉子脸上的一对眼睛,modern Chinese（1920-2020）,1,0
端饭,modern Chinese（1920-2020）,0,1
笃守信义之故,modern Chinese（1920-2020）,1,0
笑,modern Chinese（1920-2020）,93,1
笑人,modern Chinese（1920-2020）,1,0
笑什么,modern Chinese（1920-2020）,6,0
笑他,modern Chinese（1920-2020）,1,0
笑他自己,modern Chinese（1920-2020）,1,0
笑他说了违心话,modern Chinese（1920-2020）,1,0
笑你,modern Chinese（1920-2020）,1,0
笑啊、说啊,modern Chinese（1920-2020）,0,1
笑她,modern Chinese（1920-2020）,1,0
笑我,modern Chinese（1920-2020）,2,1
笑我即将重蹈他人覆辙,modern Chinese（1920-2020）,1,0
笑昨天上火车时碰见了一个老兵,modern Chinese（1920-2020）,1,0
笑着,modern Chinese（1920-2020）,7,1
笑着说话,modern Chinese（1920-2020）,1,0
笑自己那得意的妙算,modern Chinese（1920-2020）,1,0
笑话你这个败家子,modern Chinese（1920-2020）,1,0
笑话我,modern Chinese（1920-2020）,2,0
笑谁,modern Chinese（1920-2020）,1,0
笑谑,modern Chinese（1920-2020）,1,0
笑陆涛幼稚,modern Chinese（1920-2020）,1,0
笼络,modern Chinese（1920-2020）,1,0
笼罩着江南,modern Chinese（1920-2020）,1,0
等,modern Chinese（1920-2020）,12,0
等203路,modern Chinese（1920-2020）,1,0
等一个莫须有的人,modern Chinese（1920-2020）,1,0
等两个伙计一道走,modern Chinese（1920-2020）,1,0
等买什么好东西,modern Chinese（1920-2020）,1,0
等人,modern Chinese（1920-2020）,3,0
等什么,modern Chinese（1920-2020）,3,0
等什么重要人物,modern Chinese（1920-2020）,1,0
等他,modern Chinese（1920-2020）,7,0
等他一个人,modern Chinese（1920-2020）,1,0
等他主动表态,modern Chinese（1920-2020）,1,0
等他们走远,modern Chinese（1920-2020）,1,0
等他回来,modern Chinese（1920-2020）,1,0
等他消息,modern Chinese（1920-2020）,1,0
等他考虑,modern Chinese（1920-2020）,1,0
等你,modern Chinese（1920-2020）,16,1
等你上课,modern Chinese（1920-2020）,1,0
等你收干女儿,modern Chinese（1920-2020）,1,0
等你的好消息,modern Chinese（1920-2020）,1,0
等你答应的礼物,modern Chinese（1920-2020）,1,0
等你请他吃中国菜,modern Chinese（1920-2020）,1,0
等你退休,modern Chinese（1920-2020）,1,0
等候,modern Chinese（1920-2020）,3,0
等候亲人汇款的佳音,modern Chinese（1920-2020）,0,1
等候什么人,modern Chinese（1920-2020）,1,0
等候什么噩兆,modern Chinese（1920-2020）,1,0
等候他,modern Chinese（1920-2020）,2,0
等候他们,modern Chinese（1920-2020）,1,0
等候他的主意,modern Chinese（1920-2020）,1,0
等候他的归来,modern Chinese（1920-2020）,0,1
等候命令,modern Chinese（1920-2020）,0,1
等候商州那边的消息,modern Chinese（1920-2020）,0,1
等候她,modern Chinese（1920-2020）,2,0
等候她们,modern Chinese（1920-2020）,1,0
等候她说最后的什么话,modern Chinese（1920-2020）,1,0
等候开寨门,modern Chinese（1920-2020）,1,0
等候总经理,modern Chinese（1920-2020）,2,0
等候我们,modern Chinese（1920-2020）,1,0
等候着,modern Chinese（1920-2020）,3,0
等候着一个机会,modern Chinese（1920-2020）,1,0
等候着他,modern Chinese（1920-2020）,1,0
等候着命令,modern Chinese（1920-2020）,1,0
等候着庙里边的会议结束,modern Chinese（1920-2020）,1,0
等候着敌人,modern Chinese（1920-2020）,1,0
等候着消息,modern Chinese（1920-2020）,1,0
等候着渡船,modern Chinese（1920-2020）,1,0
等候着负起新的任务,modern Chinese（1920-2020）,0,1
等候红娘子回来一同吃饭并商议大事,modern Chinese（1920-2020）,0,1
等候这架直升机的救援,modern Chinese（1920-2020）,1,0
等候那个可怕的爆发,modern Chinese（1920-2020）,1,0
等候青天大老爷救他一命一样,modern Chinese（1920-2020）,1,0
等候麾下人豫,modern Chinese（1920-2020）,1,0
等出租车,modern Chinese（1920-2020）,1,0
等医院确诊,modern Chinese（1920-2020）,1,0
等县委发话,modern Chinese（1920-2020）,1,0
等听她这一篇大议论的结局,modern Chinese（1920-2020）,1,0
等喂,modern Chinese（1920-2020）,2,0
等圣旨,modern Chinese（1920-2020）,1,0
等她,modern Chinese（1920-2020）,6,0
等她一个人,modern Chinese（1920-2020）,1,0
等她义演,modern Chinese（1920-2020）,1,0
等她们来,modern Chinese（1920-2020）,1,0
等她同他打招呼,modern Chinese（1920-2020）,1,0
等她回答,modern Chinese（1920-2020）,1,0
等妈妈夸奖他几句,modern Chinese（1920-2020）,1,0
等密斯胡,modern Chinese（1920-2020）,1,0
等工,modern Chinese（1920-2020）,1,0
等工作,modern Chinese（1920-2020）,1,0
等待,modern Chinese（1920-2020）,9,0
等待一个奇迹,modern Chinese（1920-2020）,1,0
等待一个心上人,modern Chinese（1920-2020）,1,0
等待一个忠诚的朋友坐上去,modern Chinese（1920-2020）,1,0
等待一次大显身手的机会,modern Chinese（1920-2020）,1,0
等待一次重大的判断错误来设法公开把他去掉,modern Chinese（1920-2020）,1,0
等待什么,modern Chinese（1920-2020）,4,1
等待什么人,modern Chinese（1920-2020）,1,0
等待什么人回家,modern Chinese（1920-2020）,1,0
等待他,modern Chinese（1920-2020）,3,0
等待他们,modern Chinese（1920-2020）,2,0
等待他的反应,modern Chinese（1920-2020）,1,0
等待他的回答,modern Chinese（1920-2020）,1,0
等待吃什么,modern Chinese（1920-2020）,0,1
等待向玛瑙山突然扑来,modern Chinese（1920-2020）,0,1
等待奇迹,modern Chinese（1920-2020）,1,0
等待她,modern Chinese（1920-2020）,2,0
等待她去,modern Chinese（1920-2020）,1,0
等待她那曾燃起情霞的呼吸,modern Chinese（1920-2020）,1,0
等待好消息,modern Chinese（1920-2020）,1,0
等待它的痊愈,modern Chinese（1920-2020）,0,1
等待对方先说话,modern Chinese（1920-2020）,1,0
等待小贝的宣判,modern Chinese（1920-2020）,1,0
等待我们,modern Chinese（1920-2020）,2,0
等待我的拥抱,modern Chinese（1920-2020）,1,0
等待我那一声“中午好”,modern Chinese（1920-2020）,1,0
等待政府尽快地公布它的详细的纲领,modern Chinese（1920-2020）,1,0
等待新一代的阅读器,modern Chinese（1920-2020）,0,1
等待新年的赏钱和娱乐,modern Chinese（1920-2020）,1,0
等待新的投资风口,modern Chinese（1920-2020）,1,0
等待曹变蛟和左光先的战斗结果,modern Chinese（1920-2020）,0,1
等待最后的结局,modern Chinese（1920-2020）,1,0
等待灵感与经验,modern Chinese（1920-2020）,1,0
等待球进篮,modern Chinese（1920-2020）,1,0
等待看他的戏,modern Chinese（1920-2020）,1,0
等待着,modern Chinese（1920-2020）,9,1
等待着2008年的北京奥运会巅峰决战,modern Chinese（1920-2020）,1,0
等待着一个人,modern Chinese（1920-2020）,1,0
等待着什么,modern Chinese（1920-2020）,3,0
等待着今天作个决定,modern Chinese（1920-2020）,1,0
等待着他,modern Chinese（1920-2020）,2,0
等待着他手指的触碰的那一瞬,modern Chinese（1920-2020）,1,0
等待着你,modern Chinese（1920-2020）,1,0
等待着你们,modern Chinese（1920-2020）,2,0
等待着咱们,modern Chinese（1920-2020）,1,0
等待着她,modern Chinese（1920-2020）,1,0
等待着她的回答,modern Chinese（1920-2020）,1,0
等待着我,modern Chinese（1920-2020）,2,0
等待着我们,modern Chinese（1920-2020）,1,0
等待着我们使用,modern Chinese（1920-2020）,1,0
等待着我们去做,modern Chinese（1920-2020）,1,0
等待着我们去发现,modern Chinese（1920-2020）,1,0
等待着战争,modern Chinese（1920-2020）,1,0
等待着战争挑拨者,modern Chinese（1920-2020）,1,0
等待着机会,modern Chinese（1920-2020）,2,0
等待着游客,modern Chinese（1920-2020）,1,0
等待着看那些苗是不是开花,modern Chinese（1920-2020）,1,0
等待着突围时刻的到来,modern Chinese（1920-2020）,1,0
等待着美国侵略军,modern Chinese（1920-2020）,1,0
等待着美国侵略者,modern Chinese（1920-2020）,1,0
等待着美帝国主义,modern Chinese（1920-2020）,0,1
等待着跳荡的心平静下来,modern Chinese（1920-2020）,1,0
等待着这个新兵,modern Chinese（1920-2020）,1,0
等待着郑百如回心转意,modern Chinese（1920-2020）,1,0
等待着闯王还要说什么话,modern Chinese（1920-2020）,1,0
等待着颜组长归来,modern Chinese（1920-2020）,1,0
等待科学家给出准确答案,modern Chinese（1920-2020）,1,0
等待答复,modern Chinese（1920-2020）,1,0
等待结果,modern Chinese（1920-2020）,1,0
等待自己,modern Chinese（1920-2020）,1,0
等待英国澄清,modern Chinese（1920-2020）,1,0
等待观望,modern Chinese（1920-2020）,1,0
等待解放军去接收,modern Chinese（1920-2020）,1,0
等待车子追上来,modern Chinese（1920-2020）,1,0
等待这个报告,modern Chinese（1920-2020）,1,0
等待这个残老的动物,modern Chinese（1920-2020）,1,0
等待这样一部戏,modern Chinese（1920-2020）,1,0
等待那边的父母为他争取到烈士称号,modern Chinese（1920-2020）,1,0
等待那顿意料之中的盘诘和训斥降临,modern Chinese（1920-2020）,1,0
等待顾客,modern Chinese（1920-2020）,1,0
等我,modern Chinese（1920-2020）,8,0
等我们,modern Chinese（1920-2020）,3,0
等我回复,modern Chinese（1920-2020）,1,0
等我回音,modern Chinese（1920-2020）,1,0
等晓燕,modern Chinese（1920-2020）,1,0
等有一天你跟我说分手,modern Chinese（1920-2020）,1,0
等机,modern Chinese（1920-2020）,1,0
等机会,modern Chinese（1920-2020）,1,1
等李青,modern Chinese（1920-2020）,1,0
等死,modern Chinese（1920-2020）,1,0
等犯人说什么,modern Chinese（1920-2020）,1,0
等电话,modern Chinese（1920-2020）,1,0
等着,modern Chinese（1920-2020）,12,2
等着下一步的庄严和举措,modern Chinese（1920-2020）,1,0
等着为你做各种事情,modern Chinese（1920-2020）,1,0
等着什么,modern Chinese（1920-2020）,1,0
等着他,modern Chinese（1920-2020）,15,0
等着他们,modern Chinese（1920-2020）,1,0
等着他们来,modern Chinese（1920-2020）,2,0
等着他的发言,modern Chinese（1920-2020）,1,0
等着他谈事情,modern Chinese（1920-2020）,1,0
等着你,modern Chinese（1920-2020）,7,1
等着你从我屋里出来,modern Chinese（1920-2020）,1,0
等着你们,modern Chinese（1920-2020）,2,0
等着你的消息,modern Chinese（1920-2020）,1,0
等着做人流,modern Chinese（1920-2020）,1,0
等着博士,modern Chinese（1920-2020）,0,1
等着县长随时的召唤和应允,modern Chinese（1920-2020）,1,0
等着吞点什么东西,modern Chinese（1920-2020）,1,0
等着和你告别,modern Chinese（1920-2020）,1,0
等着她,modern Chinese（1920-2020）,5,0
等着她们,modern Chinese（1920-2020）,1,0
等着她出面,modern Chinese（1920-2020）,1,0
等着她来向我倾诉。,modern Chinese（1920-2020）,1,0
等着客人的光临,modern Chinese（1920-2020）,1,0
等着对方的回信,modern Chinese（1920-2020）,0,1
等着您,modern Chinese（1920-2020）,1,0
等着我,modern Chinese（1920-2020）,7,0
等着我们,modern Chinese（1920-2020）,2,2
等着我们去做,modern Chinese（1920-2020）,1,0
等着接他,modern Chinese（1920-2020）,1,0
等着支钱使,modern Chinese（1920-2020）,1,0
等着此地妇女人用一种叫做“黑那”的染料，将我的手掌染成土红色美丽的图案,modern Chinese（1920-2020）,0,1
等着江玫回心转意,modern Chinese（1920-2020）,1,0
等着淘钻石,modern Chinese（1920-2020）,1,0
等着理发的人给他刮胡子,modern Chinese（1920-2020）,1,0
等着米、油下锅,modern Chinese（1920-2020）,1,0
等着米立熊说出一个叫他感到满意的答,modern Chinese（1920-2020）,1,0
等着约翰逊,modern Chinese（1920-2020）,1,0
等着组织上能替我说些什么,modern Chinese（1920-2020）,1,0
等着编密码,modern Chinese（1920-2020）,0,1
等着老洪和政委发出行动的信号,modern Chinese（1920-2020）,1,0
等着自己,modern Chinese（1920-2020）,1,0
等着这一刻,modern Chinese（1920-2020）,1,0
等着进城,modern Chinese（1920-2020）,0,1
等着进考场,modern Chinese（1920-2020）,1,0
等着顶职当老师,modern Chinese（1920-2020）,1,0
等着龙庆的回音,modern Chinese（1920-2020）,1,0
等稿子,modern Chinese（1920-2020）,0,1
等谁,modern Chinese（1920-2020）,1,0
等车,modern Chinese（1920-2020）,1,0
等车子,modern Chinese（1920-2020）,2,0
等车接他们到昆明去,modern Chinese（1920-2020）,0,1
等钱还眼,modern Chinese（1920-2020）,1,0
筑底,modern Chinese（1920-2020）,1,0
筑路建房,modern Chinese（1920-2020）,1,0
答复她的那句“他也许会怨我”,modern Chinese（1920-2020）,1,0
答复觉新,modern Chinese（1920-2020）,1,0
答复问题,modern Chinese（1920-2020）,1,0
答应,modern Chinese（1920-2020）,3,0
答：“九十师的”,modern Chinese（1920-2020）,0,1
策划,modern Chinese（1920-2020）,1,1
策划一个评价体系,modern Chinese（1920-2020）,1,0
策划一系列镇压行动,modern Chinese（1920-2020）,0,1
策划举行“不结盟国家”经济会议,modern Chinese（1920-2020）,0,1
策划什么针对谁要搞点行动,modern Chinese（1920-2020）,1,0
策划他的事业,modern Chinese（1920-2020）,1,0
策划反对叙利亚的新阴谋,modern Chinese（1920-2020）,1,0
策划对越南的新挑衅,modern Chinese（1920-2020）,1,0
策划扩张阴谋的殖民主义,modern Chinese（1920-2020）,1,0
策划报道,modern Chinese（1920-2020）,1,0
策划新的政变企图,modern Chinese（1920-2020）,0,1
策划新的阴谋,modern Chinese（1920-2020）,1,1
策划极其危险的步骤,modern Chinese（1920-2020）,1,0
策划永久分裂朝鲜,modern Chinese（1920-2020）,0,1
策划着一个巨大的军事阴谋,modern Chinese（1920-2020）,0,1
策划着对古巴的破坏和颠覆阴谋,modern Chinese（1920-2020）,1,0
策划破坏伦敦裁军会议,modern Chinese（1920-2020）,0,1
策动,modern Chinese（1920-2020）,0,1
策谋着他们的一切,modern Chinese（1920-2020）,1,0
策马走来,modern Chinese（1920-2020）,1,0
筹划,modern Chinese（1920-2020）,0,2
筹划上海的武装起义,modern Chinese（1920-2020）,0,1
筹划举办,modern Chinese（1920-2020）,1,0
筹划今晚上怎样才可以逃脱她的虎口,modern Chinese（1920-2020）,1,0
筹划应付的办法,modern Chinese（1920-2020）,1,0
筹划建立中华革命军的事,modern Chinese（1920-2020）,0,1
筹划归程的机票,modern Chinese（1920-2020）,1,0
筹划着下野大事,modern Chinese（1920-2020）,0,1
筹办,modern Chinese（1920-2020）,0,2
筹备,modern Chinese（1920-2020）,3,6
筹备一个工会式的组织,modern Chinese（1920-2020）,1,0
筹备一切,modern Chinese（1920-2020）,0,1
筹备举行一个展览会,modern Chinese（1920-2020）,0,1
筹备于八月五日举行要求禁止原子武器的市民大会,modern Chinese（1920-2020）,1,0
筹备于在英国举行的世界性会议,modern Chinese（1920-2020）,0,1
筹备包括有丰富的文娱节目的和平集会,modern Chinese（1920-2020）,0,1
筹备双十节的提灯大会,modern Chinese（1920-2020）,0,1
筹备和试办,modern Chinese（1920-2020）,0,1
筹备安装,modern Chinese（1920-2020）,0,1
筹备将于七月七日在瑞士洛桑举行的世界母亲大会,modern Chinese（1920-2020）,0,1
筹备建立博士后流动站,modern Chinese（1920-2020）,0,1
筹备建立园区非公党委,modern Chinese（1920-2020）,0,1
筹备建设国家级轮轴技术研究中心,modern Chinese（1920-2020）,0,1
筹备恢复,modern Chinese（1920-2020）,0,1
筹备成立,modern Chinese（1920-2020）,0,1
筹备成立武术联合会,modern Chinese（1920-2020）,1,0
筹备成立职工消费合作社,modern Chinese（1920-2020）,0,1
筹备摄制,modern Chinese（1920-2020）,0,1
筹备盖新房子,modern Chinese（1920-2020）,0,1
筹备着,modern Chinese（1920-2020）,1,0
筹备着——欧元叩门,modern Chinese（1920-2020）,1,0
筹备着一年一度雪域高原上的狂欢,modern Chinese（1920-2020）,1,0
筹备第六轮六方会谈第二阶段会议,modern Chinese（1920-2020）,0,1
筹备设立特殊目的机构,modern Chinese（1920-2020）,0,1
筹备迎接解放的各种活动,modern Chinese（1920-2020）,1,0
筹建,modern Chinese（1920-2020）,0,4
筹建一个高二十多公尺的和平像,modern Chinese（1920-2020）,0,1
筹建不同类型的专业性人才市场,modern Chinese（1920-2020）,0,1
筹建他的公司,modern Chinese（1920-2020）,1,0
筹建北京第一家自费出版社,modern Chinese（1920-2020）,0,1
筹建国联合海运公司,modern Chinese（1920-2020）,0,1
筹思着,modern Chinese（1920-2020）,0,1
筹款子,modern Chinese（1920-2020）,1,0
筹组新政党,modern Chinese（1920-2020）,0,1
筹谋出路,modern Chinese（1920-2020）,1,0
筹谋在江浙起义,modern Chinese（1920-2020）,0,1
筹谋着什么坏主意,modern Chinese（1920-2020）,0,1
签署着自己死亡的证书,modern Chinese（1920-2020）,1,0
签订,modern Chinese（1920-2020）,0,2
签订国开行生源地信用助学贷款合同,modern Chinese（1920-2020）,0,1
算地主的地亩,modern Chinese（1920-2020）,1,0
算江世荣的租子帐,modern Chinese（1920-2020）,1,0
算计三个村庄谁家会投他的票,modern Chinese（1920-2020）,1,0
算计别人,modern Chinese（1920-2020）,2,0
算计对方,modern Chinese（1920-2020）,1,0
算计钱钱钱,modern Chinese（1920-2020）,2,0
算账,modern Chinese（1920-2020）,2,0
管,modern Chinese（1920-2020）,1,0
管制着,modern Chinese（1920-2020）,2,0
管整个制作,modern Chinese（1920-2020）,1,0
管理,modern Chinese（1920-2020）,1,0
管着,modern Chinese（1920-2020）,1,0
管羊,modern Chinese（1920-2020）,1,0
管钱,modern Chinese（1920-2020）,1,0
篡改,modern Chinese（1920-2020）,1,0
粉刷,modern Chinese（1920-2020）,0,1
粉碎原子弹,modern Chinese（1920-2020）,0,1
粉碎敌人的‘围剿’,modern Chinese（1920-2020）,0,1
粉饰伊拉克的现实,modern Chinese（1920-2020）,1,0
粘合到别一个的心,modern Chinese（1920-2020）,0,1
粘贴邮票,modern Chinese（1920-2020）,0,1
糟蹋老百姓,modern Chinese（1920-2020）,1,0
系念,modern Chinese（1920-2020）,1,0
系裙子,modern Chinese（1920-2020）,0,1
紧叩白宫的大门去乞求施舍,modern Chinese（1920-2020）,1,0
紧张,modern Chinese（1920-2020）,0,1
紧扣着她的心弦,modern Chinese（1920-2020）,1,0
紧缩,modern Chinese（1920-2020）,1,0
累积,modern Chinese（1920-2020）,2,0
絮叨,modern Chinese（1920-2020）,0,1
絮叫,modern Chinese（1920-2020）,1,0
絮絮叨叨,modern Chinese（1920-2020）,1,0
絮话,modern Chinese（1920-2020）,1,0
絮语,modern Chinese（1920-2020）,0,1
繁荣,modern Chinese（1920-2020）,0,1
繁荣发展,modern Chinese（1920-2020）,0,1
纠偏整个西方的这个高速发展,modern Chinese（1920-2020）,1,0
纠合人马出寨挡驾,modern Chinese（1920-2020）,0,1
纠正,modern Chinese（1920-2020）,1,2
纠正农业社包产普遍过高的偏向,modern Chinese（1920-2020）,0,1
纠正我,modern Chinese（1920-2020）,1,0
纠缠,modern Chinese（1920-2020）,0,1
纠缠我、打扰我,modern Chinese（1920-2020）,1,0
纠集自己的力量,modern Chinese（1920-2020）,0,1
红得透紫,modern Chinese（1920-2020）,0,1
约会别人,modern Chinese（1920-2020）,1,0
纪念孙总理,modern Chinese（1920-2020）,1,0
纪念我,modern Chinese（1920-2020）,1,0
纳税,modern Chinese（1920-2020）,1,0
纳罕,modern Chinese（1920-2020）,1,0
纳闷,modern Chinese（1920-2020）,2,4
纳闷儿,modern Chinese（1920-2020）,0,2
纳闷祖父是怎么从井亭医院跑出来的,modern Chinese（1920-2020）,0,1
纳鞋底,modern Chinese（1920-2020）,1,0
纵容污染,modern Chinese（1920-2020）,1,0
纵欲狂欢,modern Chinese（1920-2020）,0,1
纵酒狂欢,modern Chinese（1920-2020）,0,1
纷纷扬扬,modern Chinese（1920-2020）,1,0
纺线,modern Chinese（1920-2020）,1,0
练习,modern Chinese（1920-2020）,0,2
练习包装货物,modern Chinese（1920-2020）,0,1
练习合唱,modern Chinese（1920-2020）,1,0
练习打飞机,modern Chinese（1920-2020）,1,0
练习投手榴弹,modern Chinese（1920-2020）,1,0
练习瑜伽,modern Chinese（1920-2020）,0,1
练八卦拳,modern Chinese（1920-2020）,1,0
练兵,modern Chinese（1920-2020）,0,2
练功,modern Chinese（1920-2020）,2,0
练功夫,modern Chinese（1920-2020）,1,0
练对刺,modern Chinese（1920-2020）,1,0
练得兴起,modern Chinese（1920-2020）,0,1
练投弹,modern Chinese（1920-2020）,1,0
练球,modern Chinese（1920-2020）,0,2
练瑜伽,modern Chinese（1920-2020）,1,0
练节目,modern Chinese（1920-2020）,2,0
练赛跑,modern Chinese（1920-2020）,1,0
组织一个军方和科技界的联席会议,modern Chinese（1920-2020）,0,1
组织力量,modern Chinese（1920-2020）,0,1
组织和不结盟运动,modern Chinese（1920-2020）,0,1
组织定县二区保卫团区分队的武装哗变,modern Chinese（1920-2020）,0,1
组织实施,modern Chinese（1920-2020）,0,1
组织实施年度调水工作,modern Chinese（1920-2020）,0,1
组织年文物保护方案的报批等工作,modern Chinese（1920-2020）,0,1
组织放生,modern Chinese（1920-2020）,1,0
组织有关方面认真总结前几年改革的经验教训,modern Chinese（1920-2020）,0,1
组织火力,modern Chinese（1920-2020）,0,1
组织着唤口号,modern Chinese（1920-2020）,1,0
组织编辑出版《李大钊文集》,modern Chinese（1920-2020）,0,1
组织群众,modern Chinese（1920-2020）,1,0
组织群众往山里撤,modern Chinese（1920-2020）,0,1
组织起来,modern Chinese（1920-2020）,0,1
组织部队有秩序地迅速撤离工地,modern Chinese（1920-2020）,0,1
组装电台,modern Chinese（1920-2020）,1,0
细切细拌,modern Chinese（1920-2020）,0,1
细化完善,modern Chinese（1920-2020）,1,0
细想什么叫公馆,modern Chinese（1920-2020）,0,1
织造新花样的被单,modern Chinese（1920-2020）,0,1
织鱼网,modern Chinese（1920-2020）,1,0
经历,modern Chinese（1920-2020）,0,4
经历“艰难时世”,modern Chinese（1920-2020）,0,1
经历一个思想解放的过程,modern Chinese（1920-2020）,0,1
经历一次新的造山运动,modern Chinese（1920-2020）,1,0
经历以变暖为主要特征的变化,modern Chinese（1920-2020）,0,1
经历分化,modern Chinese（1920-2020）,1,0
经历前所未有的历史巨变,modern Chinese（1920-2020）,0,1
经历前所未有的挑战,modern Chinese（1920-2020）,0,1
经历前述这样的“不足”,modern Chinese（1920-2020）,0,1
经历发展的黄金时期,modern Chinese（1920-2020）,0,1
经历城镇化和都市化洗礼,modern Chinese（1920-2020）,1,0
经历新一轮大发展大变革大调整,modern Chinese（1920-2020）,0,3
经历由于政府不加干预、任由市场作用造成的供给不足,modern Chinese（1920-2020）,0,1
经历着一个伟大的民族觉醒的历史时期,modern Chinese（1920-2020）,0,1
经历着一场伟大的科学技术革命,modern Chinese（1920-2020）,0,1
经历着历史性的、不可逆转的大变动,modern Chinese（1920-2020）,0,1
经历着困难的时期,modern Chinese（1920-2020）,0,1
经受着严峻的考验,modern Chinese（1920-2020）,0,1
经受考验,modern Chinese（1920-2020）,0,1
经商,modern Chinese（1920-2020）,2,0
经营最古职业,modern Chinese（1920-2020）,1,0
经营苗圃业生意,modern Chinese（1920-2020）,1,0
结合起来,modern Chinese（1920-2020）,0,2
结束,modern Chinese（1920-2020）,0,1
结束他们的工作,modern Chinese（1920-2020）,0,1
结着网子,modern Chinese（1920-2020）,0,1
结账,modern Chinese（1920-2020）,0,1
绕圈子,modern Chinese（1920-2020）,1,0
绘作黑白强烈对比的插图,modern Chinese（1920-2020）,0,1
绘画,modern Chinese（1920-2020）,0,1
给予积极的合作,modern Chinese（1920-2020）,0,1
给他开着音乐会,modern Chinese（1920-2020）,1,0
给他热力,modern Chinese（1920-2020）,1,0
给他送药去,modern Chinese（1920-2020）,0,1
给你站岗,modern Chinese（1920-2020）,1,0
给公司使用,modern Chinese（1920-2020）,1,0
给出自己的答案,modern Chinese（1920-2020）,0,1
给我换尿布,modern Chinese（1920-2020）,1,0
给我暗示,modern Chinese（1920-2020）,1,0
给我织毛衣,modern Chinese（1920-2020）,1,0
给我鼓掌,modern Chinese（1920-2020）,1,0
给自己寻找最好的发型,modern Chinese（1920-2020）,1,0
给这两句话找出处,modern Chinese（1920-2020）,1,0
给首都抹黑,modern Chinese（1920-2020）,1,0
绚鞋子,modern Chinese（1920-2020）,1,0
绝食请愿,modern Chinese（1920-2020）,1,0
绞它,modern Chinese（1920-2020）,1,0
绞弄她的手帕,modern Chinese（1920-2020）,1,0
绞痛,modern Chinese（1920-2020）,1,0
绞脸帕,modern Chinese（1920-2020）,1,0
统制着大地,modern Chinese（1920-2020）,1,0
统治,modern Chinese（1920-2020）,1,0
绣‘闯’字大旗,modern Chinese（1920-2020）,1,0
绣花,modern Chinese（1920-2020）,2,0
继承着先人的行侠事业,modern Chinese（1920-2020）,1,0
继续,modern Chinese（1920-2020）,47,2
继续丁宁什么话,modern Chinese（1920-2020）,1,0
继续他的忿怒,modern Chinese（1920-2020）,1,0
继续作她痴想的工作,modern Chinese（1920-2020）,1,0
继续作案,modern Chinese（1920-2020）,1,0
继续倒,modern Chinese（1920-2020）,1,0
继续做着使人民的敌人害怕的工作,modern Chinese（1920-2020）,0,1
继续准备战争,modern Chinese（1920-2020）,1,0
继续减少,modern Chinese（1920-2020）,1,0
继续出产,modern Chinese（1920-2020）,1,0
继续创造历史,modern Chinese（1920-2020）,0,1
继续到处拼命抓材料,modern Chinese（1920-2020）,1,0
继续制造紧张局势,modern Chinese（1920-2020）,1,0
继续前进,modern Chinese（1920-2020）,0,1
继续剥削群众,modern Chinese（1920-2020）,1,0
继续劝说,modern Chinese（1920-2020）,0,1
继续加剧,modern Chinese（1920-2020）,0,1
继续加大,modern Chinese（1920-2020）,1,0
继续加强抗旱防旱,modern Chinese（1920-2020）,1,0
继续加快,modern Chinese（1920-2020）,1,0
继续加快成长,modern Chinese（1920-2020）,1,0
继续加紧积肥,modern Chinese（1920-2020）,0,1
继续加速,modern Chinese（1920-2020）,1,0
继续努力,modern Chinese（1920-2020）,1,0
继续发展,modern Chinese（1920-2020）,3,2
继续受到国内外很多不稳定因素的严格制约,modern Chinese（1920-2020）,1,0
继续受歧视、受打击,modern Chinese（1920-2020）,1,0
继续后退,modern Chinese（1920-2020）,1,0
继续向前扩延,modern Chinese（1920-2020）,1,0
继续向市区进发,modern Chinese（1920-2020）,1,0
继续哭诉,modern Chinese（1920-2020）,1,0
继续增涨,modern Chinese（1920-2020）,1,0
继续增长,modern Chinese（1920-2020）,0,1
继续大力发展和部署新的战略核力量,modern Chinese（1920-2020）,1,0
继续奉行侵略政策,modern Chinese（1920-2020）,1,0
继续对火星进行研究,modern Chinese（1920-2020）,1,0
继续对聚集在市郊的非法武装分子实施空中打击,modern Chinese（1920-2020）,1,0
继续寻找另一名,modern Chinese（1920-2020）,0,1
继续展开,modern Chinese（1920-2020）,1,0
继续布署机动中程弹道导弹,modern Chinese（1920-2020）,1,0
继续广泛展开,modern Chinese（1920-2020）,0,1
继续开到前线上去,modern Chinese（1920-2020）,1,0
继续往下说,modern Chinese（1920-2020）,1,0
继续思考,modern Chinese（1920-2020）,1,0
继续想下半阕,modern Chinese（1920-2020）,0,1
继续战斗,modern Chinese（1920-2020）,1,0
继续扩大,modern Chinese（1920-2020）,1,1
继续扩大垦荒面积,modern Chinese（1920-2020）,1,0
继续提高,modern Chinese（1920-2020）,1,0
继续插秧,modern Chinese（1920-2020）,1,0
继续搬东西,modern Chinese（1920-2020）,1,0
继续摸索改进,modern Chinese（1920-2020）,1,0
继续改善,modern Chinese（1920-2020）,2,0
继续斗争,modern Chinese（1920-2020）,1,0
继续春播,modern Chinese（1920-2020）,1,0
继续玩着台球,modern Chinese（1920-2020）,1,0
继续生产,modern Chinese（1920-2020）,1,0
继续着,modern Chinese（1920-2020）,3,1
继续策动建立西德国家的活动,modern Chinese（1920-2020）,1,0
继续组织反对阿尔巴尼亚的运动,modern Chinese（1920-2020）,1,0
继续继续着,modern Chinese（1920-2020）,1,0
继续翻译,modern Chinese（1920-2020）,0,1
继续胜利前进,modern Chinese（1920-2020）,1,0
继续膨胀,modern Chinese（1920-2020）,1,0
继续自己的错误政策,modern Chinese（1920-2020）,1,0
继续茁壮成长,modern Chinese（1920-2020）,1,0
继续设立全面机械化自动化示范实验企业,modern Chinese（1920-2020）,1,0
继续调查,modern Chinese（1920-2020）,1,0
继续贬值,modern Chinese（1920-2020）,1,0
继续进行,modern Chinese（1920-2020）,3,2
继续进行查减,modern Chinese（1920-2020）,1,0
继续进行用于和平动力的原子装置的设计工作,modern Chinese（1920-2020）,1,0
继续进行繁殖,modern Chinese（1920-2020）,1,0
继续追杀,modern Chinese（1920-2020）,0,1
继续追查此事,modern Chinese（1920-2020）,0,1
继续采取着从直接的、公开的、无耻的劫掠一直到各种军事的、政治的、经济的、文化的压迫手段,modern Chinese（1920-2020）,1,0
继续采摘,modern Chinese（1920-2020）,1,0
继续顽强战斗,modern Chinese（1920-2020）,1,0
继续高涨,modern Chinese（1920-2020）,1,0
维护他,modern Chinese（1920-2020）,1,0
维护其独立发展任何军备的权利,modern Chinese（1920-2020）,1,0
维护着党的领导,modern Chinese（1920-2020）,1,0
维持,modern Chinese（1920-2020）,1,0
维持大局,modern Chinese（1920-2020）,1,0
维持着安定的局面之下结束西方最庞大的帝国,modern Chinese（1920-2020）,1,0
维持着秩序,modern Chinese（1920-2020）,1,0
维持秩序,modern Chinese（1920-2020）,1,0
绽蕊,modern Chinese（1920-2020）,0,1
编写,modern Chinese（1920-2020）,0,1
编制乡村振兴战略规划,modern Chinese（1920-2020）,0,1
编印医学周刋集第三卷,modern Chinese（1920-2020）,0,1
编席子,modern Chinese（1920-2020）,1,0
编成一根很粗的大辫子,modern Chinese（1920-2020）,0,1
编撰,modern Chinese（1920-2020）,0,1
编歌骂我,modern Chinese（1920-2020）,1,0
编着完全不同的故事,modern Chinese（1920-2020）,1,0
编纂,modern Chinese（1920-2020）,0,2
编组,modern Chinese（1920-2020）,0,1
编组和派遣一支强大的联合部队到巴拿马运河区去,modern Chinese（1920-2020）,0,1
编织东西,modern Chinese（1920-2020）,1,0
编谎,modern Chinese（1920-2020）,1,0
编辑,modern Chinese（1920-2020）,0,1
编辑《王国维书信集》,modern Chinese（1920-2020）,0,1
编辑一部波中辞典,modern Chinese（1920-2020）,0,1
编辑出版一批重要科技图书,modern Chinese（1920-2020）,0,1
编选,modern Chinese（1920-2020）,0,1
编造,modern Chinese（1920-2020）,0,1
编造着这样一种肮脏的诽谤,modern Chinese（1920-2020）,1,0
编造试算方案,modern Chinese（1920-2020）,0,1
编队,modern Chinese（1920-2020）,0,1
编麻鞋,modern Chinese（1920-2020）,1,0
缝,modern Chinese（1920-2020）,1,0
缝一只包裹,modern Chinese（1920-2020）,1,0
缝什么,modern Chinese（1920-2020）,1,0
缝他衣肩上那个破洞,modern Chinese（1920-2020）,1,0
缝制西装,modern Chinese（1920-2020）,1,0
缝小衣、小帽,modern Chinese（1920-2020）,0,1
缝旗子,modern Chinese（1920-2020）,1,0
缝皮袄,modern Chinese（1920-2020）,1,0
缝着袜底,modern Chinese（1920-2020）,1,0
缝衣,modern Chinese（1920-2020）,1,0
缝补衬衣,modern Chinese（1920-2020）,0,1
缝鞋,modern Chinese（1920-2020）,0,1
缠着一个线团,modern Chinese（1920-2020）,1,0
"缠绵他那
甜密的梦",modern Chinese（1920-2020）,1,0
缤彩着,modern Chinese（1920-2020）,1,0
缩小,modern Chinese（1920-2020）,14,7
缩小同发达国家的差别,modern Chinese（1920-2020）,1,0
缩小它的危害,modern Chinese（1920-2020）,0,1
缩短,modern Chinese（1920-2020）,2,0
缩肩膀,modern Chinese（1920-2020）,1,0
缭绕,modern Chinese（1920-2020）,1,0
罢工,modern Chinese（1920-2020）,1,1
罢课,modern Chinese（1920-2020）,1,0
羁绊着我们一些同志的思维方式,modern Chinese（1920-2020）,1,0
美化,modern Chinese（1920-2020）,0,1
美化侵略罪行,modern Chinese（1920-2020）,1,0
羡慕他们底幸福,modern Chinese（1920-2020）,1,0
羡慕出家,modern Chinese（1920-2020）,1,0
羡慕我底好运,modern Chinese（1920-2020）,1,0
羡慕着,modern Chinese（1920-2020）,1,0
群发微博赞叹李东垣同学,modern Chinese（1920-2020）,1,0
翕动,modern Chinese（1920-2020）,2,0
翕动着,modern Chinese（1920-2020）,1,0
翘盼着别人有更高尚的见解发表出来,modern Chinese（1920-2020）,1,0
翩翩起舞,modern Chinese（1920-2020）,0,1
翻书,modern Chinese（1920-2020）,2,0
翻什么东西,modern Chinese（1920-2020）,1,0
翻修,modern Chinese（1920-2020）,0,1
翻修马路,modern Chinese（1920-2020）,0,1
翻动,modern Chinese（1920-2020）,1,0
翻动着,modern Chinese（1920-2020）,1,0
翻卷着地上的白雪,modern Chinese（1920-2020）,1,0
翻小贝的存折,modern Chinese（1920-2020）,1,0
翻床头柜的抽屉,modern Chinese（1920-2020）,1,0
翻手头的几个存折,modern Chinese（1920-2020）,1,0
翻旧社会的老黄历,modern Chinese（1920-2020）,1,0
翻滚,modern Chinese（1920-2020）,4,0
翻电话号码本,modern Chinese（1920-2020）,1,0
翻番,modern Chinese（1920-2020）,1,0
翻看一本书,modern Chinese（1920-2020）,1,0
翻看一本发黄的影集,modern Chinese（1920-2020）,1,0
翻看她写作用的本子,modern Chinese（1920-2020）,0,1
翻看那本发型杂志,modern Chinese（1920-2020）,2,0
翻着冈村留给他的一部分残破的材料,modern Chinese（1920-2020）,1,0
翻着报纸,modern Chinese（1920-2020）,0,1
翻着讲义,modern Chinese（1920-2020）,1,0
翻腾,modern Chinese（1920-2020）,4,0
翻腾着各种火车,modern Chinese（1920-2020）,1,0
翻译着思想,modern Chinese（1920-2020）,1,0
翻译罗思的《鬼作家》,modern Chinese（1920-2020）,0,1
翻身,modern Chinese（1920-2020）,1,1
翻转,modern Chinese（1920-2020）,1,0
翻阅,modern Chinese（1920-2020）,0,1
翻阅我的一本相册,modern Chinese（1920-2020）,1,0
翻阅桌上的报纸,modern Chinese（1920-2020）,0,1
翻阅账目,modern Chinese（1920-2020）,0,1
翻阅那账单,modern Chinese（1920-2020）,0,1
翻阅陆文婷的病历,modern Chinese（1920-2020）,0,1
耀武,modern Chinese（1920-2020）,1,0
耀武扬威,modern Chinese（1920-2020）,1,0
老化和减少,modern Chinese（1920-2020）,1,0
老去,modern Chinese（1920-2020）,0,1
考察,modern Chinese（1920-2020）,1,0
考察我,modern Chinese（1920-2020）,1,0
考察项目,modern Chinese（1920-2020）,0,1
考虑,modern Chinese（1920-2020）,13,2
考虑“以退为进”,modern Chinese（1920-2020）,1,0
考虑一个严重的问题,modern Chinese（1920-2020）,1,0
考虑一个简单而又复杂的问题,modern Chinese（1920-2020）,1,0
考虑下面的话讲还是不讲,modern Chinese（1920-2020）,1,0
考虑为实现会议的决议而采取的进一步的步骤,modern Chinese（1920-2020）,0,1
考虑什么,modern Chinese（1920-2020）,2,0
考虑什么别的问题,modern Chinese（1920-2020）,1,0
考虑什么问题,modern Chinese（1920-2020）,1,0
考虑他这场即将开始的斗争,modern Chinese（1920-2020）,1,0
考虑代理副指导员的批评,modern Chinese（1920-2020）,1,0
考虑准备恢复生产的问题,modern Chinese（1920-2020）,1,0
考虑出牌的梁波,modern Chinese（1920-2020）,0,1
考虑参加阿拉伯联盟,modern Chinese（1920-2020）,0,1
考虑向联合国控诉美国侵犯领水,modern Chinese（1920-2020）,1,0
考虑四宝问题,modern Chinese（1920-2020）,0,1
考虑回营房的事,modern Chinese（1920-2020）,1,0
考虑在发展和平利用原子能方面进行密切的合作,modern Chinese（1920-2020）,0,1
考虑如何写本,modern Chinese（1920-2020）,1,0
考虑如何把那个书桌也安放的不落“俗套”,modern Chinese（1920-2020）,0,1
考虑对伊朗的赔偿问题,modern Chinese（1920-2020）,0,1
考虑应该先吩咐哪一些事情,modern Chinese（1920-2020）,2,0
考虑引进自行车自助租赁服务,modern Chinese（1920-2020）,1,0
考虑怎么回答,modern Chinese（1920-2020）,1,0
考虑怎么才能让春芝站稳立场,modern Chinese（1920-2020）,1,0
考虑怎样处理这个伪保长,modern Chinese（1920-2020）,0,1
考虑恢复巴以和谈新思路,modern Chinese（1920-2020）,0,1
考虑战时学童疏,modern Chinese（1920-2020）,0,1
考虑打开粮食业的投资渠道,modern Chinese（1920-2020）,0,1
考虑承认叛乱分子地位,modern Chinese（1920-2020）,0,1
考虑把石油美元用于发展石油化工工业或投资到较小的公司中,modern Chinese（1920-2020）,0,1
考虑撤掉google.cn,modern Chinese（1920-2020）,1,0
考虑改变耕作品种,modern Chinese（1920-2020）,0,1
考虑日后退逃台湾的事,modern Chinese（1920-2020）,1,0
考虑是否截肢以保住患者的生命,modern Chinese（1920-2020）,1,0
考虑是否扩军,modern Chinese（1920-2020）,0,1
考虑是否要为美国运动员配备活性炭空气过滤面罩,modern Chinese（1920-2020）,0,1
考虑未来的形势,modern Chinese（1920-2020）,0,1
考虑未来的风险在哪里,modern Chinese（1920-2020）,1,0
考虑欧阳海和七班的问题,modern Chinese（1920-2020）,1,0
考虑着明后天的工作安排,modern Chinese（1920-2020）,1,0
考虑着是否这时同摇旗谈一谈今后的一些问题,modern Chinese（1920-2020）,0,1
考虑着群众的情况,modern Chinese（1920-2020）,0,1
考虑着自己的建议,modern Chinese（1920-2020）,1,0
考虑着这严肃的政治任务,modern Chinese（1920-2020）,0,1
考虑着问题,modern Chinese（1920-2020）,2,0
考虑第三次见面的地点,modern Chinese（1920-2020）,1,0
考虑经营一些国际服装品牌,modern Chinese（1920-2020）,0,1
考虑自己的经济利益,modern Chinese（1920-2020）,1,0
"考虑荷印总督穆
克所拟的建议",modern Chinese（1920-2020）,0,1
考虑要不要反悔,modern Chinese（1920-2020）,1,0
考虑要不要把救火的事谈出来,modern Chinese（1920-2020）,1,0
考虑访问莫斯科,modern Chinese（1920-2020）,1,0
考虑这两个问题,modern Chinese（1920-2020）,0,1
考虑这个建议,modern Chinese（1920-2020）,0,1
考虑这个问题,modern Chinese（1920-2020）,1,0
考虑这些,modern Chinese（1920-2020）,2,0
考虑这句问话包含着什么意思,modern Chinese（1920-2020）,1,0
考虑这台巨型挖土机的使用方案,modern Chinese（1920-2020）,0,1
考虑通过中立机构来进行这项工作,modern Chinese（1920-2020）,0,1
考虑那样做,modern Chinese（1920-2020）,1,0
考虑问题,modern Chinese（1920-2020）,0,1
考虑黎殿选这第二个条,modern Chinese（1920-2020）,0,1
考路试,modern Chinese（1920-2020）,1,0
考问侦察我,modern Chinese（1920-2020）,1,0
考问这事的真假,modern Chinese（1920-2020）,1,0
考验,modern Chinese（1920-2020）,2,0
考验他,modern Chinese（1920-2020）,1,0
考验你是不是真心帮助同志,modern Chinese（1920-2020）,1,0
考验我的忍耐,modern Chinese（1920-2020）,1,0
考验着他们,modern Chinese（1920-2020）,1,0
考验着你们,modern Chinese（1920-2020）,1,0
耍什么花招诡计,modern Chinese（1920-2020）,1,0
耍他,modern Chinese（1920-2020）,1,0
耍把戏,modern Chinese（1920-2020）,2,0
耍活宝,modern Chinese（1920-2020）,1,0
耕作,modern Chinese（1920-2020）,1,0
耕种它,modern Chinese（1920-2020）,1,0
耩地,modern Chinese（1920-2020）,0,1
耸动,modern Chinese（1920-2020）,2,0
耸笑,modern Chinese（1920-2020）,1,0
耽心什么,modern Chinese（1920-2020）,1,0
耽忧,modern Chinese（1920-2020）,1,0
耽睡,modern Chinese（1920-2020）,0,1
耿耿于怀,modern Chinese（1920-2020）,1,0
聆听他们的发言,modern Chinese（1920-2020）,1,0
聆听嫦娥一号月球探测卫星播放的曲目,modern Chinese（1920-2020）,1,0
聊天,modern Chinese（1920-2020）,4,3
聊天、活动身体,modern Chinese（1920-2020）,1,0
聊天或者下围棋,modern Chinese（1920-2020）,1,0
聒噪,modern Chinese（1920-2020）,1,0
联合,modern Chinese（1920-2020）,1,0
联合攻关,modern Chinese（1920-2020）,0,1
联合有关部门制定相关机制专门为醉酒球迷提供紧急医疗服务,modern Chinese（1920-2020）,0,1
联合行动,modern Chinese（1920-2020）,1,0
联合起来,modern Chinese（1920-2020）,0,1
联欢,modern Chinese（1920-2020）,1,0
联系,modern Chinese（1920-2020）,2,0
联络旁的工会,modern Chinese（1920-2020）,0,1
聚会,modern Chinese（1920-2020）,1,0
聚散,modern Chinese（1920-2020）,1,0
聚集,modern Chinese（1920-2020）,1,0
聚集自己的原始积累,modern Chinese（1920-2020）,1,0
肃清“四人帮”的流毒和影响,modern Chinese（1920-2020）,0,1
肃立着,modern Chinese（1920-2020）,2,0
肉搏着,modern Chinese（1920-2020）,1,0
肩负着消灭蒋介石反动集团的战争重担,modern Chinese（1920-2020）,0,1
肯定我们对一个利害攸关的国家所承担的义务,modern Chinese（1920-2020）,1,0
背信,modern Chinese（1920-2020）,1,0
背化学元素,modern Chinese（1920-2020）,1,0
背屈原写的《离骚》中的句子,modern Chinese（1920-2020）,1,0
背批判稿,modern Chinese（1920-2020）,1,0
背词,modern Chinese（1920-2020）,1,0
胖得发愁,modern Chinese（1920-2020）,1,0
胜利,modern Chinese（1920-2020）,0,2
胜利前进,modern Chinese（1920-2020）,3,0
胜利前进、交流研究成果、增进友谊和了解,modern Chinese（1920-2020）,1,0
胡作非为,modern Chinese（1920-2020）,1,0
胡思乱想,modern Chinese（1920-2020）,1,0
胡思乱想什么,modern Chinese（1920-2020）,1,0
胡搅蛮缠,modern Chinese（1920-2020）,1,0
胡说,modern Chinese（1920-2020）,3,0
胡说什么,modern Chinese（1920-2020）,1,0
脱胎换骨,modern Chinese（1920-2020）,1,0
脱衣服,modern Chinese（1920-2020）,0,1
脱鞋,modern Chinese（1920-2020）,0,1
腐烂,modern Chinese（1920-2020）,4,3
腐蚀中国,modern Chinese（1920-2020）,0,1
腾云驾雾,modern Chinese（1920-2020）,2,0
腾屋子,modern Chinese（1920-2020）,0,1
腾起,modern Chinese（1920-2020）,1,0
腾飞,modern Chinese（1920-2020）,0,1
膨胀,modern Chinese（1920-2020）,3,0
臆测,modern Chinese（1920-2020）,1,0
自力更生、克服困难，为实现国家的繁荣富强而奋斗,modern Chinese（1920-2020）,0,1
自学高中的数学、物理,modern Chinese（1920-2020）,1,0
自己悼念自己,modern Chinese（1920-2020）,1,0
自我介绍,modern Chinese（1920-2020）,1,0
自我诉说,modern Chinese（1920-2020）,1,0
自掘坟墓,modern Chinese（1920-2020）,1,0
自杀,modern Chinese（1920-2020）,4,0
自欺欺人,modern Chinese（1920-2020）,1,0
自生自灭,modern Chinese（1920-2020）,0,1
自言自语,modern Chinese（1920-2020）,7,1
自讨苦吃,modern Chinese（1920-2020）,1,0
自语,modern Chinese（1920-2020）,2,0
自责,modern Chinese（1920-2020）,1,0
自述些什么,modern Chinese（1920-2020）,1,0
自食其果,modern Chinese（1920-2020）,0,1
自鸣得意,modern Chinese（1920-2020）,1,0
致力于和平和发展事业,modern Chinese（1920-2020）,1,0
致力于回忆录的写作,modern Chinese（1920-2020）,1,0
致力于国内重建工作,modern Chinese（1920-2020）,0,1
致力于在中东建立一个新的石油王国,modern Chinese（1920-2020）,1,0
致力于得到中国的谅解,modern Chinese（1920-2020）,0,2
致力于打造两国关系,modern Chinese（1920-2020）,0,1
致力于改建机场、扩建码头、新建饭店、修筑道路等事业,modern Chinese（1920-2020）,1,0
致力于经济改革,modern Chinese（1920-2020）,1,0
致力于统制台湾经济的活动,modern Chinese（1920-2020）,1,0
致力奋起,modern Chinese（1920-2020）,1,0
致哀,modern Chinese（1920-2020）,1,0
致敬,modern Chinese（1920-2020）,1,0
致敬礼,modern Chinese（1920-2020）,1,0
舀着汤,modern Chinese（1920-2020）,0,1
舒展筋骨,modern Chinese（1920-2020）,0,1
舔他煮好的糨糊,modern Chinese（1920-2020）,0,1
舔着地下的浮雪,modern Chinese（1920-2020）,1,0
舔着我的衣襟,modern Chinese（1920-2020）,1,0
舞剑,modern Chinese（1920-2020）,0,1
舞蹈,modern Chinese（1920-2020）,1,0
节节败退,modern Chinese（1920-2020）,0,1
花,modern Chinese（1920-2020）,1,0
花天酒地,modern Chinese（1920-2020）,1,0
花费数以百万计的美元在太平洋中的这个岛屿上建立新的小型飞机场,modern Chinese（1920-2020）,0,1
花钱,modern Chinese（1920-2020）,1,0
苏醒,modern Chinese（1920-2020）,0,2
苦干,modern Chinese（1920-2020）,1,0
苦思,modern Chinese（1920-2020）,0,1
苦思着什么,modern Chinese（1920-2020）,0,1
苦恼她,modern Chinese（1920-2020）,1,0
苦战,modern Chinese（1920-2020）,3,0
苦撑,modern Chinese（1920-2020）,1,0
苦撑着,modern Chinese（1920-2020）,1,0
苦斗突围,modern Chinese（1920-2020）,0,1
苦痛着我,modern Chinese（1920-2020）,1,0
苦笑,modern Chinese（1920-2020）,1,0
苦练,modern Chinese（1920-2020）,1,0
苦闷,modern Chinese（1920-2020）,1,0
英勇斗争,modern Chinese（1920-2020）,0,1
茫然,modern Chinese（1920-2020）,0,1
草拟一个条款,modern Chinese（1920-2020）,0,1
草拟决议,modern Chinese（1920-2020）,1,0
草拟详细规定,modern Chinese（1920-2020）,0,1
草拟队员们的军事政治学习计划,modern Chinese（1920-2020）,1,0
草订,modern Chinese（1920-2020）,1,0
荒原化和野生化,modern Chinese（1920-2020）,1,0
荒唐游戏,modern Chinese（1920-2020）,1,0
荡涤反动腐朽势力,modern Chinese（1920-2020）,0,1
荡涤旧世界的污泥浊水,modern Chinese（1920-2020）,0,1
荡漾,modern Chinese（1920-2020）,5,0
荡漾着喜乐洋洋的纤细的波纹,modern Chinese（1920-2020）,0,1
荡秋千,modern Chinese（1920-2020）,1,0
莫名其妙,modern Chinese（1920-2020）,0,1
获得,modern Chinese（1920-2020）,0,1
获得多数支持,modern Chinese（1920-2020）,0,1
获得解决,modern Chinese（1920-2020）,0,1
获得进展,modern Chinese（1920-2020）,0,1
获得适当解决,modern Chinese（1920-2020）,0,1
萌芽,modern Chinese（1920-2020）,1,2
萎缩,modern Chinese（1920-2020）,4,1
营业,modern Chinese（1920-2020）,1,1
营救他,modern Chinese（1920-2020）,1,0
营救他们,modern Chinese（1920-2020）,0,1
营救被捕的学生,modern Chinese（1920-2020）,0,1
营造,modern Chinese（1920-2020）,0,1
落,modern Chinese（1920-2020）,4,0
落下,modern Chinese（1920-2020）,0,3
落实,modern Chinese（1920-2020）,2,2
落实包建合同,modern Chinese（1920-2020）,0,1
落实在北京峰会上做出的承诺,modern Chinese（1920-2020）,0,1
落实正确的政策,modern Chinese（1920-2020）,1,0
落幕,modern Chinese（1920-2020）,0,1
落泪,modern Chinese（1920-2020）,2,1
落着,modern Chinese（1920-2020）,2,0
落着水滴,modern Chinese（1920-2020）,1,0
落雨,modern Chinese（1920-2020）,2,0
蒙受苦难的悲剧,modern Chinese（1920-2020）,0,1
蒙头大睡,modern Chinese（1920-2020）,2,0
蒸发出来,modern Chinese（1920-2020）,0,1
蒸干粮,modern Chinese（1920-2020）,0,1
蒸桑拿,modern Chinese（1920-2020）,1,0
蒸气,modern Chinese（1920-2020）,1,0
蒸煮各种主食,modern Chinese（1920-2020）,0,1
蒸蛋,modern Chinese（1920-2020）,0,1
蒸馍,modern Chinese（1920-2020）,0,1
蓬勃发展,modern Chinese（1920-2020）,0,1
蓬散着,modern Chinese（1920-2020）,1,0
蔑视他,modern Chinese（1920-2020）,1,0
蔓延,modern Chinese（1920-2020）,8,4
蔓延开来,modern Chinese（1920-2020）,1,0
蚕食它,modern Chinese（1920-2020）,1,0
蜂拥呐喊而来,modern Chinese（1920-2020）,0,1
蜕变,modern Chinese（1920-2020）,0,1
融,modern Chinese（1920-2020）,1,0
融入人们的生产生活,modern Chinese（1920-2020）,0,1
融化,modern Chinese（1920-2020）,1,1
融化着,modern Chinese（1920-2020）,0,1
融合,modern Chinese（1920-2020）,0,1
融解,modern Chinese（1920-2020）,1,0
融资,modern Chinese（1920-2020）,1,0
融资搞自己的厂,modern Chinese（1920-2020）,1,0
螫人,modern Chinese（1920-2020）,0,1
蠕动,modern Chinese（1920-2020）,8,2
蠕蠕移动,modern Chinese（1920-2020）,1,0
蠢动,modern Chinese（1920-2020）,1,0
行使我村主任的职责,modern Chinese（1920-2020）,1,0
行使我的职权,modern Chinese（1920-2020）,1,0
行军,modern Chinese（1920-2020）,0,2
行动,modern Chinese（1920-2020）,25,4
行动着,modern Chinese（1920-2020）,1,0
行动起来,modern Chinese（1920-2020）,1,2
行礼,modern Chinese（1920-2020）,1,0
行订婚礼,modern Chinese（1920-2020）,1,0
行走,modern Chinese（1920-2020）,5,1
行进,modern Chinese（1920-2020）,3,5
行进着,modern Chinese（1920-2020）,1,0
行驶,modern Chinese（1920-2020）,1,0
行骗,modern Chinese（1920-2020）,1,0
补习法文,modern Chinese（1920-2020）,1,0
补位,modern Chinese（1920-2020）,1,0
补底,modern Chinese（1920-2020）,1,0
补救他们科学之偏,modern Chinese（1920-2020）,1,0
补苗,modern Chinese（1920-2020）,0,1
补足睡眠,modern Chinese（1920-2020）,1,0
表彰女性,modern Chinese（1920-2020）,1,0
表扬他们,modern Chinese（1920-2020）,1,0
表扬它,modern Chinese（1920-2020）,1,0
表明着自己已经不能被忽视,modern Chinese（1920-2020）,0,1
表演,modern Chinese（1920-2020）,2,0
表演歌舞剧,modern Chinese（1920-2020）,1,0
表演民族舞蹈“抬新娘”,modern Chinese（1920-2020）,1,0
表演第三套健身秧歌,modern Chinese（1920-2020）,0,1
表演跆拳道和各种民族游戏,modern Chinese（1920-2020）,1,0
表现出自己是一个缝鞋的老手，完全具有在城市的十字路口摆鞋匠摊的经验和水平,modern Chinese（1920-2020）,1,0
表着同情,modern Chinese（1920-2020）,1,0
表示,modern Chinese（1920-2020）,3,0
表示不屈和坚贞,modern Chinese（1920-2020）,1,0
表示两国终不能调和,modern Chinese（1920-2020）,1,0
表示他害怕把她失掉,modern Chinese（1920-2020）,1,0
表示他有什么伟大的抱负,modern Chinese（1920-2020）,1,0
表示他的惋惜之情,modern Chinese（1920-2020）,1,0
表示出,modern Chinese（1920-2020）,1,0
表示出她们自然的，欢喜的无量的绸缪,modern Chinese（1920-2020）,0,1
表示出舱时不需要穿太空服,modern Chinese（1920-2020）,1,0
表示反对,modern Chinese（1920-2020）,1,0
表示头盔,modern Chinese（1920-2020）,1,0
表示她不愿意跟他走,modern Chinese（1920-2020）,1,0
表示她愿意和新的势力靠拢,modern Chinese（1920-2020）,1,0
表示她的敏感,modern Chinese（1920-2020）,1,0
表示它底胜利,modern Chinese（1920-2020）,1,0
表示它的愁思,modern Chinese（1920-2020）,1,0
表示惊诧,modern Chinese（1920-2020）,1,0
表示焦烦,modern Chinese（1920-2020）,1,0
"表示着现在的时
代和从前不同",modern Chinese（1920-2020）,1,0
表示笑,modern Chinese（1920-2020）,1,0
表达,modern Chinese（1920-2020）,1,0
表达热忱的敬意,modern Chinese（1920-2020）,1,0
表达着对它的不满,modern Chinese（1920-2020）,1,0
表达着自己,modern Chinese（1920-2020）,1,0
表述法律,modern Chinese（1920-2020）,1,0
表述着一种同样的思想,modern Chinese（1920-2020）,1,0
衰老,modern Chinese（1920-2020）,1,0
衰落,modern Chinese（1920-2020）,3,2
衰落下去,modern Chinese（1920-2020）,1,1
衰退,modern Chinese（1920-2020）,0,1
衰退 ,modern Chinese（1920-2020）,1,0
被人平没,modern Chinese（1920-2020）,1,0
被侵蚀,modern Chinese（1920-2020）,0,1
被切断,modern Chinese（1920-2020）,1,0
被利用,modern Chinese（1920-2020）,1,0
被剥夺,modern Chinese（1920-2020）,0,1
被口内灌水,modern Chinese（1920-2020）,1,0
被吸收到扩大中的工业中去,modern Chinese（1920-2020）,0,1
被围攻,modern Chinese（1920-2020）,0,1
被建成美国用来试验核弹和其他核武器的永久性试验场,modern Chinese（1920-2020）,0,1
被我丢到身后,modern Chinese（1920-2020）,0,1
被扫进历史的垃圾堆,modern Chinese（1920-2020）,0,1
被挤走,modern Chinese（1920-2020）,0,1
被排挤,modern Chinese（1920-2020）,1,0
被揭穿,modern Chinese（1920-2020）,0,1
被撞倒、被撞晕,modern Chinese（1920-2020）,1,0
被操纵,modern Chinese（1920-2020）,0,1
被改造成逃亡飞船,modern Chinese（1920-2020）,0,1
被无形的手拖向二维深渊,modern Chinese（1920-2020）,0,1
被消耗完,modern Chinese（1920-2020）,0,1
被清扫着,modern Chinese（1920-2020）,0,1
被监视,modern Chinese（1920-2020）,0,1
被盘问,modern Chinese（1920-2020）,1,0
被私有化,modern Chinese（1920-2020）,0,1
被突破,modern Chinese（1920-2020）,1,0
被粉碎,modern Chinese（1920-2020）,0,1
被西化和边缘化,modern Chinese（1920-2020）,0,1
被释放出来,modern Chinese（1920-2020）,0,1
袭击军事目标,modern Chinese（1920-2020）,0,1
袭击新民党大楼,modern Chinese（1920-2020）,1,0
袭击着他,modern Chinese（1920-2020）,1,0
袭击着他的理智,modern Chinese（1920-2020）,1,0
袭击着她那幻想的心花,modern Chinese（1920-2020）,1,0
袭来,modern Chinese（1920-2020）,0,1
裁员,modern Chinese（1920-2020）,0,1
装修,modern Chinese（1920-2020）,1,0
装修广州房子,modern Chinese（1920-2020）,0,1
装傻,modern Chinese（1920-2020）,1,0
装卸进出口货物,modern Chinese（1920-2020）,1,0
装树木,modern Chinese（1920-2020）,0,1
装病,modern Chinese（1920-2020）,1,0
装着醉,modern Chinese（1920-2020）,1,0
装置自动信号器和其他的机器,modern Chinese（1920-2020）,0,1
装聋作哑,modern Chinese（1920-2020）,1,0
装聋装哑,modern Chinese（1920-2020）,1,0
装腔作势,modern Chinese（1920-2020）,1,0
装腔作势、大唱高调,modern Chinese（1920-2020）,1,0
装菜蔬上船,modern Chinese（1920-2020）,1,0
装蒜,modern Chinese（1920-2020）,1,0
装货,modern Chinese（1920-2020）,1,1
装贮收购来的燃料,modern Chinese（1920-2020）,0,1
装运上船,modern Chinese（1920-2020）,0,1
装运农民支援糖业生产的甘蔗,modern Chinese（1920-2020）,0,1
装运来沪 ,modern Chinese（1920-2020）,0,1
装运榴莲,modern Chinese（1920-2020）,1,0
褪去,modern Chinese（1920-2020）,0,1
褪色,modern Chinese（1920-2020）,2,0
要东西吃,modern Chinese（1920-2020）,1,0
要人,modern Chinese（1920-2020）,1,0
要保持现状,modern Chinese（1920-2020）,0,1
要想一句话转圜,modern Chinese（1920-2020）,0,1
要我向他靠拢,modern Chinese（1920-2020）,1,0
要把联合国变成它们干涉匈牙利内政进行冷战的工具,modern Chinese（1920-2020）,0,1
要求,modern Chinese（1920-2020）,1,0
要求“公平”,modern Chinese（1920-2020）,1,0
要求一件根本不可能做到的事,modern Chinese（1920-2020）,1,0
要求不可能得到的东西,modern Chinese（1920-2020）,0,1
要求割让突尼斯,modern Chinese（1920-2020）,1,0
要求发配粮,modern Chinese（1920-2020）,1,0
要求各国停止与伊朗经贸往来,modern Chinese（1920-2020）,1,0
要求它不可能得到的东西,modern Chinese（1920-2020）,0,1
要求民主、反对独裁,modern Chinese（1920-2020）,1,0
要求着,modern Chinese（1920-2020）,1,0
要求装饭下去,modern Chinese（1920-2020）,1,0
要饭催菜,modern Chinese（1920-2020）,1,0
见证一个历史性转折点,modern Chinese（1920-2020）,0,1
见证着、谱写着这无比伤痛却又绽放着人道主义光辉的一刻,modern Chinese（1920-2020）,1,0
观察与研究和五金相关的市场状况,modern Chinese（1920-2020）,1,0
观察五个人的踪影,modern Chinese（1920-2020）,0,1
观察他,modern Chinese（1920-2020）,1,0
观察他们,modern Chinese（1920-2020）,1,0
观察他们的拥抱,modern Chinese（1920-2020）,1,0
观察他的反应,modern Chinese（1920-2020）,1,0
观察你,modern Chinese（1920-2020）,1,0
观察周围的动,modern Chinese（1920-2020）,1,0
观察周围的动静,modern Chinese（1920-2020）,1,0
观察天气,modern Chinese（1920-2020）,1,0
观察工艺流程图,modern Chinese（1920-2020）,1,0
观察我,modern Chinese（1920-2020）,1,0
观察朱丹溪,modern Chinese（1920-2020）,1,0
观察着四周,modern Chinese（1920-2020）,0,1
观察着沈振新他们的神情变化,modern Chinese（1920-2020）,1,0
观察着许云峰和成岗感情变化,modern Chinese（1920-2020）,0,1
观察自己,modern Chinese（1920-2020）,1,0
观察自己培养的豆苗,modern Chinese（1920-2020）,1,0
观察记录舱内状况,modern Chinese（1920-2020）,1,0
观察许叔微,modern Chinese（1920-2020）,1,0
观察这位新闻业大亨,modern Chinese（1920-2020）,1,0
观察这场斗争,modern Chinese（1920-2020）,1,0
观察这间小小的楼房,modern Chinese（1920-2020）,0,1
观战,modern Chinese（1920-2020）,1,0
观望,modern Chinese（1920-2020）,3,2
观望风色,modern Chinese（1920-2020）,1,1
观测卫星,modern Chinese（1920-2020）,0,1
观看,modern Chinese（1920-2020）,3,0
观看、拍照,modern Chinese（1920-2020）,1,0
观看印有彩色图片的节目单,modern Chinese（1920-2020）,1,0
观看尼泊尔中国文化中心内的西藏图片展,modern Chinese（1920-2020）,0,1
观看展览,modern Chinese（1920-2020）,1,0
观看山景,modern Chinese（1920-2020）,0,1
观看由艺术爱好者自编自演的采茶戏,modern Chinese（1920-2020）,1,0
观看行政审批局服务大厅内封存的审批专用章,modern Chinese（1920-2020）,0,1
观看试验的直播,modern Chinese（1920-2020）,0,1
观看这个婴儿,modern Chinese（1920-2020）,1,0
观赏,modern Chinese（1920-2020）,1,0
观赏一件神秘的天外来物,modern Chinese（1920-2020）,1,0
观赏一只倦鸟飞上枯树的枝头,modern Chinese（1920-2020）,1,0
规划和安排国画工作,modern Chinese（1920-2020）,0,1
觅食,modern Chinese（1920-2020）,1,0
觉着他的这些诗，精神萎靡不振,modern Chinese（1920-2020）,1,0
觉醒,modern Chinese（1920-2020）,3,2
觊觎海斯十二岁的女儿洛丽妲,modern Chinese（1920-2020）,1,0
觑看,modern Chinese（1920-2020）,1,0
角逐,modern Chinese（1920-2020）,1,0
解他的漂亮西装,modern Chinese（1920-2020）,0,1
解决,modern Chinese（1920-2020）,1,3
解决共同的历史任务,modern Chinese（1920-2020）,1,0
解决和列入逐步解决规划,modern Chinese（1920-2020）,0,1
解决大班额问题,modern Chinese（1920-2020）,0,1
解决它所面临的任务,modern Chinese（1920-2020）,0,1
解决建设共产主义的伟大任务,modern Chinese（1920-2020）,0,1
解决核子技术和采用半导体问题,modern Chinese（1920-2020）,0,1
解决煤气、交通,modern Chinese（1920-2020）,0,1
解决着劳资纠纷、逐渐解决工资、工时、雇庸、解雇等方面的问题,modern Chinese（1920-2020）,0,1
解决着自己的任务,modern Chinese（1920-2020）,1,0
解决美国经济封锁所造成的问题,modern Chinese（1920-2020）,0,1
解决自己面临的各种困难和问题,modern Chinese（1920-2020）,0,2
解开,modern Chinese（1920-2020）,0,1
解放,modern Chinese（1920-2020）,1,0
解放出来,modern Chinese（1920-2020）,1,0
解放着回族人民,modern Chinese（1920-2020）,0,1
解着衬衣的扣子,modern Chinese（1920-2020）,0,1
解答灾区群众提出的法律问题,modern Chinese（1920-2020）,0,1
解释,modern Chinese（1920-2020）,3,1
解释着,modern Chinese（1920-2020）,1,0
解释翻译,modern Chinese（1920-2020）,1,0
触动我的腿,modern Chinese（1920-2020）,1,0
触摸月球仪,modern Chinese（1920-2020）,1,0
誊帐,modern Chinese（1920-2020）,1,0
警告,modern Chinese（1920-2020）,1,0
警告世人勿作非分之想,modern Chinese（1920-2020）,1,0
警告他,modern Chinese（1920-2020）,1,0
警告他们,modern Chinese（1920-2020）,1,0
警告我,modern Chinese（1920-2020）,1,0
警戒,modern Chinese（1920-2020）,1,0
警戒着战争贩子找寻新海军基地,modern Chinese（1920-2020）,0,1
计划,modern Chinese（1920-2020）,0,2
计划开展这里的群众工作,modern Chinese（1920-2020）,0,1
计划扩大业务范围,modern Chinese（1920-2020）,1,0
计划有重点地有步骤地建立少年儿童队,modern Chinese（1920-2020）,1,0
计划着,modern Chinese（1920-2020）,2,0
计划着他们未来的大生产,modern Chinese（1920-2020）,0,1
计划着未来的国家防护林,modern Chinese（1920-2020）,0,1
计划着深入临城站的工作线索,modern Chinese（1920-2020）,1,0
计划着逃的第二步,modern Chinese（1920-2020）,1,0
计划采伐,modern Chinese（1920-2020）,0,1
计算,modern Chinese（1920-2020）,0,1
计算什么,modern Chinese（1920-2020）,2,0
计算怎样”教训”那野马似的多多头,modern Chinese（1920-2020）,1,0
计算谁来看我,modern Chinese（1920-2020）,1,0
计议,modern Chinese（1920-2020）,1,1
计议着怎样消灭屋顶上敌人的机枪阵地,modern Chinese（1920-2020）,0,1
计议着行动问题,modern Chinese（1920-2020）,1,0
订计划、开书目,modern Chinese（1920-2020）,1,0
订购一亿美元的军火来武装吴庭艳军队和柬埔寨,modern Chinese（1920-2020）,0,1
订购产品,modern Chinese（1920-2020）,0,1
认识到 毛泽东的新民主主义及中国共产党和中国人民解放军扶助少数民族的政策 乃是西藏人民的救星,modern Chinese（1920-2020）,0,1
认识这个小镇,modern Chinese（1920-2020）,0,1
认那位苏文纨,modern Chinese（1920-2020）,1,0
讥笑,modern Chinese（1920-2020）,2,0
讥笑他,modern Chinese（1920-2020）,1,0
讥笑他的女儿,modern Chinese（1920-2020）,1,0
讥讽,modern Chinese（1920-2020）,1,0
讥讽、嘲笑着,modern Chinese（1920-2020）,1,0
讥讽我,modern Chinese（1920-2020）,1,0
讥诮何家,modern Chinese（1920-2020）,1,0
讨价还价,modern Chinese（1920-2020）,1,0
讨功,modern Chinese（1920-2020）,1,0
讨吃过日子,modern Chinese（1920-2020）,1,0
讨好他,modern Chinese（1920-2020）,1,0
讨米、饿饭、砍柴、挖煤,modern Chinese（1920-2020）,1,0
讨论,modern Chinese（1920-2020）,4,5
讨论中国古典戏剧的象征主义,modern Chinese（1920-2020）,1,0
讨论什么问题,modern Chinese（1920-2020）,1,0
讨论作品,modern Chinese（1920-2020）,1,0
讨论刘宝善的事,modern Chinese（1920-2020）,0,1
讨论到底是什么东西,modern Chinese（1920-2020）,1,0
讨论合作拍片的事,modern Chinese（1920-2020）,1,0
讨论和交谈,modern Chinese（1920-2020）,1,0
讨论和探索西方流派和现实主义创作方法之间的关系,modern Chinese（1920-2020）,1,0
讨论四月份生产计划,modern Chinese（1920-2020）,0,1
讨论塑胶花上市后可能产生的经济效益,modern Chinese（1920-2020）,1,0
讨论工作,modern Chinese（1920-2020）,1,0
讨论应付办法,modern Chinese（1920-2020）,0,1
讨论怎样增产,modern Chinese（1920-2020）,1,0
讨论明天吃啥儿,modern Chinese（1920-2020）,1,0
讨论是否建立一个“亲人搜索”的产品,modern Chinese（1920-2020）,1,0
讨论是否需要炸坝,modern Chinese（1920-2020）,1,0
讨论燕西的婚事,modern Chinese（1920-2020）,1,0
讨论着几个不成熟的方案,modern Chinese（1920-2020）,0,1
讨论这个事情,modern Chinese（1920-2020）,1,0
讨论这些事,modern Chinese（1920-2020）,0,1
讨论陈若狂身后,modern Chinese（1920-2020）,0,1
讨量公债方面的盈亏,modern Chinese（1920-2020）,1,0
让京城一帮大小名流火速翻找擦拭泪水的黄手帕,modern Chinese（1920-2020）,0,1
让位于丝织品,modern Chinese（1920-2020）,0,1
让位于现世的生活,modern Chinese（1920-2020）,0,1
让当地人失去工作,modern Chinese（1920-2020）,0,1
让步,modern Chinese（1920-2020）,1,0
让着常来买煤,modern Chinese（1920-2020）,1,0
让菜,modern Chinese（1920-2020）,1,0
讪笑,modern Chinese（1920-2020）,1,0
训练,modern Chinese（1920-2020）,2,0
训练吴庭艳集团掌握反游击战术、突击战术和使用战斗机,modern Chinese（1920-2020）,0,1
训练沙湾拿吉集团的军官,modern Chinese（1920-2020）,1,0
训练西德海陆空军的骨干,modern Chinese（1920-2020）,0,1
训练越南部队,modern Chinese（1920-2020）,0,1
训练跳远,modern Chinese（1920-2020）,1,0
议亲,modern Chinese（1920-2020）,0,1
议论,modern Chinese（1920-2020）,21,2
议论“许三多艺术形象”的审美价值,modern Chinese（1920-2020）,1,0
议论什么,modern Chinese（1920-2020）,3,0
议论今年好收成,modern Chinese（1920-2020）,0,1
议论他们,modern Chinese（1920-2020）,1,0
议论他们两个,modern Chinese（1920-2020）,1,0
议论他和巧珍的“不正经”,modern Chinese（1920-2020）,0,1
议论你们两个的没脸事,modern Chinese（1920-2020）,1,0
议论十五那天日本兵要来收白面和猪,modern Chinese（1920-2020）,1,0
议论厂里开除了三个人,modern Chinese（1920-2020）,1,0
议论同样的事,modern Chinese（1920-2020）,2,0
议论山楂树现象,modern Chinese（1920-2020）,1,0
议论工作重点转移问题,modern Chinese（1920-2020）,1,0
议论开田凭啥能上电视,modern Chinese（1920-2020）,1,0
议论我,modern Chinese（1920-2020）,1,0
议论树与钱的关系,modern Chinese（1920-2020）,1,0
议论着,modern Chinese（1920-2020）,11,2
议论着什么,modern Chinese（1920-2020）,1,0
议论着即将看到的演出,modern Chinese（1920-2020）,1,0
议论着四宝,modern Chinese（1920-2020）,0,1
议论着胜利,modern Chinese（1920-2020）,1,0
议论着这件事,modern Chinese（1920-2020）,1,0
议论纷纷,modern Chinese（1920-2020）,3,0
议论辩驳「无产阶级的文艺」的问题,modern Chinese（1920-2020）,0,1
议论这本书,modern Chinese（1920-2020）,1,0
议论这次湖心之游,modern Chinese（1920-2020）,1,0
记,modern Chinese（1920-2020）,1,0
记下一些发言的要点,modern Chinese（1920-2020）,1,0
记忆,modern Chinese（1920-2020）,1,0
记念,modern Chinese（1920-2020）,1,0
记恨着你,modern Chinese（1920-2020）,1,0
记挂着她,modern Chinese（1920-2020）,1,0
记着,modern Chinese（1920-2020）,1,0
记着这份情,modern Chinese（1920-2020）,1,0
讲,modern Chinese（1920-2020）,13,1
讲《三国演义》,modern Chinese（1920-2020）,1,0
讲一个阴阳之道,modern Chinese（1920-2020）,1,0
讲一些名品的产地,modern Chinese（1920-2020）,1,0
讲一点我也在想的问题,modern Chinese（1920-2020）,1,0
讲中国的事情,modern Chinese（1920-2020）,1,0
讲中国话,modern Chinese（1920-2020）,2,0
讲些什么,modern Chinese（1920-2020）,1,0
讲人间的关系,modern Chinese（1920-2020）,1,0
讲什么,modern Chinese（1920-2020）,3,0
讲什么科学知识,modern Chinese（1920-2020）,1,0
讲他怎样向法国人作战事宣传,modern Chinese（1920-2020）,1,0
讲价,modern Chinese（1920-2020）,1,0
讲价钱,modern Chinese（1920-2020）,1,0
讲你,modern Chinese（1920-2020）,0,1
讲你自己,modern Chinese（1920-2020）,1,0
讲你行为上如何达到和谐,modern Chinese（1920-2020）,1,0
讲假话,modern Chinese（1920-2020）,1,0
讲做人之道,modern Chinese（1920-2020）,1,0
讲做生意,modern Chinese（1920-2020）,1,0
讲关系学,modern Chinese（1920-2020）,2,0
讲创造财富和盈利,modern Chinese（1920-2020）,1,0
讲别人的事,modern Chinese（1920-2020）,1,0
讲反语,modern Chinese（1920-2020）,1,0
讲古,modern Chinese（1920-2020）,1,0
讲古代中医的故事,modern Chinese（1920-2020）,1,0
讲和谐之道,modern Chinese（1920-2020）,1,0
讲国耻纪念、二十一条约的意义,modern Chinese（1920-2020）,1,0
讲她是怎么打你的,modern Chinese（1920-2020）,1,0
讲如何处理人和人之间的关系,modern Chinese（1920-2020）,1,0
讲恋爱,modern Chinese（1920-2020）,0,1
讲我的坏话,modern Chinese（1920-2020）,2,0
讲授毒品的危害以及新型毒品防范知识,modern Chinese（1920-2020）,0,1
讲故事,modern Chinese（1920-2020）,2,0
讲数口,modern Chinese（1920-2020）,0,1
讲游击战术,modern Chinese（1920-2020）,0,1
讲演,modern Chinese（1920-2020）,1,0
讲爹的坏话,modern Chinese（1920-2020）,1,0
讲男女关系,modern Chinese（1920-2020）,1,0
讲着,modern Chinese（1920-2020）,3,0
讲着什么,modern Chinese（1920-2020）,0,1
讲着各方面给予自己的教育,modern Chinese（1920-2020）,1,0
讲究校勘训诂之学,modern Chinese（1920-2020）,1,0
讲笑话,modern Chinese（1920-2020）,1,0
讲粗话,modern Chinese（1920-2020）,1,0
讲自己,modern Chinese（1920-2020）,1,0
讲自己最要好的朋友,modern Chinese（1920-2020）,1,0
讲英语,modern Chinese（1920-2020）,1,0
讲解人生哲学里的乐观主义,modern Chinese（1920-2020）,1,0
讲解示范,modern Chinese（1920-2020）,1,0
讲解给耕牛诊断疫病的方法,modern Chinese（1920-2020）,1,0
讲话,modern Chinese（1920-2020）,39,10
讲说什么,modern Chinese（1920-2020）,0,1
讲课,modern Chinese（1920-2020）,1,2
讲谎话,modern Chinese（1920-2020）,1,0
讲过去的老话,modern Chinese（1920-2020）,1,0
讲述他和世界、和历史的纠葛,modern Chinese（1920-2020）,1,0
讲述他认识的一个人卖掉一个肾以后赚了三万多元,modern Chinese（1920-2020）,0,1
讲述和她一起出来打工的一个小姐妹,modern Chinese（1920-2020）,1,0
讲述梦中断断续续没头没尾的情景,modern Chinese（1920-2020）,1,0
讲述着这样的故事,modern Chinese（1920-2020）,0,1
讲述老百姓自己的故事,modern Chinese（1920-2020）,1,0
讲钱,modern Chinese（1920-2020）,1,0
讲阴阳之道,modern Chinese（1920-2020）,1,0
讲骗话,modern Chinese（1920-2020）,1,0
论证,modern Chinese（1920-2020）,0,1
论证婚姻就是长期的嫖妓,modern Chinese（1920-2020）,1,0
讽刺,modern Chinese（1920-2020）,1,0
讽刺他,modern Chinese（1920-2020）,3,0
讽刺谁,modern Chinese（1920-2020）,1,0
设想,modern Chinese（1920-2020）,1,0
设法使他镇静下来,modern Chinese（1920-2020）,1,0
设法使苏云金杆菌从无害的孢子变成一种能杀死害虫的孢子,modern Chinese（1920-2020）,0,1
设法克服这些工作中的缺,modern Chinese（1920-2020）,1,0
设法减轻俄罗斯的担忧,modern Chinese（1920-2020）,0,1
设法制止埃及所进行的赞成各国人民之间的和解,modern Chinese（1920-2020）,0,1
设法加以克服,modern Chinese（1920-2020）,1,0
设法同牛金星暗中会面,modern Chinese（1920-2020）,0,1
设法对满洲议和,modern Chinese（1920-2020）,0,1
设法寻找卢象升的尸首,modern Chinese（1920-2020）,0,1
设法尽快缩短签发出口许可证的时间,modern Chinese（1920-2020）,0,1
设法应付着,modern Chinese（1920-2020）,1,0
设法想害死我,modern Chinese（1920-2020）,1,0
设法把泰苏两国驻在对方的公使馆升格为大使馆,modern Chinese（1920-2020）,0,1
设法掉换他们的工作地点,modern Chinese（1920-2020）,0,1
设法探出他心里的秘密,modern Chinese（1920-2020）,1,0
设法救他,modern Chinese（1920-2020）,0,1
设法浇地 ,modern Chinese（1920-2020）,1,0
设法用强力采取某种反民主的行动,modern Chinese（1920-2020）,1,0
设法调整牠,modern Chinese（1920-2020）,0,1
设法逃避,modern Chinese（1920-2020）,1,0
设法遏制北京的影响,modern Chinese（1920-2020）,1,0
设法陷害伊顿,modern Chinese（1920-2020）,1,0
设立,modern Chinese（1920-2020）,0,1
设置先决条件,modern Chinese（1920-2020）,0,1
设置着,modern Chinese（1920-2020）,0,1
设置障碍,modern Chinese（1920-2020）,1,0
设计,modern Chinese（1920-2020）,0,4
设计从装料到成材连续生产的工厂,modern Chinese（1920-2020）,0,1
设计或施工,modern Chinese（1920-2020）,0,1
设计新油印机,modern Chinese（1920-2020）,1,0
设计鞋带造型,modern Chinese（1920-2020）,0,1
访问英国,modern Chinese（1920-2020）,0,1
诀别,modern Chinese（1920-2020）,3,0
证明,modern Chinese（1920-2020）,1,0
证明“人民子弟兵本色依旧”,modern Chinese（1920-2020）,1,0
证明他的窝囊,modern Chinese（1920-2020）,1,0
证明着,modern Chinese（1920-2020）,1,0
证明着一件事,modern Chinese（1920-2020）,1,0
证明着我们所走的十月革命的社会主义道路是完全正确的,modern Chinese（1920-2020）,1,0
评价自己,modern Chinese（1920-2020）,1,0
评论,modern Chinese（1920-2020）,1,0
评选三八红旗手和三八红旗集体,modern Chinese（1920-2020）,0,1
诉苦,modern Chinese（1920-2020）,2,0
诉说,modern Chinese（1920-2020）,1,0
诉说人生是多么短暂,modern Chinese（1920-2020）,1,0
诉说各人所受的损害和威胁,modern Chinese（1920-2020）,1,0
诉说各自的抱负,modern Chinese（1920-2020）,1,0
诉说四婶和五婶的战略,modern Chinese（1920-2020）,1,0
诉说在蒋军中受的痛苦,modern Chinese（1920-2020）,1,0
诉说当时的惨景,modern Chinese（1920-2020）,0,1
诉说着什么,modern Chinese（1920-2020）,1,0
诉说着草原古老的生活,modern Chinese（1920-2020）,1,0
诉说着这块热土上日益久远的故事,modern Chinese（1920-2020）,1,0
诉说着这片沙漠的旧时今昔,modern Chinese（1920-2020）,1,0
诉说衷肠,modern Chinese（1920-2020）,1,0
诊疗,modern Chinese（1920-2020）,1,0
译制中国影视剧,modern Chinese（1920-2020）,0,1
译读爱尔兰文人Synge的戏曲集,modern Chinese（1920-2020）,1,0
试制,modern Chinese（1920-2020）,0,2
试制一万五千瓩的全套水轮发电设备和一万二千瓩的全套火力发电设备,modern Chinese（1920-2020）,0,1
试制冰毒,modern Chinese（1920-2020）,1,0
试制干线电力机车,modern Chinese（1920-2020）,1,0
试制每小时蒸汽蒸发量三十五吨和每小时蒸汽蒸发量七十五吨的两种锅炉,modern Chinese（1920-2020）,0,1
试制玉米脱粒机等新式农具,modern Chinese（1920-2020）,0,1
试办新学堂,modern Chinese（1920-2020）,1,0
试图“霸凌”英国民众,modern Chinese（1920-2020）,0,1
试图剥夺你们每天的面包,modern Chinese（1920-2020）,0,1
试图对南北文化进行调和,modern Chinese（1920-2020）,1,0
试图表明自己所说的话没有任何恶意,modern Chinese（1920-2020）,1,0
试图解决自我和现实的紧张关系,modern Chinese（1920-2020）,1,0
试图说服老工程师,modern Chinese（1920-2020）,1,0
试图通过破坏叙利亚稳定来掩盖其无力控制叙利亚局势的事实,modern Chinese（1920-2020）,1,0
试探他,modern Chinese（1920-2020）,4,0
试探对方的虚实,modern Chinese（1920-2020）,1,0
试探法官的底线,modern Chinese（1920-2020）,1,0
试探着要吃他身上流出的凝固了的血,modern Chinese（1920-2020）,1,0
试探这位年纪轻轻的工作组员的口气,modern Chinese（1920-2020）,1,0
试用,modern Chinese（1920-2020）,1,0
试用我们的设备,modern Chinese（1920-2020）,1,0
试穿靰鞡,modern Chinese（1920-2020）,1,0
试营业,modern Chinese（1920-2020）,1,0
试衣服,modern Chinese（1920-2020）,1,0
试车,modern Chinese（1920-2020）,0,1
试验,modern Chinese（1920-2020）,1,3
试验什么东西,modern Chinese（1920-2020）,1,0
试验他,modern Chinese（1920-2020）,1,0
试验他的刀锋,modern Chinese（1920-2020）,1,0
试验这一模式,modern Chinese（1920-2020）,0,1
诞生,modern Chinese（1920-2020）,2,0
诠释着教师这一崇高事业的真谛,modern Chinese（1920-2020）,1,0
询问,modern Chinese（1920-2020）,7,0
询问、谈论为什么把副排长调走,modern Chinese（1920-2020）,1,0
询问渐川一带的灾荒情况,modern Chinese（1920-2020）,0,1
诧异,modern Chinese（1920-2020）,4,2
诬蔑我们,modern Chinese（1920-2020）,1,0
诱发一个很危险的社会病,modern Chinese（1920-2020）,0,1
诱发一系列的相关效应,modern Chinese（1920-2020）,0,1
诱引他,modern Chinese（1920-2020）,1,0
诱惑着,modern Chinese（1920-2020）,1,0
诱惑着他,modern Chinese（1920-2020）,1,0
说,modern Chinese（1920-2020）,143,3
说"老头子""老太婆",modern Chinese（1920-2020）,1,0
说“思想解放”、“创新”,modern Chinese（1920-2020）,1,0
说“死了”、“警察”之类的词,modern Chinese（1920-2020）,1,0
说“离婚”这件事,modern Chinese（1920-2020）,1,0
说“胡说八道，没有的事”,modern Chinese（1920-2020）,1,0
说「希望龙打几个好仗，早日得胜，好回家乡」,modern Chinese（1920-2020）,1,0
说一个女神,modern Chinese（1920-2020）,1,0
说一个道理,modern Chinese（1920-2020）,2,0
说一些什么,modern Chinese（1920-2020）,1,0
说一件绝大的秘密,modern Chinese（1920-2020）,1,0
说一篇复杂离奇的《东周列国》,modern Chinese（1920-2020）,1,0
说上海话,modern Chinese（1920-2020）,1,0
说下去,modern Chinese（1920-2020）,1,0
说不贞的女子,modern Chinese（1920-2020）,1,0
说为除消人类的病敌而努力,modern Chinese（1920-2020）,1,0
说二太太,modern Chinese（1920-2020）,1,0
说些什么,modern Chinese（1920-2020）,12,0
说人家的事情,modern Chinese（1920-2020）,1,0
说什么,modern Chinese（1920-2020）,58,4
说什么跟谁说,modern Chinese（1920-2020）,1,0
说什么金银地主,modern Chinese（1920-2020）,1,0
说他,modern Chinese（1920-2020）,1,0
说他这一来乃是多事,modern Chinese（1920-2020）,1,0
说你,modern Chinese（1920-2020）,2,0
说你的坏话,modern Chinese（1920-2020）,1,0
说你老丈人家中出了怪事,modern Chinese（1920-2020）,1,0
说傻话,modern Chinese（1920-2020）,1,0
说创业之后你有多大把握去成功,modern Chinese（1920-2020）,1,0
说哪个,modern Chinese（1920-2020）,2,0
说唱什么,modern Chinese（1920-2020）,1,0
说啥,modern Chinese（1920-2020）,1,0
说大话、空话,modern Chinese（1920-2020）,1,0
说她的坏话,modern Chinese（1920-2020）,1,0
说她的朋友多,modern Chinese（1920-2020）,1,0
说她的男朋友,modern Chinese（1920-2020）,0,1
说尚太太,modern Chinese（1920-2020）,1,0
说成“非常危险”,modern Chinese（1920-2020）,1,0
说我,modern Chinese（1920-2020）,3,1
说我“精力充沛”,modern Chinese（1920-2020）,1,0
说我什么闲话,modern Chinese（1920-2020）,1,0
说我做什么,modern Chinese（1920-2020）,1,0
说我好棒,modern Chinese（1920-2020）,1,0
说我就是要为了挣钱,modern Chinese（1920-2020）,1,0
说教,modern Chinese（1920-2020）,1,0
说明,modern Chinese（1920-2020）,1,0
说明“这事有边”,modern Chinese（1920-2020）,1,0
说明他对中国人民的影响,modern Chinese（1920-2020）,1,0
说明他租的是外村地,modern Chinese（1920-2020）,1,0
说明日本政府积极调整国际关系的起点,modern Chinese（1920-2020）,1,0
说明着二哥当村长时候偷,modern Chinese（1920-2020）,1,0
说明这老屋难免易主的原因,modern Chinese（1920-2020）,0,1
说朋友感情上的话,modern Chinese（1920-2020）,1,0
说服刘胜能够同意他的意见,modern Chinese（1920-2020）,1,0
说服妈妈,modern Chinese（1920-2020）,1,0
说服教育,modern Chinese（1920-2020）,0,1
说服淘气的不听话的小弟弟,modern Chinese（1920-2020）,1,0
说服着我,modern Chinese（1920-2020）,1,0
说服谁,modern Chinese（1920-2020）,1,0
说树生,modern Chinese（1920-2020）,1,0
说梦话,modern Chinese（1920-2020）,2,0
说正经话,modern Chinese（1920-2020）,3,0
说气话,modern Chinese（1920-2020）,1,0
说球,modern Chinese（1920-2020）,1,0
说理叙事,modern Chinese（1920-2020）,1,0
说疯话,modern Chinese（1920-2020）,2,0
说白话,modern Chinese（1920-2020）,1,0
说真的,modern Chinese（1920-2020）,2,0
说真话,modern Chinese（1920-2020）,2,0
说着,modern Chinese（1920-2020）,7,1
说着一些明显的事实,modern Chinese（1920-2020）,1,0
说着上海话,modern Chinese（1920-2020）,0,1
说着什么,modern Chinese（1920-2020）,3,1
说着啥儿话,modern Chinese（1920-2020）,1,0
说着她如何被那些领导儿子们蹬掉的传言,modern Chinese（1920-2020）,0,1
说着好,modern Chinese（1920-2020）,1,0
说着疙疸话,modern Chinese（1920-2020）,1,0
说着真心话,modern Chinese（1920-2020）,1,0
说着私语,modern Chinese（1920-2020）,1,0
说着话,modern Chinese（1920-2020）,2,2
说着鸟语的流言,modern Chinese（1920-2020）,1,0
说瞎话,modern Chinese（1920-2020）,1,0
说祖父,modern Chinese（1920-2020）,1,0
说祝福的话,modern Chinese（1920-2020）,1,0
说神刀一出，神剑无光了,modern Chinese（1920-2020）,1,0
说离婚的事儿,modern Chinese（1920-2020）,0,1
说笑,modern Chinese（1920-2020）,7,3
说笑着,modern Chinese（1920-2020）,1,0
说笑话,modern Chinese（1920-2020）,2,1
说罗辑,modern Chinese（1920-2020）,1,0
说老三,modern Chinese（1920-2020）,1,0
说老三怎么好几天没来了呢,modern Chinese（1920-2020）,0,1
说耍,modern Chinese（1920-2020）,1,0
说胡话,modern Chinese（1920-2020）,1,0
说自己,modern Chinese（1920-2020）,1,0
说自己的话,modern Chinese（1920-2020）,1,0
说萧明的坏话,modern Chinese（1920-2020）,1,0
说话,modern Chinese（1920-2020）,96,12
说话、鼓掌、高喊着点歌,modern Chinese（1920-2020）,1,0
说话儿,modern Chinese（1920-2020）,1,0
说谁,modern Chinese（1920-2020）,3,0
说谎,modern Chinese（1920-2020）,9,0
说这个,modern Chinese（1920-2020）,1,0
说这种爱情没有结果,modern Chinese（1920-2020）,1,0
说遗传说基因,modern Chinese（1920-2020）,1,0
说闲话,modern Chinese（1920-2020）,1,0
说黄太太,modern Chinese（1920-2020）,1,0
说：“要努力、要努力”,modern Chinese（1920-2020）,1,0
说：这儿就是你的家,modern Chinese（1920-2020）,1,0
请一位太监看一颗很大的珍珠,modern Chinese（1920-2020）,0,1
请哥哥拿主意,modern Chinese（1920-2020）,1,0
请客,modern Chinese（1920-2020）,3,0
请教掌握充填电话时需要注意的事情,modern Chinese（1920-2020）,0,1
请教毛主席,modern Chinese（1920-2020）,1,0
请教王琦瑶做大衣,modern Chinese（1920-2020）,1,0
请教那秃头老头子,modern Chinese（1920-2020）,0,1
请求补充枪支子弹,modern Chinese（1920-2020）,0,1
请示怎么办,modern Chinese（1920-2020）,1,0
读,modern Chinese（1920-2020）,8,2
读《孙子十家注》,modern Chinese（1920-2020）,0,1
读《易经》,modern Chinese（1920-2020）,1,0
读《春秋左传》,modern Chinese（1920-2020）,1,0
读《毛泽东选集》、列宁的《国家与革命》等经典著作,modern Chinese（1920-2020）,1,0
读《贞观政要》和《诸葛武侯集》,modern Chinese（1920-2020）,0,1
读一个剧本,modern Chinese（1920-2020）,1,0
读一个肖像,modern Chinese（1920-2020）,1,0
读一本《谦伯氏英文读本》,modern Chinese（1920-2020）,1,0
"读一本三民
主义",modern Chinese（1920-2020）,0,1
读一本图文并茂的《怎样经营牧业》,modern Chinese（1920-2020）,0,1
读一篇文章,modern Chinese（1920-2020）,1,0
读三年级,modern Chinese（1920-2020）,1,0
读书,modern Chinese（1920-2020）,15,5
读书或者工作,modern Chinese（1920-2020）,1,0
读书求知,modern Chinese（1920-2020）,1,0
读书讲学,modern Chinese（1920-2020）,1,0
读二年级,modern Chinese（1920-2020）,1,0
读什么书,modern Chinese（1920-2020）,0,1
读信,modern Chinese（1920-2020）,1,0
读初中,modern Chinese（1920-2020）,1,1
读别人放在桌子上的一张报纸,modern Chinese（1920-2020）,0,1
读唐诗,modern Chinese（1920-2020）,1,0
读四年级,modern Chinese（1920-2020）,1,0
读大江,modern Chinese（1920-2020）,1,0
读小学和中学,modern Chinese（1920-2020）,1,0
读报,modern Chinese（1920-2020）,1,0
读报纸上你自杀的消息,modern Chinese（1920-2020）,1,0
读挪威当代作家约恩·福瑟的书,modern Chinese（1920-2020）,1,0
读文件,modern Chinese（1920-2020）,1,0
读新的一首,modern Chinese（1920-2020）,1,0
读日本数学泰斗炎武次二的博士生,modern Chinese（1920-2020）,0,1
读易经,modern Chinese（1920-2020）,0,1
读着,modern Chinese（1920-2020）,2,1
读着、抄录着,modern Chinese（1920-2020）,1,0
读着一本厚书,modern Chinese（1920-2020）,0,1
读着众人的思想,modern Chinese（1920-2020）,1,0
读着它,modern Chinese（1920-2020）,1,0
读祖国人民慰问信,modern Chinese（1920-2020）,0,1
读红色家书,modern Chinese（1920-2020）,0,1
读英文,modern Chinese（1920-2020）,1,0
读茅盾所写的小说《幻灭》,modern Chinese（1920-2020）,0,1
读这种对革命有正确认识的材料,modern Chinese（1920-2020）,1,0
读高三,modern Chinese（1920-2020）,0,1
读高中,modern Chinese（1920-2020）,0,1
读高小第四册,modern Chinese（1920-2020）,1,0
调兵围剿,modern Chinese（1920-2020）,0,1
调兵遣将,modern Chinese（1920-2020）,3,0
调兵遣将、运送军火，准备再次大规模侵略柬埔寨,modern Chinese（1920-2020）,0,1
调制目录,modern Chinese（1920-2020）,0,1
调动,modern Chinese（1920-2020）,1,3
调动人马驰援左右战场,modern Chinese（1920-2020）,0,1
调动军队,modern Chinese（1920-2020）,1,0
调情,modern Chinese（1920-2020）,1,1
调控,modern Chinese（1920-2020）,2,0
调提琴的弦子,modern Chinese（1920-2020）,0,1
调整,modern Chinese（1920-2020）,0,2
调整为零,modern Chinese（1920-2020）,0,1
调整什么的光景,modern Chinese（1920-2020）,1,0
调整其反恐战略,modern Chinese（1920-2020）,0,1
调整劳动组织、修订生产计划,modern Chinese（1920-2020）,1,0
调整完善,modern Chinese（1920-2020）,1,0
调整战术,modern Chinese（1920-2020）,0,1
调整政策以实现对接,modern Chinese（1920-2020）,0,1
调整缴费基数口径,modern Chinese（1920-2020）,0,1
调查,modern Chinese（1920-2020）,1,8
调查处理,modern Chinese（1920-2020）,0,2
调查研究、采取措施,modern Chinese（1920-2020）,0,1
调查研究企业潜力和职工思想情况,modern Chinese（1920-2020）,0,1
调查这一事件,modern Chinese（1920-2020）,0,1
调药,modern Chinese（1920-2020）,1,0
调试,modern Chinese（1920-2020）,0,1
调试光伏面板上的清洁装置,modern Chinese（1920-2020）,0,1
调试工厂拱形门廊上五颜六色的彩灯装饰,modern Chinese（1920-2020）,0,1
调配着各式轻重火器,modern Chinese（1920-2020）,1,0
调配药物,modern Chinese（1920-2020）,0,1
调集人马,modern Chinese（1920-2020）,0,1
调集兵力,modern Chinese（1920-2020）,0,1
调集大军将他们分别包围,modern Chinese（1920-2020）,0,1
谆谆教诲、亲切叮咛,modern Chinese（1920-2020）,1,0
谈,modern Chinese（1920-2020）,6,1
谈个人切身的事,modern Chinese（1920-2020）,1,0
谈中国文化里面一个很重要的元素,modern Chinese（1920-2020）,1,0
谈人类的初始状态,modern Chinese（1920-2020）,1,0
谈什么,modern Chinese（1920-2020）,5,0
谈共产党,modern Chinese（1920-2020）,1,0
谈判,modern Chinese（1920-2020）,1,0
谈判一件什么事,modern Chinese（1920-2020）,2,0
谈判生意,modern Chinese（1920-2020）,0,1
谈到他,modern Chinese（1920-2020）,0,1
谈古论今,modern Chinese（1920-2020）,0,1
谈君子境界,modern Chinese（1920-2020）,1,0
谈天,modern Chinese（1920-2020）,1,0
谈夫妻,modern Chinese（1920-2020）,1,0
谈她在冯家的生活情形,modern Chinese（1920-2020）,0,1
谈她生命中的最后时刻,modern Chinese（1920-2020）,1,0
谈学校,modern Chinese（1920-2020）,1,0
谈工作,modern Chinese（1920-2020）,0,1
谈影片上的故事,modern Chinese（1920-2020）,1,0
谈心,modern Chinese（1920-2020）,2,2
谈恋爱,modern Chinese（1920-2020）,5,1
谈情说爱,modern Chinese（1920-2020）,1,0
谈我打得多么好,modern Chinese（1920-2020）,1,0
谈枣庄杀鬼子、夺枪的故事,modern Chinese（1920-2020）,1,0
谈死,modern Chinese（1920-2020）,1,0
谈火把节留下来的值得纪念的回忆,modern Chinese（1920-2020）,1,0
谈爱,modern Chinese（1920-2020）,1,0
谈男女大防,modern Chinese（1920-2020）,1,0
谈着,modern Chinese（1920-2020）,2,1
谈着什么,modern Chinese（1920-2020）,1,1
谈着他在鲁南看过的话剧《第五纵队》的内容,modern Chinese（1920-2020）,0,1
谈着党务上的问题,modern Chinese（1920-2020）,0,1
谈着关于杨军的事情,modern Chinese（1920-2020）,0,1
谈着发财的门径,modern Chinese（1920-2020）,1,0
谈着她对我奶奶的无限崇拜,modern Chinese（1920-2020）,1,0
谈着生活问题、思想问题,modern Chinese（1920-2020）,1,0
谈着话,modern Chinese（1920-2020）,1,1
谈笑,modern Chinese（1920-2020）,5,3
谈笑吃酒,modern Chinese（1920-2020）,0,1
谈药学里一个很重要的一个特点,modern Chinese（1920-2020）,1,0
谈规划,modern Chinese（1920-2020）,1,0
谈论,modern Chinese（1920-2020）,3,3
谈论“人”,modern Chinese（1920-2020）,1,0
谈论“北大荒”正经历着的巨大变革,modern Chinese（1920-2020）,1,0
谈论一本刚看过的对我国目前经济形势及未来发展趋势进行评估的书,modern Chinese（1920-2020）,0,1
谈论些什么,modern Chinese（1920-2020）,1,0
谈论什么,modern Chinese（1920-2020）,3,0
谈论什么事,modern Chinese（1920-2020）,0,1
谈论军国大计,modern Chinese（1920-2020）,0,1
谈论她的事情,modern Chinese（1920-2020）,2,0
谈论她的嗣子脾气古怪,modern Chinese（1920-2020）,0,1
谈论学习与争红旗的计划,modern Chinese（1920-2020）,1,0
谈论少爷的病,modern Chinese（1920-2020）,0,1
谈论强台风“妮妲”,modern Chinese（1920-2020）,1,0
谈论我,modern Chinese（1920-2020）,0,1
谈论我和奥尼尔,modern Chinese（1920-2020）,1,0
谈论我和我的二妹利狄亚,modern Chinese（1920-2020）,1,0
谈论房子,modern Chinese（1920-2020）,1,0
谈论政治,modern Chinese（1920-2020）,1,0
谈论救亡问题,modern Chinese（1920-2020）,1,0
谈论时局,modern Chinese（1920-2020）,2,0
谈论村里的账,modern Chinese（1920-2020）,0,1
谈论田地上的事情,modern Chinese（1920-2020）,1,0
谈论着,modern Chinese（1920-2020）,2,1
谈论着今天的晚会,modern Chinese（1920-2020）,1,0
谈论着农业合作化运动高潮的到来,modern Chinese（1920-2020）,1,0
谈论着近来的满洲动静,modern Chinese（1920-2020）,1,0
谈论种植、庄稼,modern Chinese（1920-2020）,1,0
谈论织毛衣的事,modern Chinese（1920-2020）,0,1
谈论经济大转型,modern Chinese（1920-2020）,0,1
谈论连长太太的事情,modern Chinese（1920-2020）,1,0
谈论通信班长的问题,modern Chinese（1920-2020）,0,1
谈论那本书的印象,modern Chinese（1920-2020）,1,0
谈论重要题目,modern Chinese（1920-2020）,0,1
谈论陈家的事情,modern Chinese（1920-2020）,1,0
谈论雾霾这个话题,modern Chinese（1920-2020）,1,0
谈论颂莲让雁儿吞草纸的事情,modern Chinese（1920-2020）,1,0
谈话,modern Chinese（1920-2020）,22,12
谈起你,modern Chinese（1920-2020）,1,0
谈这方面的合作,modern Chinese（1920-2020）,1,0
谈那种可以说是……就是整个社会意义，情感上阴阳和谐的问题,modern Chinese（1920-2020）,1,0
谈重要的事,modern Chinese（1920-2020）,1,0
谈钱,modern Chinese（1920-2020）,1,0
谈闲话,modern Chinese（1920-2020）,3,0
谈鸣凤的事情,modern Chinese（1920-2020）,1,0
谋取我的霸业,modern Chinese（1920-2020）,1,0
谋取非洲的沿海设施,modern Chinese（1920-2020）,0,1
谋求东南亚的霸权,modern Chinese（1920-2020）,0,1
谋求和越南关系正常化,modern Chinese（1920-2020）,0,1
谋求增进国家独立地位,modern Chinese（1920-2020）,0,1
谋求把重庆和延安部控制在手里的办法,modern Chinese（1920-2020）,1,0
谋求进一步扩大,modern Chinese（1920-2020）,0,1
谛听喇叭花跟他说话,modern Chinese（1920-2020）,1,0
谛听海的秘密,modern Chinese（1920-2020）,1,0
谢蚕花太子,modern Chinese（1920-2020）,0,1
谦让,modern Chinese（1920-2020）,1,0
谩骂,modern Chinese（1920-2020）,1,0
谴责印度外交部国务部长梅农夫人,modern Chinese（1920-2020）,1,0
谴责古巴对别国的武装干涉,modern Chinese（1920-2020）,0,1
豫备功课,modern Chinese（1920-2020）,0,1
负责,modern Chinese（1920-2020）,1,0
负责修筑,modern Chinese（1920-2020）,0,1
负隅顽抗,modern Chinese（1920-2020）,2,0
贡献出他们的才能和智慧,modern Chinese（1920-2020）,0,1
贡献力量,modern Chinese（1920-2020）,1,0
贡献自己的力量,modern Chinese（1920-2020）,0,1
贡献芳香的花,modern Chinese（1920-2020）,1,0
责备丈夫,modern Chinese（1920-2020）,1,0
责备他,modern Chinese（1920-2020）,2,0
责备他到襄阳后不迅速进兵,modern Chinese（1920-2020）,1,0
责备他怕死,modern Chinese（1920-2020）,1,0
责备兄弟,modern Chinese（1920-2020）,1,0
责备她,modern Chinese（1920-2020）,1,0
责备她底心爱的孩子,modern Chinese（1920-2020）,1,0
责备她那次不该挺身而出,modern Chinese（1920-2020）,1,0
责备我,modern Chinese（1920-2020）,2,0
责备燕西,modern Chinese（1920-2020）,2,0
责备着自己,modern Chinese（1920-2020）,1,0
责备自己,modern Chinese（1920-2020）,2,0
责备自己的失职,modern Chinese（1920-2020）,0,1
责怪自己,modern Chinese（1920-2020）,1,0
责问历史,modern Chinese（1920-2020）,1,0
责骂他,modern Chinese（1920-2020）,1,0
责骂克定,modern Chinese（1920-2020）,1,0
败北,modern Chinese（1920-2020）,0,1
败坏楚王庄的风气,modern Chinese（1920-2020）,1,0
败她的家,modern Chinese（1920-2020）,1,0
质疑,modern Chinese（1920-2020）,1,0
质问,modern Chinese（1920-2020）,1,1
质问那一江的流水道,modern Chinese（1920-2020）,1,0
贬值,modern Chinese（1920-2020）,1,0
购买其他两幢大房子,modern Chinese（1920-2020）,1,0
购买着筷子与分头簪,modern Chinese（1920-2020）,1,0
购置热水,modern Chinese（1920-2020）,1,0
购运药品,modern Chinese（1920-2020）,0,1
贯彻党的十四届六中全会精神,modern Chinese（1920-2020）,0,1
贯彻十一大路线、深入开展三大革命运动、为在本世纪内实现四个现代化而斗争,modern Chinese（1920-2020）,0,1
贯彻十一届三中全会精神,modern Chinese（1920-2020）,0,1
贯彻着以宪法为核心的依宪治国、依宪执政,modern Chinese（1920-2020）,1,0
贯彻群众路线大力进行整改,modern Chinese（1920-2020）,0,1
贯彻落实,modern Chinese（1920-2020）,0,1
贯彻落实新发展理念,modern Chinese（1920-2020）,0,1
贯彻落实科学发展观,modern Chinese（1920-2020）,0,4
贯彻落实这一方针,modern Chinese（1920-2020）,0,1
贴春联,modern Chinese（1920-2020）,0,1
贴金,modern Chinese（1920-2020）,1,0
赌博,modern Chinese（1920-2020）,1,0
赌咒发誓,modern Chinese（1920-2020）,1,0
赌气,modern Chinese（1920-2020）,6,0
赌牌九,modern Chinese（1920-2020）,1,0
赏鉴两枚戒指,modern Chinese（1920-2020）,1,0
赏鉴这王瓜,modern Chinese（1920-2020）,1,0
赏鉴那纸扎铺新糊成的三楼三底外带后花园的一座大冥屋,modern Chinese（1920-2020）,0,1
赓续着共产党人的信仰和知识分子的担当,modern Chinese（1920-2020）,1,0
赔本赚吆喝,modern Chinese（1920-2020）,1,0
赚钱,modern Chinese（1920-2020）,3,0
赛跑,modern Chinese（1920-2020）,4,1
赞叹它们的完善,modern Chinese（1920-2020）,1,0
赞咏“运大思者”敢于踏上被世人误解为“大迷途”的道路,modern Chinese（1920-2020）,1,0
赞扬着,modern Chinese（1920-2020）,1,0
赞美他,modern Chinese（1920-2020）,1,0
赞美她的容貌,modern Chinese（1920-2020）,1,0
赞颂她的威力,modern Chinese（1920-2020）,1,0
赞颂着毛主席的好战士,modern Chinese（1920-2020）,1,0
赢利,modern Chinese（1920-2020）,1,0
赢得同情,modern Chinese（1920-2020）,0,1
走,modern Chinese（1920-2020）,29,6
走上主席台,modern Chinese（1920-2020）,0,1
走上具有自己特色的发展道路,modern Chinese（1920-2020）,0,1
走上国家建设工作岗位,modern Chinese（1920-2020）,0,1
走下坡路,modern Chinese（1920-2020）,2,1
走入百姓家,modern Chinese（1920-2020）,0,1
走全盘西化的路,modern Chinese（1920-2020）,1,0
走出一条计划生育的行政管理与群众工作相结合，人口与经济、社会、环境、资源协调发展的新路子,modern Chinese（1920-2020）,0,1
走出地震的阴影,modern Chinese（1920-2020）,0,1
走出来,modern Chinese（1920-2020）,0,1
走出粮食供应丰富期,modern Chinese（1920-2020）,0,1
走到另一个相同的时代,modern Chinese（1920-2020）,1,0
走动,modern Chinese（1920-2020）,8,0
走去,modern Chinese（1920-2020）,2,2
走向受奴役和丧失独立,modern Chinese（1920-2020）,1,0
走向国际,modern Chinese（1920-2020）,0,1
走向大治,modern Chinese（1920-2020）,1,0
走向奠边府,modern Chinese（1920-2020）,0,1
走向它的毁灭,modern Chinese（1920-2020）,0,1
走向市场经济,modern Chinese（1920-2020）,0,1
走向彻底失败,modern Chinese（1920-2020）,0,1
走向成熟,modern Chinese（1920-2020）,0,1
走向未来,modern Chinese（1920-2020）,0,1
走向末日,modern Chinese（1920-2020）,0,2
走向枯竭,modern Chinese（1920-2020）,0,1
走向死亡,modern Chinese（1920-2020）,2,0
走向毁灭的世界,modern Chinese（1920-2020）,0,1
走向灾难,modern Chinese（1920-2020）,0,1
走向独立发展的道路,modern Chinese（1920-2020）,1,0
走向真正的和平,modern Chinese（1920-2020）,1,0
走向终结,modern Chinese（1920-2020）,0,1
走向衰退,modern Chinese（1920-2020）,1,0
走向解放和独立,modern Chinese（1920-2020）,1,0
走向辉煌,modern Chinese（1920-2020）,0,1
走向那个最后的未知,modern Chinese（1920-2020）,0,1
走商业化道路,modern Chinese（1920-2020）,1,0
走希特勒侵略老路,modern Chinese（1920-2020）,0,1
走希特勒的老路,modern Chinese（1920-2020）,0,1
走平衡木,modern Chinese（1920-2020）,1,0
走我的路,modern Chinese（1920-2020）,1,0
走投无路,modern Chinese（1920-2020）,0,4
走村串寨,modern Chinese（1920-2020）,1,0
走来,modern Chinese（1920-2020）,0,2
走来走去,modern Chinese（1920-2020）,3,0
走着,modern Chinese（1920-2020）,3,6
走着一条笔直的道路,modern Chinese（1920-2020）,1,0
走着爬动着,modern Chinese（1920-2020）,0,1
走着那些路,modern Chinese（1920-2020）,1,0
走签字流程,modern Chinese（1920-2020）,0,1
走自己的必由之路,modern Chinese（1920-2020）,1,0
走路,modern Chinese（1920-2020）,3,4
走路，放羊,modern Chinese（1920-2020）,1,0
走过场,modern Chinese（1920-2020）,1,0
走过来,modern Chinese（1920-2020）,0,1
走进普通人的日常生活,modern Chinese（1920-2020）,0,1
走黑运,modern Chinese（1920-2020）,1,0
赴什么庆祝宴会,modern Chinese（1920-2020）,1,0
赴难援孙,modern Chinese（1920-2020）,1,0
赶,modern Chinese（1920-2020）,2,0
赶上,modern Chinese（1920-2020）,0,1
赶上经济恢复,modern Chinese（1920-2020）,0,1
赶修被拆毁的铁道,modern Chinese（1920-2020）,0,1
赶借外债,modern Chinese（1920-2020）,0,1
赶写一篇论文,modern Chinese（1920-2020）,0,1
赶写这部著作,modern Chinese（1920-2020）,1,0
赶制红灯笼,modern Chinese（1920-2020）,0,1
赶办十多年来第一回的征信录,modern Chinese（1920-2020）,0,1
赶回家,modern Chinese（1920-2020）,0,1
赶场,modern Chinese（1920-2020）,1,0
赶工,modern Chinese（1920-2020）,1,0
赶往那个地方,modern Chinese（1920-2020）,0,1
赶快警戒,modern Chinese（1920-2020）,1,0
赶我走,modern Chinese（1920-2020）,1,0
赶时髦,modern Chinese（1920-2020）,1,0
赶来,modern Chinese（1920-2020）,1,1
赶筑,modern Chinese（1920-2020）,0,1
赶筑防御工事,modern Chinese（1920-2020）,0,1
赶织各种美丽图案的织品,modern Chinese（1920-2020）,0,1
赶缫抛售出去的期货,modern Chinese（1920-2020）,0,1
赶装,modern Chinese（1920-2020）,1,0
赶路,modern Chinese（1920-2020）,1,1
赶运,modern Chinese（1920-2020）,1,0
赶骡子运盐,modern Chinese（1920-2020）,0,1
起伏,modern Chinese（1920-2020）,3,0
起伏着,modern Chinese（1920-2020）,4,0
起作用,modern Chinese（1920-2020）,11,0
起变化,modern Chinese（1920-2020）,0,2
起古巴人的作用,modern Chinese（1920-2020）,0,1
起哄,modern Chinese（1920-2020）,1,0
起哄、鼓掌,modern Chinese（1920-2020）,1,0
起效,modern Chinese（1920-2020）,0,1
起来,modern Chinese（1920-2020）,0,1
起来斗争,modern Chinese（1920-2020）,0,1
起步,modern Chinese（1920-2020）,1,1
起步发展,modern Chinese（1920-2020）,0,1
起步探索,modern Chinese（1920-2020）,0,2
起火,modern Chinese（1920-2020）,1,1
起着变化,modern Chinese（1920-2020）,1,1
起着根本的变化,modern Chinese（1920-2020）,0,1
起破坏作用,modern Chinese（1920-2020）,1,0
起糊涂心事,modern Chinese（1920-2020）,1,0
起网,modern Chinese（1920-2020）,0,1
起草,modern Chinese（1920-2020）,0,2
"起草增加司
法经费案",modern Chinese（1920-2020）,0,1
起草法官法,modern Chinese（1920-2020）,0,1
起落,modern Chinese（1920-2020）,1,0
起货,modern Chinese（1920-2020）,0,1
起身离去,modern Chinese（1920-2020）,0,2
起雾,modern Chinese（1920-2020）,1,0
起飞,modern Chinese（1920-2020）,1,0
超越,modern Chinese（1920-2020）,1,0
超越‘星环”号,modern Chinese（1920-2020）,1,0
越变越小,modern Chinese（1920-2020）,0,1
越过中印边界，渗入到中国军队的后面,modern Chinese（1920-2020）,1,0
越过鱼钩地区的斯努和棉末进行扩张,modern Chinese（1920-2020）,0,1
趋向千篇一律,modern Chinese（1920-2020）,0,1
趋向炎热,modern Chinese（1920-2020）,1,1
趋稳,modern Chinese（1920-2020）,1,0
趋紧,modern Chinese（1920-2020）,1,0
跃着泥蹄,modern Chinese（1920-2020）,1,0
跃跃欲试,modern Chinese（1920-2020）,1,0
跃进,modern Chinese（1920-2020）,8,1
跋涉,modern Chinese（1920-2020）,1,1
跌落,modern Chinese（1920-2020）,1,0
跑,modern Chinese（1920-2020）,15,2
跑上台阶,modern Chinese（1920-2020）,0,1
跑步,modern Chinese（1920-2020）,0,1
跑着,modern Chinese（1920-2020）,3,0
跑碴什么是非,modern Chinese（1920-2020）,1,0
跑运销,modern Chinese（1920-2020）,0,1
跑追,modern Chinese（1920-2020）,1,0
跟她,modern Chinese（1920-2020）,1,0
跟我过不去,modern Chinese（1920-2020）,1,0
跟着他,modern Chinese（1920-2020）,1,0
跟着自己,modern Chinese（1920-2020）,1,0
跟踪我,modern Chinese（1920-2020）,4,0
跟踪自己的哥哥,modern Chinese（1920-2020）,1,0
跟进,modern Chinese（1920-2020）,1,0
跟随着她,modern Chinese（1920-2020）,1,0
跪着,modern Chinese（1920-2020）,2,0
跳,modern Chinese（1920-2020）,31,0
跳个不停,modern Chinese（1920-2020）,1,0
跳动,modern Chinese（1920-2020）,27,0
跳动着,modern Chinese（1920-2020）,3,0
跳着,modern Chinese（1920-2020）,10,0
跳着大刀舞,modern Chinese（1920-2020）,1,0
跳着徐缓但十分舒展的中国古典舞,modern Chinese（1920-2020）,1,0
跳着死神舞,modern Chinese（1920-2020）,1,0
跳着舞,modern Chinese（1920-2020）,0,1
跳着闹,modern Chinese（1920-2020）,1,0
跳绳,modern Chinese（1920-2020）,1,0
跳舞,modern Chinese（1920-2020）,4,1
跳舞唱歌,modern Chinese（1920-2020）,0,1
跳贴面舞,modern Chinese（1920-2020）,1,0
跳跃,modern Chinese（1920-2020）,2,0
跳跃着,modern Chinese（1920-2020）,2,0
跳集体舞,modern Chinese（1920-2020）,1,0
践踩这些原则,modern Chinese（1920-2020）,0,1
踌蹰什么,modern Chinese（1920-2020）,1,0
踌蹰将来的家计,modern Chinese（1920-2020）,1,0
踌躇,modern Chinese（1920-2020）,3,3
踌躇着,modern Chinese（1920-2020）,3,1
踏,modern Chinese（1920-2020）,1,0
踏上一个新的台阶,modern Chinese（1920-2020）,0,1
踏下一个坑去,modern Chinese（1920-2020）,1,0
踏入一个梦境,modern Chinese（1920-2020）,1,0
踏大水车,modern Chinese（1920-2020）,1,0
踏蹄,modern Chinese（1920-2020）,1,0
踢我,modern Chinese（1920-2020）,1,0
踢着腿,modern Chinese（1920-2020）,1,0
踢足球,modern Chinese（1920-2020）,1,0
踩刹车,modern Chinese（1920-2020）,1,0
踱步,modern Chinese（1920-2020）,1,0
踱着,modern Chinese（1920-2020）,1,0
蹂躏着,modern Chinese（1920-2020）,1,0
蹂躏着日本国土,modern Chinese（1920-2020）,1,0
蹂躏这片土地,modern Chinese（1920-2020）,1,0
蹒跚学步,modern Chinese（1920-2020）,1,0
蹓跶着,modern Chinese（1920-2020）,1,0
蹦,modern Chinese（1920-2020）,2,0
蹧蹋着电影,modern Chinese（1920-2020）,1,0
蹲,modern Chinese（1920-2020）,0,1
躐,modern Chinese（1920-2020）,1,0
躲开我的目光,modern Chinese（1920-2020）,1,0
躲我,modern Chinese（1920-2020）,1,0
躲王琦瑶,modern Chinese（1920-2020）,1,0
躲警报,modern Chinese（1920-2020）,2,0
躲避,modern Chinese（1920-2020）,1,0
躲避一个厉害的仇家,modern Chinese（1920-2020）,1,0
躲避他,modern Chinese（1920-2020）,2,0
躲避她,modern Chinese（1920-2020）,1,0
躲避她的目光,modern Chinese（1920-2020）,0,1
躲避我,modern Chinese（1920-2020）,1,0
躲闪,modern Chinese（1920-2020）,1,0
躲风,modern Chinese（1920-2020）,1,0
躺着,modern Chinese（1920-2020）,1,0
轧过这个玻璃城,modern Chinese（1920-2020）,0,1
转,modern Chinese（1920-2020）,8,0
转些什么念头,modern Chinese（1920-2020）,1,0
转入战略反攻,modern Chinese（1920-2020）,0,1
转入防御,modern Chinese（1920-2020）,0,1
转制,modern Chinese（1920-2020）,0,1
转动,modern Chinese（1920-2020）,10,2
转动一架旧风车,modern Chinese（1920-2020）,1,0
转动心思,modern Chinese（1920-2020）,1,0
转动着竹叶双耳,modern Chinese（1920-2020）,1,0
转化,modern Chinese（1920-2020）,0,6
转化为治理效能,modern Chinese（1920-2020）,0,1
转化为激昂高亢的精神力量,modern Chinese（1920-2020）,0,1
转变,modern Chinese（1920-2020）,2,3
转变为创新生态环境的竞争,modern Chinese（1920-2020）,0,1
转变机制、深化改革,modern Chinese（1920-2020）,0,1
转变经济生活,modern Chinese（1920-2020）,0,1
转向,modern Chinese（1920-2020）,1,0
转向以提高本职工作能力为主的岗位职务培训,modern Chinese（1920-2020）,0,1
转向同样重视人力资本投入,modern Chinese（1920-2020）,0,1
转啊转,modern Chinese（1920-2020）,1,0
转圈,modern Chinese（1920-2020）,1,0
转型,modern Chinese（1920-2020）,0,2
转太极图,modern Chinese（1920-2020）,1,0
转弯,modern Chinese（1920-2020）,5,0
转录香港的歌曲,modern Chinese（1920-2020）,1,0
转游,modern Chinese（1920-2020）,1,0
转甚么顽皮的念头,modern Chinese（1920-2020）,1,0
转着,modern Chinese（1920-2020）,2,0
转移,modern Chinese（1920-2020）,2,0
转移到亚洲,modern Chinese（1920-2020）,0,1
转移营地,modern Chinese（1920-2020）,0,1
转身,modern Chinese（1920-2020）,0,2
轰炸平壤,modern Chinese（1920-2020）,0,1
轰炸满浦线,modern Chinese（1920-2020）,0,1
轰炸着共产党的铁路线,modern Chinese（1920-2020）,1,0
轰炸老挝解放区,modern Chinese（1920-2020）,1,0
轰鸣,modern Chinese（1920-2020）,3,0
轻吟,modern Chinese（1920-2020）,1,0
轻蔑他,modern Chinese（1920-2020）,1,0
较劲,modern Chinese（1920-2020）,1,0
较量,modern Chinese（1920-2020）,1,0
辅导孩子们功课,modern Chinese（1920-2020）,0,1
输出更为昂贵的产品,modern Chinese（1920-2020）,0,1
输出自己的创新能力,modern Chinese（1920-2020）,0,1
输液,modern Chinese（1920-2020）,1,0
输液治疗,modern Chinese（1920-2020）,0,1
输血打气,modern Chinese（1920-2020）,1,0
辨别这个情味,modern Chinese（1920-2020）,1,0
辨析那个奇怪的电话,modern Chinese（1920-2020）,1,0
辨认,modern Chinese（1920-2020）,1,0
辨认他眼前的这位自命老朋友的人到底是谁,modern Chinese（1920-2020）,1,0
辩护,modern Chinese（1920-2020）,6,1
辩解,modern Chinese（1920-2020）,3,0
辩论,modern Chinese（1920-2020）,5,1
辩论国民党从抗战转入战后的有关方针政策问题,modern Chinese（1920-2020）,0,1
辩论调整组织机构减少人员方案,modern Chinese（1920-2020）,0,1
边割边拉走,modern Chinese（1920-2020）,1,0
过什么样的日子,modern Chinese（1920-2020）,1,0
过去,modern Chinese（1920-2020）,0,1
过圣诞节,modern Chinese（1920-2020）,1,0
过年,modern Chinese（1920-2020）,2,0
过度着小孩子的心盲目盲的三星期,modern Chinese（1920-2020）,1,0
过日子,modern Chinese（1920-2020）,1,0
过星期天,modern Chinese（1920-2020）,0,1
过来,modern Chinese（1920-2020）,0,1
过痛苦的生活,modern Chinese（1920-2020）,1,0
过着,modern Chinese（1920-2020）,1,0
过着劳苦而不安定的日子,modern Chinese（1920-2020）,1,0
过着天幕生活,modern Chinese（1920-2020）,1,0
过着梦境一般的早春,modern Chinese（1920-2020）,0,1
过着被奴役的非人生活,modern Chinese（1920-2020）,0,1
过着颓废的生活,modern Chinese（1920-2020）,1,0
过节,modern Chinese（1920-2020）,2,0
过问此事,modern Chinese（1920-2020）,1,0
迈向民族复兴,modern Chinese（1920-2020）,0,1
迈向水美,modern Chinese（1920-2020）,0,1
迈向阶段,modern Chinese（1920-2020）,0,1
迈开坚定步伐迎接明年的更大胜利,modern Chinese（1920-2020）,0,1
迈步前进,modern Chinese（1920-2020）,0,1
迈着急步走向富裕之路,modern Chinese（1920-2020）,1,0
迈着步子,modern Chinese（1920-2020）,1,0
迈进,modern Chinese（1920-2020）,1,5
迎人,modern Chinese（1920-2020）,1,0
迎候,modern Chinese（1920-2020）,1,0
迎击着一队轰炸机群,modern Chinese（1920-2020）,0,1
迎头赶上,modern Chinese（1920-2020）,0,1
迎客,modern Chinese（1920-2020）,1,0
迎接八方来客,modern Chinese（1920-2020）,0,1
迎接准备参加第十六届奥林匹克运动会的中国运动员们,modern Chinese（1920-2020）,0,1
迎接咱们,modern Chinese（1920-2020）,1,0
迎来第三次创作高潮,modern Chinese（1920-2020）,0,1
迎着他们,modern Chinese（1920-2020）,1,0
"运
动解放",modern Chinese（1920-2020）,0,1
运作,modern Chinese（1920-2020）,1,0
运到老挝,modern Chinese（1920-2020）,0,1
运到那里,modern Chinese（1920-2020）,0,1
运动,modern Chinese（1920-2020）,1,2
运往欧美发达国家,modern Chinese（1920-2020）,1,0
运料,modern Chinese（1920-2020）,0,1
运来矿区,modern Chinese（1920-2020）,0,1
运用,modern Chinese（1920-2020）,1,0
运用“互联网”思维,modern Chinese（1920-2020）,1,0
运用武力,modern Chinese（1920-2020）,0,1
运用直接法测定单晶体结构问题著书,modern Chinese（1920-2020）,0,1
运笔,modern Chinese（1920-2020）,1,0
运筹着、描绘着这座小城,modern Chinese（1920-2020）,1,0
运粪,modern Chinese（1920-2020）,1,0
运行,modern Chinese（1920-2020）,5,3
运走珍贵财产,modern Chinese（1920-2020）,0,1
运转,modern Chinese（1920-2020）,2,2
运输应用材料等,modern Chinese（1920-2020）,0,1
运输谷物,modern Chinese（1920-2020）,0,1
运送一批枪枝,modern Chinese（1920-2020）,0,1
运送数量可观的坦克、飞机、导弹和军用品,modern Chinese（1920-2020）,0,1
运送武器、军用物资和军事人员,modern Chinese（1920-2020）,0,1
还她的情,modern Chinese（1920-2020）,1,0
还款,modern Chinese（1920-2020）,1,0
进入,modern Chinese（1920-2020）,0,1
进入一个崭新阶段,modern Chinese（1920-2020）,0,1
进入一个新的阶段,modern Chinese（1920-2020）,0,1
进入一个新的，不妨叫做“后工业社会”的时代,modern Chinese（1920-2020）,0,1
进入农村,modern Chinese（1920-2020）,0,1
进入拉尼娜状态,modern Chinese（1920-2020）,1,0
进入每个家庭,modern Chinese（1920-2020）,0,1
进军,modern Chinese（1920-2020）,1,0
进剿,modern Chinese（1920-2020）,1,1
进化,modern Chinese（1920-2020）,1,0
进取和探索,modern Chinese（1920-2020）,1,0
进展,modern Chinese（1920-2020）,0,3
进攻,modern Chinese（1920-2020）,5,0
进攻北京,modern Chinese（1920-2020）,1,0
进攻我们,modern Chinese（1920-2020）,1,0
进攻新加坡,modern Chinese（1920-2020）,1,0
进新学堂,modern Chinese（1920-2020）,1,0
进来,modern Chinese（1920-2020）,1,1
进步,modern Chinese（1920-2020）,10,1
进步着,modern Chinese（1920-2020）,1,0
进港,modern Chinese（1920-2020）,0,1
进牌,modern Chinese（1920-2020）,1,0
进犯,modern Chinese（1920-2020）,0,1
进行,modern Chinese（1920-2020）,43,94
进行“应急准备”,modern Chinese（1920-2020）,1,0
进行“强攻山头”的演习,modern Chinese（1920-2020）,1,0
进行“扫荡”,modern Chinese（1920-2020）,0,1
进行“退二进三”（退出第二产业，进入第三产业）的城市战略转型,modern Chinese（1920-2020）,1,0
进行“非常危险的赌博”,modern Chinese（1920-2020）,1,0
进行一些武思,modern Chinese（1920-2020）,1,0
进行一场仿佛很推心置腹的长谈,modern Chinese（1920-2020）,1,0
进行一场坚决的自我救赎,modern Chinese（1920-2020）,0,1
进行一场紧张的“后卫战”,modern Chinese（1920-2020）,0,1
进行一场足球赛,modern Chinese（1920-2020）,0,1
进行一次伟大的发明创造,modern Chinese（1920-2020）,0,1
进行一次友好和亲善的访问,modern Chinese（1920-2020）,1,0
进行一百一十三项新技术新工艺的科学研究,modern Chinese（1920-2020）,0,1
进行一种策划,modern Chinese（1920-2020）,0,1
进行一系列的工作来消除这些缺点,modern Chinese（1920-2020）,1,0
进行一项工业、农业、电商等多产业融合的发展实践,modern Chinese（1920-2020）,0,1
进行三级排查,modern Chinese（1920-2020）,0,1
进行争取和维护民族独立斗争的,modern Chinese（1920-2020）,1,0
进行争取提前出产拖拉机的生产准备工作,modern Chinese（1920-2020）,0,1
进行交换意见,modern Chinese（1920-2020）,1,0
进行交接,modern Chinese（1920-2020）,1,0
进行交流,modern Chinese（1920-2020）,1,0
进行以县和国营林场为单位的勘测设计,modern Chinese（1920-2020）,0,1
进行会谈,modern Chinese（1920-2020）,0,1
进行伟大的事业,modern Chinese（1920-2020）,0,1
进行位置维持,modern Chinese（1920-2020）,1,0
进行侵略,modern Chinese（1920-2020）,1,0
进行光子计算机研究,modern Chinese（1920-2020）,0,1
进行全面改建,modern Chinese（1920-2020）,0,1
进行全面规划,modern Chinese（1920-2020）,0,1
进行关于引进技术的谈判,modern Chinese（1920-2020）,0,1
进行其军备之扩充,modern Chinese（1920-2020）,2,0
进行军事训练,modern Chinese（1920-2020）,0,1
进行军备竞赛,modern Chinese（1920-2020）,1,0
进行冥想训练,modern Chinese（1920-2020）,1,0
进行分果实,modern Chinese（1920-2020）,0,1
进行刊刻,modern Chinese（1920-2020）,1,0
进行划车比赛,modern Chinese（1920-2020）,0,1
进行创新,modern Chinese（1920-2020）,2,0
进行加工,modern Chinese（1920-2020）,0,1
进行努力,modern Chinese（1920-2020）,1,0
进行化学和细菌战争准备,modern Chinese（1920-2020）,1,0
进行十五万册中文图书的整理工作,modern Chinese（1920-2020）,0,1
进行卓有成效的经济、技术和劳务合作,modern Chinese（1920-2020）,0,1
进行危险的政治赌博,modern Chinese（1920-2020）,0,1
进行历史上最大的加强军事力量的工作,modern Chinese（1920-2020）,0,1
进行反击,modern Chinese（1920-2020）,1,0
进行反帝抗议运动,modern Chinese（1920-2020）,1,0
进行反帝的斗争,modern Chinese（1920-2020）,1,0
进行反法宣传,modern Chinese（1920-2020）,1,0
进行合作,modern Chinese（1920-2020）,0,1
进行周五聚礼,modern Chinese（1920-2020）,1,0
进行周密的准备,modern Chinese（1920-2020）,0,1
进行和平建设,modern Chinese（1920-2020）,0,1
进行哲理性的对话,modern Chinese（1920-2020）,1,0
进行商议,modern Chinese（1920-2020）,1,0
进行地下核试验,modern Chinese（1920-2020）,1,0
进行坚决的战斗,modern Chinese（1920-2020）,0,1
进行坚决的斗争,modern Chinese（1920-2020）,0,1
进行坚持不渝的努力,modern Chinese（1920-2020）,1,0
进行城市化,modern Chinese（1920-2020）,0,1
进行复员,modern Chinese（1920-2020）,0,1
进行复查工作,modern Chinese（1920-2020）,0,1
进行复校建校工作,modern Chinese（1920-2020）,0,1
进行夏收预分工作,modern Chinese（1920-2020）,0,1
进行大战,modern Chinese（1920-2020）,1,0
进行大规模建设,modern Chinese（1920-2020）,0,1
进行大逮捕,modern Chinese（1920-2020）,1,0
进行太阳能发电系统的最后安装工作,modern Chinese（1920-2020）,0,1
进行威胁,modern Chinese（1920-2020）,1,0
进行审判,modern Chinese（1920-2020）,0,1
进行审问,modern Chinese（1920-2020）,1,0
进行对焦微调,modern Chinese（1920-2020）,1,0
进行尖锐的、率直的批评,modern Chinese（1920-2020）,0,1
进行广泛的活动 ,modern Chinese（1920-2020）,0,1
进行康复按摩,modern Chinese（1920-2020）,0,1
进行建立新的大水电厂,modern Chinese（1920-2020）,1,0
进行建设,modern Chinese（1920-2020）,1,0
进行思想、技术、管理、工作作风和工作方法革命,modern Chinese（1920-2020）,0,1
进行思考,modern Chinese（1920-2020）,1,0
进行恢复改建,modern Chinese（1920-2020）,0,1
进行恢复训练,modern Chinese（1920-2020）,0,1
进行战争,modern Chinese（1920-2020）,1,0
进行战争叫嚣,modern Chinese（1920-2020）,1,0
进行战争煽动和宣传,modern Chinese（1920-2020）,1,0
进行战斗,modern Chinese（1920-2020）,2,0
进行手术,modern Chinese（1920-2020）,0,1
进行打扫工作,modern Chinese（1920-2020）,1,0
进行扩军备战,modern Chinese（1920-2020）,0,1
进行扩建,modern Chinese（1920-2020）,0,1
进行技术改造,modern Chinese（1920-2020）,1,1
进行抗震救灾工作,modern Chinese（1920-2020）,0,1
进行抢救,modern Chinese（1920-2020）,0,1
进行招投标,modern Chinese（1920-2020）,0,1
进行拱顶施工,modern Chinese（1920-2020）,0,1
进行挑选遗象的工作,modern Chinese（1920-2020）,1,0
进行排水工作,modern Chinese（1920-2020）,1,0
进行探索,modern Chinese（1920-2020）,2,0
进行搏斗,modern Chinese（1920-2020）,1,1
进行播种育秧,modern Chinese（1920-2020）,0,1
进行操作,modern Chinese（1920-2020）,1,0
进行改良以期培养出新品种,modern Chinese（1920-2020）,0,1
进行改造,modern Chinese（1920-2020）,1,0
进行改革,modern Chinese（1920-2020）,0,1
进行政治体制改革,modern Chinese（1920-2020）,1,0
进行数据统计,modern Chinese（1920-2020）,1,0
进行整体调试,modern Chinese（1920-2020）,0,1
进行斗争,modern Chinese（1920-2020）,0,4
进行春耕准备工作,modern Chinese（1920-2020）,0,1
进行普查,modern Chinese（1920-2020）,0,1
进行更加先进的无线电数码传递试验,modern Chinese（1920-2020）,1,0
进行最后的谈判,modern Chinese（1920-2020）,0,1
进行有力的斗争,modern Chinese（1920-2020）,0,1
进行核查,modern Chinese（1920-2020）,0,1
进行检修清洗,modern Chinese（1920-2020）,0,1
进行检查、总结工作,modern Chinese（1920-2020）,0,1
进行检查和修补食用菌和毒菌,modern Chinese（1920-2020）,0,1
进行检验检疫,modern Chinese（1920-2020）,0,1
进行欺骗和麻痹,modern Chinese（1920-2020）,1,0
进行武装攻击,modern Chinese（1920-2020）,0,1
进行歪曲和撒谎,modern Chinese（1920-2020）,1,0
进行死亡大殡改,modern Chinese（1920-2020）,0,1
进行殊死搏斗,modern Chinese（1920-2020）,0,1
进行残酷的进攻,modern Chinese（1920-2020）,0,1
进行每周一次的教师工作抽查,modern Chinese（1920-2020）,1,0
进行比赛或练球,modern Chinese（1920-2020）,1,0
进行民主改革,modern Chinese（1920-2020）,0,1
进行深入系统的调查研究,modern Chinese（1920-2020）,0,1
进行深入评审,modern Chinese（1920-2020）,0,1
进行深犁,modern Chinese（1920-2020）,1,0
进行热烈讨论,modern Chinese（1920-2020）,1,0
进行爱国主义歌咏比赛,modern Chinese（1920-2020）,0,1
进行猖狂的武装侵略和阴谋颠覆活动,modern Chinese（1920-2020）,0,1
进行猖狂的活动,modern Chinese（1920-2020）,1,0
进行生产,modern Chinese（1920-2020）,1,0
进行生死搏斗,modern Chinese（1920-2020）,0,1
进行疯狂的扫荡,modern Chinese（1920-2020）,1,0
进行着,modern Chinese（1920-2020）,13,5
进行着一场什么样的战斗,modern Chinese（1920-2020）,1,0
进行着一系列积极应对,modern Chinese（1920-2020）,0,1
进行着以阻滞中国各个部分的解放,modern Chinese（1920-2020）,0,1
进行着决定性的战斗,modern Chinese（1920-2020）,0,1
进行着决死战斗,modern Chinese（1920-2020）,0,1
进行着十分紧张、十分剧烈的活动,modern Chinese（1920-2020）,0,1
进行着反对帝国主义的压迫和剥削的斗争,modern Chinese（1920-2020）,0,1
进行着各种电脑用品的交易,modern Chinese（1920-2020）,1,0
进行着各种约会,modern Chinese（1920-2020）,1,0
进行着同一个推测,modern Chinese（1920-2020）,1,0
进行着向四个现代化进军的伟大的新长征,modern Chinese（1920-2020）,0,1
进行着国家建设,modern Chinese（1920-2020）,1,0
进行着坚决的斗争,modern Chinese（1920-2020）,0,1
进行着复杂的运动,modern Chinese（1920-2020）,1,0
进行着大规模的经济建设,modern Chinese（1920-2020）,0,1
进行着征服沙漠的伟大的斗争,modern Chinese（1920-2020）,1,0
进行着忘我的斗争,modern Chinese（1920-2020）,0,1
进行着战线广阔的激烈战斗,modern Chinese（1920-2020）,1,1
进行着斗争,modern Chinese（1920-2020）,0,1
进行着激烈的战争,modern Chinese（1920-2020）,0,1
进行着激烈的战斗,modern Chinese（1920-2020）,0,1
进行着紧张的思维活动,modern Chinese（1920-2020）,1,0
进行着肉搏战,modern Chinese（1920-2020）,0,1
进行着艰苦的斗争,modern Chinese（1920-2020）,1,0
进行着英勇的斗争,modern Chinese（1920-2020）,0,1
进行着英勇的斗争 ,modern Chinese（1920-2020）,0,1
进行着血肉的搏斗,modern Chinese（1920-2020）,0,1
进行研究,modern Chinese（1920-2020）,2,4
进行破坏,modern Chinese（1920-2020）,0,1
进行社会主义建设,modern Chinese（1920-2020）,2,2
进行社会主义建设的中国人民和政府,modern Chinese（1920-2020）,0,1
进行社会主义建设的国家,modern Chinese（1920-2020）,0,1
进行积极认真的准备,modern Chinese（1920-2020）,0,1
进行稻谷脱粒,modern Chinese（1920-2020）,1,0
进行第三届世界互联网大会新媒体发展论坛,modern Chinese（1920-2020）,0,1
进行第二期资金募集,modern Chinese（1920-2020）,0,1
进行筹备,modern Chinese（1920-2020）,0,1
进行筹备工作,modern Chinese（1920-2020）,0,1
进行紧张接触和商讨,modern Chinese（1920-2020）,0,1
进行紧张的斗争,modern Chinese（1920-2020）,0,1
进行紧张的混凝土浇铸,modern Chinese（1920-2020）,0,1
进行经济改革和建设,modern Chinese（1920-2020）,1,0
进行维修施工,modern Chinese（1920-2020）,0,1
进行联运工作,modern Chinese（1920-2020）,0,1
进行艰苦斗争,modern Chinese（1920-2020）,0,1
进行英勇机智斗争,modern Chinese（1920-2020）,0,1
进行裁决,modern Chinese（1920-2020）,1,0
进行装修,modern Chinese（1920-2020）,0,1
进行西藏部分河流的踏勘工作,modern Chinese（1920-2020）,0,1
进行观测和研究,modern Chinese（1920-2020）,0,1
进行角力,modern Chinese（1920-2020）,1,0
进行讨论蒙古人民共和国和日本申请加入联合国的问题,modern Chinese（1920-2020）,1,0
进行许多基本建设,modern Chinese（1920-2020）,0,1
进行设备的安装和搭建,modern Chinese（1920-2020）,0,1
进行设计,modern Chinese（1920-2020）,0,1
进行评议,modern Chinese（1920-2020）,1,0
进行试点,modern Chinese（1920-2020）,0,1
进行试验,modern Chinese（1920-2020）,1,0
进行诗朗诵,modern Chinese（1920-2020）,0,2
进行调整,modern Chinese（1920-2020）,1,1
进行调整商业网和零售点的工作,modern Chinese（1920-2020）,1,0
进行调查,modern Chinese（1920-2020）,0,1
进行调研,modern Chinese（1920-2020）,0,1
进行越海登陆作战大演习,modern Chinese（1920-2020）,0,1
进行趣味夹球跑比赛,modern Chinese（1920-2020）,1,0
进行足球比赛,modern Chinese（1920-2020）,0,1
进行追踪侦察,modern Chinese（1920-2020）,0,1
进行造林准备,modern Chinese（1920-2020）,0,1
进行那莱哈煤矿主井的建设工作,modern Chinese（1920-2020）,0,1
进行酒精含量检查,modern Chinese（1920-2020）,0,1
进行鉴定,modern Chinese（1920-2020）,0,1
进行钳形运动,modern Chinese（1920-2020）,0,1
进行错综复杂的重新组合,modern Chinese（1920-2020）,0,1
进行防旱抗旱,modern Chinese（1920-2020）,0,1
进行除雪作业,modern Chinese（1920-2020）,1,0
进行难度最大的莲花瓣最后安装操作,modern Chinese（1920-2020）,0,1
进行革命斗争,modern Chinese（1920-2020）,1,0
进行革新开放,modern Chinese（1920-2020）,0,1
进行预分,modern Chinese（1920-2020）,0,1
进行颠覆活动,modern Chinese（1920-2020）,1,0
进进出出,modern Chinese（1920-2020）,2,0
进退不得,modern Chinese（1920-2020）,0,1
进退两难,modern Chinese（1920-2020）,0,1
进餐,modern Chinese（1920-2020）,0,1
远去,modern Chinese（1920-2020）,0,2
远眺喷水山奇景,modern Chinese（1920-2020）,0,1
远离父亲生前对他的要求,modern Chinese（1920-2020）,1,0
违反常识,modern Chinese（1920-2020）,1,0
违背时代潮流,modern Chinese（1920-2020）,1,0
连通着,modern Chinese（1920-2020）,1,0
迟疑,modern Chinese（1920-2020）,5,0
迟疑着,modern Chinese（1920-2020）,0,1
迟迟疑疑,modern Chinese（1920-2020）,1,0
迫害剧作家和科学家,modern Chinese（1920-2020）,1,0
迫害印度尼西亚共产党人和印度尼西亚其他爱国进步力量,modern Chinese（1920-2020）,1,0
迫近,modern Chinese（1920-2020）,1,2
述说一个动人的故事,modern Chinese（1920-2020）,1,0
述说她们村子上一个人变狼的荒唐的故事,modern Chinese（1920-2020）,0,1
述说她的心事,modern Chinese（1920-2020）,1,0
述说自己风雪中的童年,modern Chinese（1920-2020）,1,0
述说里峪工作的顺利,modern Chinese（1920-2020）,1,0
迷惑我们,modern Chinese（1920-2020）,1,0
迷着那个,modern Chinese（1920-2020）,1,0
迷路,modern Chinese（1920-2020）,3,0
追他,modern Chinese（1920-2020）,1,0
追他们,modern Chinese（1920-2020）,0,1
追你,modern Chinese（1920-2020）,4,0
追击,modern Chinese（1920-2020）,0,1
追剿张敬轩和罗汝才,modern Chinese（1920-2020）,0,1
追呼,modern Chinese（1920-2020）,0,1
追她,modern Chinese（1920-2020）,2,0
追寻,modern Chinese（1920-2020）,1,0
追寻一个个埋藏在沙漠中的文化之谜,modern Chinese（1920-2020）,1,0
追寻司法公正,modern Chinese（1920-2020）,1,0
追忆刚才和李玉亭的讨论,modern Chinese（1920-2020）,1,0
追忆和辨认,modern Chinese（1920-2020）,1,0
追忆当年的艰辛生活,modern Chinese（1920-2020）,1,0
追忆当时的情景,modern Chinese（1920-2020）,2,0
追忆往年的情景,modern Chinese（1920-2020）,1,0
追忆梦中情景,modern Chinese（1920-2020）,1,0
追忆着往事,modern Chinese（1920-2020）,1,0
追悔自己刚才说了冒失话,modern Chinese（1920-2020）,1,0
追想,modern Chinese（1920-2020）,1,0
追想着自己的上苑,modern Chinese（1920-2020）,1,0
追想过去了的黄金时代,modern Chinese（1920-2020）,1,0
追我,modern Chinese（1920-2020）,1,0
追捕人,modern Chinese（1920-2020）,1,0
追杀官兵,modern Chinese（1920-2020）,0,1
追杀溃散的敌人,modern Chinese（1920-2020）,0,1
追查,modern Chinese（1920-2020）,0,1
追求,modern Chinese（1920-2020）,2,0
追求‘效用最小化’,modern Chinese（1920-2020）,1,0
追求一种与歌词的意境相吻合的表达方式,modern Chinese（1920-2020）,1,0
追求一种高质量的生活,modern Chinese（1920-2020）,1,0
追求他们黑甜乡的滋味,modern Chinese（1920-2020）,1,0
追求你,modern Chinese（1920-2020）,1,0
追求另一种境界,modern Chinese（1920-2020）,1,0
追求我,modern Chinese（1920-2020）,1,0
追求新的战争,modern Chinese（1920-2020）,0,1
追求着各种不同的新的创造,modern Chinese（1920-2020）,1,0
追求着这欲灭不灭的幻美,modern Chinese（1920-2020）,1,0
追求着陈浩如,modern Chinese（1920-2020）,1,0
追求美和善,modern Chinese（1920-2020）,1,0
追求自由,modern Chinese（1920-2020）,1,0
追求这个姑娘,modern Chinese（1920-2020）,1,0
追省,modern Chinese（1920-2020）,1,0
追着他,modern Chinese（1920-2020）,1,0
追着她,modern Chinese（1920-2020）,1,0
追究这个问题,modern Chinese（1920-2020）,1,0
追赶,modern Chinese（1920-2020）,5,5
追赶“申花”,modern Chinese（1920-2020）,0,1
追赶一只雪白雪白的像鸽子那样大的一只小鸟,modern Chinese（1920-2020）,0,1
追赶世界,modern Chinese（1920-2020）,0,1
追赶他,modern Chinese（1920-2020）,1,0
追赶我,modern Chinese（1920-2020）,1,0
追赶才死掉的三个逃跑的敌人侦探,modern Chinese（1920-2020）,0,1
追赶着前一句的回声,modern Chinese（1920-2020）,1,0
追赶着老百姓,modern Chinese（1920-2020）,1,0
追追求一个人,modern Chinese（1920-2020）,0,1
追逐一个幻想,modern Chinese（1920-2020）,1,0
追逐下一个“风口”,modern Chinese（1920-2020）,1,0
追逐他们,modern Chinese（1920-2020）,1,0
追逐嬉戏,modern Chinese（1920-2020）,0,1
追逐着人群,modern Chinese（1920-2020）,1,0
追逐那清皎的少女星的光景,modern Chinese（1920-2020）,1,0
追逐食物,modern Chinese（1920-2020）,0,1
追逼,modern Chinese（1920-2020）,1,0
追问,modern Chinese（1920-2020）,3,0
追问他,modern Chinese（1920-2020）,1,0
追随俄国作为这次不结盟国家和政府首脑会议的东道国古巴和作为东道国领导人,modern Chinese（1920-2020）,0,1
追随她,modern Chinese（1920-2020）,1,0
退,modern Chinese（1920-2020）,4,0
退下来,modern Chinese（1920-2020）,0,1
退出历史舞台,modern Chinese（1920-2020）,0,1
退却,modern Chinese（1920-2020）,1,0
退去,modern Chinese（1920-2020）,1,1
退场,modern Chinese（1920-2020）,0,1
退步,modern Chinese（1920-2020）,2,0
退缩,modern Chinese（1920-2020）,1,0
退走,modern Chinese（1920-2020）,1,1
送信,modern Chinese（1920-2020）,1,0
送别她底将出发到战场上去的情人,modern Chinese（1920-2020）,1,0
送到收购站卖给国家,modern Chinese（1920-2020）,1,0
送来,modern Chinese（1920-2020）,1,0
送穷,modern Chinese（1920-2020）,1,0
送饭,modern Chinese（1920-2020）,0,1
适应和熟悉增值税,modern Chinese（1920-2020）,0,1
适应正常重力,modern Chinese（1920-2020）,0,1
适应沙漠的日子,modern Chinese（1920-2020）,1,0
适应突来的亮光,modern Chinese（1920-2020）,1,0
适应这个新的现实,modern Chinese（1920-2020）,1,0
逃,modern Chinese（1920-2020）,3,0
逃命,modern Chinese（1920-2020）,0,1
逃奔,modern Chinese（1920-2020）,1,0
逃离,modern Chinese（1920-2020）,0,1
逃跑,modern Chinese（1920-2020）,1,1
逃跑着,modern Chinese（1920-2020）,1,0
逃避,modern Chinese（1920-2020）,3,0
逃避什么,modern Chinese（1920-2020）,1,0
逃避他,modern Chinese（1920-2020）,1,0
逃避现实,modern Chinese（1920-2020）,2,0
逃避责任,modern Chinese（1920-2020）,1,0
逃难,modern Chinese（1920-2020）,2,0
逆潮流而行,modern Chinese（1920-2020）,1,0
选择冬笋,modern Chinese（1920-2020）,1,0
选择和世界上最先锋的艺术家进行合作,modern Chinese（1920-2020）,1,0
选择生活,modern Chinese（1920-2020）,2,0
选购新帽子,modern Chinese（1920-2020）,0,1
选食堂的炊事员和管理员,modern Chinese（1920-2020）,1,0
透一口大气,modern Chinese（1920-2020）,0,1
透露着东拉西扯,modern Chinese（1920-2020）,1,0
逗人家玩儿,modern Chinese（1920-2020）,1,0
逗夭夭,modern Chinese（1920-2020）,1,0
逗着他玩玩,modern Chinese（1920-2020）,1,0
逗着孩子推笑,modern Chinese（1920-2020）,0,1
逗着那个小外甥儿玩,modern Chinese（1920-2020）,1,0
逗趣,modern Chinese（1920-2020）,1,0
通信,modern Chinese（1920-2020）,1,0
通往不同方向的三岔路口踌躇不前难以抉择,modern Chinese（1920-2020）,1,0
通报,modern Chinese（1920-2020）,0,2
通知,modern Chinese（1920-2020）,1,0
通缉一个北方口音的瘸子,modern Chinese（1920-2020）,0,1
通缉刘招华,modern Chinese（1920-2020）,1,0
通过,modern Chinese（1920-2020）,1,0
通过视界的高Way,modern Chinese（1920-2020）,0,1
逛,modern Chinese（1920-2020）,1,0
逝去,modern Chinese（1920-2020）,1,0
逞凶,modern Chinese（1920-2020）,0,1
造产,modern Chinese（1920-2020）,0,1
造就一种和谐,modern Chinese（1920-2020）,1,0
造就健全完美的人,modern Chinese（1920-2020）,0,1
造成加勒比海区域的紧张局势,modern Chinese（1920-2020）,0,1
造成新的浪费,modern Chinese（1920-2020）,1,0
造成普遍富裕的差别富裕,modern Chinese（1920-2020）,0,1
造成环境的污染,modern Chinese（1920-2020）,1,0
造福人民,modern Chinese（1920-2020）,0,1
造谣,modern Chinese（1920-2020）,2,0
造饭,modern Chinese（1920-2020）,0,1
逮捕民主军战士的家属,modern Chinese（1920-2020）,0,1
逼人,modern Chinese（1920-2020）,1,0
逼仓,modern Chinese（1920-2020）,1,0
逼你,modern Chinese（1920-2020）,1,0
逼她,modern Chinese（1920-2020）,1,0
逼宫,modern Chinese（1920-2020）,1,0
逼琴,modern Chinese（1920-2020）,1,0
逼近,modern Chinese（1920-2020）,0,8
逼迫着我,modern Chinese（1920-2020）,2,0
逼问,modern Chinese（1920-2020）,1,0
遇到严重的补给问题,modern Chinese（1920-2020）,0,1
道晚安,modern Chinese（1920-2020）,1,0
道歉,modern Chinese（1920-2020）,1,0
遛狗,modern Chinese（1920-2020）,2,0
遣将调兵,modern Chinese（1920-2020）,1,0
遨游,modern Chinese（1920-2020）,1,0
遭劫,modern Chinese（1920-2020）,1,0
遭受冲击和抵抗,modern Chinese（1920-2020）,0,1
遭受劫难的祖国之恋,modern Chinese（1920-2020）,0,1
遭受极其悲惨的饥荒,modern Chinese（1920-2020）,0,1
遭受灾难,modern Chinese（1920-2020）,0,1
遭受疯狂的爆炸,modern Chinese（1920-2020）,0,1
遭受痛苦,modern Chinese（1920-2020）,0,1
遭受着帝国主义者的武装进攻,modern Chinese（1920-2020）,0,1
遭受着战争摧残,modern Chinese（1920-2020）,0,1
遭受破坏,modern Chinese（1920-2020）,0,1
遭受苦难,modern Chinese（1920-2020）,0,1
遭受轰炸,modern Chinese（1920-2020）,1,0
遭受霸权主义和新殖民主义之害,modern Chinese（1920-2020）,0,1
遭灾,modern Chinese（1920-2020）,1,0
遭难,modern Chinese（1920-2020）,3,0
遮盖大腿,modern Chinese（1920-2020）,1,0
遴选干员充任,modern Chinese（1920-2020）,0,1
遴选项目,modern Chinese（1920-2020）,0,1
遵守核查协议,modern Chinese（1920-2020）,0,1
遵守着,modern Chinese（1920-2020）,1,0
遵守配额,modern Chinese（1920-2020）,1,0
遵循着,modern Chinese（1920-2020）,0,1
"遵照国府规定之制度改
组",modern Chinese（1920-2020）,0,1
避免与日本交战,modern Chinese（1920-2020）,1,0
避免同印度入侵部队发生冲突,modern Chinese（1920-2020）,1,0
避开他,modern Chinese（1920-2020）,1,0
避战,modern Chinese（1920-2020）,1,0
避着我,modern Chinese（1920-2020）,1,0
邀请,modern Chinese（1920-2020）,1,0
邀请他们跳舞,modern Chinese（1920-2020）,1,0
邀请他去总部面试,modern Chinese（1920-2020）,1,0
邀请已经住在杭州多年的黄宾虹回到学校,modern Chinese（1920-2020）,1,0
郁闷,modern Chinese（1920-2020）,1,0
部署,modern Chinese（1920-2020）,1,1
部署、执行屠杀任务,modern Chinese（1920-2020）,0,1
部署第四代的洲际弹道导弹,modern Chinese（1920-2020）,1,0
鄙夷他,modern Chinese（1920-2020）,1,0
配合你,modern Chinese（1920-2020）,1,0
配建,modern Chinese（1920-2020）,0,1
酝酿,modern Chinese（1920-2020）,5,3
酝酿一个政治解决的方案,modern Chinese（1920-2020）,0,1
酝酿一次朝鲜式的战争,modern Chinese（1920-2020）,0,1
酝酿一系列贸易保护法案,modern Chinese（1920-2020）,1,0
酝酿什么新的人生计划,modern Chinese（1920-2020）,1,0
酝酿别人为代表候选人,modern Chinese（1920-2020）,1,0
酝酿北大西洋集团垮台后自立门户,modern Chinese（1920-2020）,1,0
酝酿和发展,modern Chinese（1920-2020）,1,0
酝酿响应支援,modern Chinese（1920-2020）,1,0
酝酿巨变,modern Chinese（1920-2020）,0,1
酝酿庇护印度侵略的新丑剧,modern Chinese（1920-2020）,1,0
酝酿成立全美武术协会,modern Chinese（1920-2020）,1,0
酝酿成立学生自治会,modern Chinese（1920-2020）,1,0
酝酿成立统一的学联,modern Chinese（1920-2020）,0,1
酝酿战争,modern Chinese（1920-2020）,1,0
酝酿支援惨遭火灾的工人的斗争,modern Chinese（1920-2020）,1,0
酝酿新的斗争,modern Chinese（1920-2020）,1,0
酝酿着,modern Chinese（1920-2020）,0,1
酝酿着一场深刻的痛苦,modern Chinese（1920-2020）,0,1
"酝酿着以激烈的行动压
制劳工",modern Chinese（1920-2020）,0,1
酝酿着成因和结果,modern Chinese（1920-2020）,1,0
酝酿着执行伟大的第一个五年计划,modern Chinese（1920-2020）,0,1
酝酿着政治风暴,modern Chinese（1920-2020）,0,1
酝酿着新的高潮,modern Chinese（1920-2020）,0,1
酝酿着的反人民战争,modern Chinese（1920-2020）,0,1
酝酿转向经营,modern Chinese（1920-2020）,1,0
酝酿近期给职工普调工资,modern Chinese（1920-2020）,0,1
酝酿采取必要反报复措施,modern Chinese（1920-2020）,0,1
酝酿革命,modern Chinese（1920-2020）,0,1
酣睡,modern Chinese（1920-2020）,1,6
酣睡着,modern Chinese（1920-2020）,1,1
醒着,modern Chinese（1920-2020）,1,0
采伐木材,modern Chinese（1920-2020）,0,1
采写,modern Chinese（1920-2020）,1,0
采取,modern Chinese（1920-2020）,0,3
采取“抓两头带中间”的办法,modern Chinese（1920-2020）,0,1
采取一切办法,modern Chinese（1920-2020）,0,1
采取一切措施歼灭市内的三股非法武装分子,modern Chinese（1920-2020）,0,1
采取一系列措施,modern Chinese（1920-2020）,0,1
采取不利于共同市场、集团，特别是不利于比利时的提高对进口地毯和玻璃器皿的关税的措施,modern Chinese（1920-2020）,1,0
采取各种办法迎接即将到来的节日,modern Chinese（1920-2020）,0,1
采取各种形式捂盖子,modern Chinese（1920-2020）,1,0
采取各种措施来发展畜牧业生产,modern Chinese（1920-2020）,0,1
采取各种策略,modern Chinese（1920-2020）,0,1
采取应急措施,modern Chinese（1920-2020）,0,1
采取措施,modern Chinese（1920-2020）,0,3
采取措施大力改善投资环境吸引外来投资,modern Chinese（1920-2020）,0,1
采取措施推动经济增长向消费驱动转变,modern Chinese（1920-2020）,0,1
采取措施积极加以解决,modern Chinese（1920-2020）,0,2
采取措施纠正这个缺点,modern Chinese（1920-2020）,0,1
采取措施解决,modern Chinese（1920-2020）,0,1
采取措施降低,modern Chinese（1920-2020）,0,1
采取有效措施加快工程的收尾工作,modern Chinese（1920-2020）,0,1
采取组织动员的措施,modern Chinese（1920-2020）,0,1
采取行动,modern Chinese（1920-2020）,0,1
采取防暑降温的措施,modern Chinese（1920-2020）,0,1
采叶,modern Chinese（1920-2020）,0,1
采摘新茶,modern Chinese（1920-2020）,1,0
采用铁托集团在管理和领导经济中的经验,modern Chinese（1920-2020）,1,0
采购油盐,modern Chinese（1920-2020）,0,1
释放出现代观念的热能,modern Chinese（1920-2020）,1,0
重修,modern Chinese（1920-2020）,0,1
重写他的《知识论》,modern Chinese（1920-2020）,1,0
重塑传统生产链,modern Chinese（1920-2020）,0,1
重复妈妈最后的话,modern Chinese（1920-2020）,1,0
重复着一句话,modern Chinese（1920-2020）,1,0
重复过去当苏联同南斯拉夫关系不好的时候曾经风行一时的那些对苏联的攻击,modern Chinese（1920-2020）,1,0
重建,modern Chinese（1920-2020）,2,1
重建被以色列军队爆破的铁路,modern Chinese（1920-2020）,0,1
重排,modern Chinese（1920-2020）,0,1
重播欧洲杯半决赛,modern Chinese（1920-2020）,0,1
重播绿叶集团的广告,modern Chinese（1920-2020）,0,1
重整军备,modern Chinese（1920-2020）,1,0
重新架设大炮,modern Chinese（1920-2020）,0,1
重温几分钟前的恐怖,modern Chinese（1920-2020）,1,0
重演当年我领她上舰的情景,modern Chinese（1920-2020）,1,0
重返家园,modern Chinese（1920-2020）,0,1
量米,modern Chinese（1920-2020）,1,0
量那条石头墙,modern Chinese（1920-2020）,1,0
鉴赏自己,modern Chinese（1920-2020）,1,0
针对当时的画坛,modern Chinese（1920-2020）,1,0
钉,modern Chinese（1920-2020）,0,1
钉扣子,modern Chinese（1920-2020）,1,0
钓鱼,modern Chinese（1920-2020）,1,0
钻,modern Chinese（1920-2020）,1,0
钻他的心,modern Chinese（1920-2020）,1,0
钻研,modern Chinese（1920-2020）,0,1
钻研改进他的许多杰出的节目,modern Chinese（1920-2020）,1,0
钻进炸弹坑里去,modern Chinese（1920-2020）,0,1
铡草,modern Chinese（1920-2020）,1,0
铺去,modern Chinese（1920-2020）,1,0
铺展过去,modern Chinese（1920-2020）,0,1
铺平道路,modern Chinese（1920-2020）,1,0
铺床,modern Chinese（1920-2020）,1,1
铺张浪费突击花钱,modern Chinese（1920-2020）,2,0
铺撒下来,modern Chinese（1920-2020）,0,1
铺筑,modern Chinese（1920-2020）,1,0
铺设一条通到新西伯利亚城的输油管,modern Chinese（1920-2020）,1,0
铺设地下管线,modern Chinese（1920-2020）,1,0
铺设地膜,modern Chinese（1920-2020）,1,0
锁门,modern Chinese（1920-2020）,1,0
锄他的地,modern Chinese（1920-2020）,1,0
锄地,modern Chinese（1920-2020）,0,2
锄自留地,modern Chinese（1920-2020）,0,1
锄草,modern Chinese（1920-2020）,1,0
错怪老三,modern Chinese（1920-2020）,1,0
锤击着一小撮紧紧依靠钱袋生活的寄生虫底头,modern Chinese（1920-2020）,0,1
锤炼着他们更刚毅更坚韧的意志,modern Chinese（1920-2020）,1,0
锤炼着艺术工作者本身,modern Chinese（1920-2020）,1,0
锥她,modern Chinese（1920-2020）,1,0
锥针抽麻线,modern Chinese（1920-2020）,0,1
锯伐枝条,modern Chinese（1920-2020）,1,0
镇压刚果人民,modern Chinese（1920-2020）,1,0
镇压阿富汗人,modern Chinese（1920-2020）,0,1
镇静,modern Chinese（1920-2020）,1,0
长,modern Chinese（1920-2020）,2,1
长出来,modern Chinese（1920-2020）,0,1
长劲,modern Chinese（1920-2020）,2,0
长啸于黑白世界,modern Chinese（1920-2020）,0,1
长嗟短叹,modern Chinese（1920-2020）,1,0
长大,modern Chinese（1920-2020）,4,1
长毛,modern Chinese（1920-2020）,1,0
长身体,modern Chinese（1920-2020）,0,2
长高,modern Chinese（1920-2020）,1,0
闪,modern Chinese（1920-2020）,1,0
闪亮,modern Chinese（1920-2020）,3,0
闪光,modern Chinese（1920-2020）,5,0
闪动,modern Chinese（1920-2020）,8,0
闪动着金光,modern Chinese（1920-2020）,2,0
闪合,modern Chinese（1920-2020）,1,0
闪烁,modern Chinese（1920-2020）,6,0
闪烁着光亮,modern Chinese（1920-2020）,1,0
闪着,modern Chinese（1920-2020）,1,0
闪着一串串的火光,modern Chinese（1920-2020）,1,0
闪着光柱,modern Chinese（1920-2020）,1,0
闪着跳动着,modern Chinese（1920-2020）,1,0
闪耀,modern Chinese（1920-2020）,2,0
闪跳,modern Chinese（1920-2020）,1,0
闪闪发光,modern Chinese（1920-2020）,2,0
闭目凝思着,modern Chinese（1920-2020）,0,1
闭着眼睛,modern Chinese（1920-2020）,1,0
问,modern Chinese（1920-2020）,42,0
问一个老同学,modern Chinese（1920-2020）,1,0
问三爹这几天怎么没来,modern Chinese（1920-2020）,1,0
问什么,modern Chinese（1920-2020）,1,0
问他,modern Chinese（1920-2020）,2,0
问他的话,modern Chinese（1920-2020）,1,0
问你,modern Chinese（1920-2020）,9,0
问你的工资关系转过来没有,modern Chinese（1920-2020）,1,0
问你知不知道,modern Chinese（1920-2020）,1,0
问你话,modern Chinese（1920-2020）,1,0
问保润的近况,modern Chinese（1920-2020）,1,0
问候,modern Chinese（1920-2020）,1,0
问候什么,modern Chinese（1920-2020）,2,0
问候我,modern Chinese（1920-2020）,1,0
问同一个问题,modern Chinese（1920-2020）,1,0
问大濂来信没有,modern Chinese（1920-2020）,1,0
问宋思明的情况,modern Chinese（1920-2020）,1,0
问我什么,modern Chinese（1920-2020）,1,0
问柳若松,modern Chinese（1920-2020）,0,1
问欢欢,modern Chinese（1920-2020）,1,0
问病,modern Chinese（1920-2020）,1,0
问着,modern Chinese（1920-2020）,1,0
问着什么,modern Chinese（1920-2020）,1,0
问着自己,modern Chinese（1920-2020）,2,0
问给狗“那轻薄男子还不值得叫”,modern Chinese（1920-2020）,1,0
问自己,modern Chinese（1920-2020）,7,0
问荷西,modern Chinese（1920-2020）,1,0
问询染思成和林徽因的住处,modern Chinese（1920-2020）,0,1
问谁,modern Chinese（1920-2020）,1,0
问起你,modern Chinese（1920-2020）,1,0
问这个问题,modern Chinese（1920-2020）,1,0
问这问那,modern Chinese（1920-2020）,1,0
问那个下跪求爱者,modern Chinese（1920-2020）,1,0
问那个岁的自己,modern Chinese（1920-2020）,1,0
问长问短,modern Chinese（1920-2020）,0,1
问问题,modern Chinese（1920-2020）,1,0
问青青,modern Chinese（1920-2020）,1,0
问高福,modern Chinese（1920-2020）,1,0
闲唠喀,modern Chinese（1920-2020）,1,0
闲着逛荡,modern Chinese（1920-2020）,1,0
闲谈,modern Chinese（1920-2020）,2,3
闲谈着湖广和四川等地的战争消息,modern Chinese（1920-2020）,1,0
闹,modern Chinese（1920-2020）,3,1
闹三角恋爱,modern Chinese（1920-2020）,1,0
闹事,modern Chinese（1920-2020）,1,0
闹什么急性传染病,modern Chinese（1920-2020）,1,0
闹什么情绪,modern Chinese（1920-2020）,0,1
闹伤寒,modern Chinese（1920-2020）,0,1
闹伤风,modern Chinese（1920-2020）,0,1
闹党争,modern Chinese（1920-2020）,2,0
闹别扭,modern Chinese（1920-2020）,1,0
闹思想,modern Chinese（1920-2020）,1,0
闹意见,modern Chinese（1920-2020）,1,0
闹房,modern Chinese（1920-2020）,1,0
闹暴发火眼,modern Chinese（1920-2020）,1,0
闹男女同学,modern Chinese（1920-2020）,1,0
闹着失业的问题,modern Chinese（1920-2020）,0,1
闹着暴发火眼,modern Chinese（1920-2020）,1,0
闹着调整待遇,modern Chinese（1920-2020）,1,0
闹离婚,modern Chinese（1920-2020）,1,0
闹穷,modern Chinese（1920-2020）,0,1
闹笑话,modern Chinese（1920-2020）,1,0
闹腾,modern Chinese（1920-2020）,1,0
闹辞职,modern Chinese（1920-2020）,1,0
闹革命,modern Chinese（1920-2020）,2,0
闹鬼,modern Chinese（1920-2020）,1,0
阅书,modern Chinese（1920-2020）,0,1
阅译,modern Chinese（1920-2020）,0,1
阅读,modern Chinese（1920-2020）,2,0
阅读“中国关键词”,modern Chinese（1920-2020）,1,0
阅读《人民日报》,modern Chinese（1920-2020）,1,0
阅读一份开城前线的战报,modern Chinese（1920-2020）,0,1
阅读评论新星的文章,modern Chinese（1920-2020）,0,1
阅读赠阅的《人民日报》,modern Chinese（1920-2020）,0,1
阔步,modern Chinese（1920-2020）,1,0
防备他,modern Chinese（1920-2020）,1,0
防守长城各口,modern Chinese（1920-2020）,1,0
防治小麦秆锈病,modern Chinese（1920-2020）,0,1
阴着,modern Chinese（1920-2020）,1,0
阴谋用地主资产阶级思想腐蚀人们,modern Chinese（1920-2020）,1,0
阴起来,modern Chinese（1920-2020）,1,0
阻拦,modern Chinese（1920-2020）,1,0
阻挠最高级会议,modern Chinese（1920-2020）,1,0
阻挠达成裁军协议,modern Chinese（1920-2020）,1,0
阻止开会,modern Chinese（1920-2020）,1,0
阻止英国在“脱欧”谈判中达成好的协议,modern Chinese（1920-2020）,0,1
阻止这种降临,modern Chinese（1920-2020）,1,0
阻碍柬埔寨问题政治解决,modern Chinese（1920-2020）,1,0
阻碍科学的发展,modern Chinese（1920-2020）,1,0
附和,modern Chinese（1920-2020）,3,0
陈列着,modern Chinese（1920-2020）,1,0
降,modern Chinese（1920-2020）,1,0
降临,modern Chinese（1920-2020）,0,1
降价,modern Chinese（1920-2020）,1,0
降低,modern Chinese（1920-2020）,6,0
降低着,modern Chinese（1920-2020）,1,0
降低退票费,modern Chinese（1920-2020）,1,0
降温,modern Chinese（1920-2020）,0,1
降落,modern Chinese（1920-2020）,1,1
陪什么人吃饭喝酒,modern Chinese（1920-2020）,0,1
陪伴,modern Chinese（1920-2020）,1,0
陪柳春江一块儿吃酒,modern Chinese（1920-2020）,1,0
陪着,modern Chinese（1920-2020）,1,0
陪苇弟坐,modern Chinese（1920-2020）,1,0
陪资产阶级的子弟开开心,modern Chinese（1920-2020）,1,0
陶醉于连续胜利和周围很多人的阿谀之中,modern Chinese（1920-2020）,0,1
陷入不清不楚的关系之中,modern Chinese（1920-2020）,0,1
陷入困境,modern Chinese（1920-2020）,0,1
陷入片面,modern Chinese（1920-2020）,0,1
隐入历史深处,modern Chinese（1920-2020）,0,1
隐痛,modern Chinese（1920-2020）,1,0
隐藏自己的宇宙,modern Chinese（1920-2020）,1,0
隐逸,modern Chinese（1920-2020）,1,0
难为情,modern Chinese（1920-2020）,0,1
难受着,modern Chinese（1920-2020）,1,0
难解难分,modern Chinese（1920-2020）,0,1
难过,modern Chinese（1920-2020）,1,1
集中,modern Chinese（1920-2020）,1,0
集中一切力量把我国建设成为一个繁荣富强高度工业化的社会主义国家,modern Chinese（1920-2020）,0,1
集中其海上和空中的运输工具，运送军事和非军事顾问和战争物资,modern Chinese（1920-2020）,0,1
集中力量从事社会主义建设,modern Chinese（1920-2020）,1,0
集中力量解决卫星和火箭回地球问题,modern Chinese（1920-2020）,0,1
集中大部分利润于产业贤米家之毛,modern Chinese（1920-2020）,1,0
集合,modern Chinese（1920-2020）,1,0
集合人马,modern Chinese（1920-2020）,0,1
集合站队,modern Chinese（1920-2020）,0,1
集结,modern Chinese（1920-2020）,1,1
集结大量军队,modern Chinese（1920-2020）,1,0
集结重兵,modern Chinese（1920-2020）,1,0
集训,modern Chinese（1920-2020）,1,1
集训备战亚锦赛,modern Chinese（1920-2020）,0,1
雉持秩序,modern Chinese（1920-2020）,0,1
震动着,modern Chinese（1920-2020）,1,0
震动着大陆,modern Chinese（1920-2020）,0,1
震响着,modern Chinese（1920-2020）,1,0
震栗作声,modern Chinese（1920-2020）,1,0
震颤,modern Chinese（1920-2020）,1,0
静听一个叫万瞎子的说书人比比划划地说旧书,modern Chinese（1920-2020）,1,0
静静低语,modern Chinese（1920-2020）,1,0
静默不语,modern Chinese（1920-2020）,1,0
靠拢,modern Chinese（1920-2020）,0,1
靠眼看手摸,modern Chinese（1920-2020）,1,0
靠近,modern Chinese（1920-2020）,1,2
靠近着,modern Chinese（1920-2020）,0,1
面临创新的任务,modern Chinese（1920-2020）,1,0
面对着一个看不见的对手,modern Chinese（1920-2020）,0,1
面对问题,modern Chinese（1920-2020）,1,0
面面相觑,modern Chinese（1920-2020）,0,1
革命,modern Chinese（1920-2020）,2,1
革自己的命,modern Chinese（1920-2020）,1,0
鞠躬,modern Chinese（1920-2020）,1,0
鞭打着她,modern Chinese（1920-2020）,1,0
鞭打着自己,modern Chinese（1920-2020）,1,0
鞭策他走向着“死”,modern Chinese（1920-2020）,1,0
顶上子弹,modern Chinese（1920-2020）,0,1
顶他道,modern Chinese（1920-2020）,1,0
顶牛,modern Chinese（1920-2020）,1,0
顺着这转向，原则，道路，把那一点精妙的意 像淋漓通快地尽量发挥到底,modern Chinese（1920-2020）,1,0
顽抗,modern Chinese（1920-2020）,1,0
顾虑到自己的身分,modern Chinese（1920-2020）,1,0
预告着明朝的课堂铃响,modern Chinese（1920-2020）,1,0
预备入美国籍,modern Chinese（1920-2020）,1,0
预备拿《圣经》到市场去卖,modern Chinese（1920-2020）,0,1
预备早饭,modern Chinese（1920-2020）,1,0
预备泥房土和垫圈土,modern Chinese（1920-2020）,1,0
预备烧晚饭,modern Chinese（1920-2020）,0,1
预备英语,modern Chinese（1920-2020）,0,1
预备讲义,modern Chinese（1920-2020）,0,1
预测,modern Chinese（1920-2020）,1,0
预示,modern Chinese（1920-2020）,1,0
预示着这注定不是一条好走的路,modern Chinese（1920-2020）,1,0
预设退路,modern Chinese（1920-2020）,1,0
"领
取衣服",modern Chinese（1920-2020）,0,1
领“工资”,modern Chinese（1920-2020）,1,0
领取民政部门免费提供的米饭、粽子、咸蛋等食品,modern Chinese（1920-2020）,0,1
领受着,modern Chinese（1920-2020）,1,0
领导,modern Chinese（1920-2020）,3,1
领导九亿人民去实现四个现代化,modern Chinese（1920-2020）,0,1
领导农民乘着黑夜把所谓地主们的麦子割回到自己家中去,modern Chinese（1920-2020）,0,1
领导波兰人民走向全面的繁荣的发展和祖国的幸福的前途,modern Chinese（1920-2020）,0,1
领导组织国民党军队 从葫芦岛经锦州调赴沈阳,modern Chinese（1920-2020）,0,1
领导群众生产劲很大,modern Chinese（1920-2020）,1,0
领略这个情味,modern Chinese（1920-2020）,1,0
领舞,modern Chinese（1920-2020）,0,1
领钱领粮迎接春节,modern Chinese（1920-2020）,0,1
颇动,modern Chinese（1920-2020）,1,0
颓废和失去活力,modern Chinese（1920-2020）,0,1
颔首示意,modern Chinese（1920-2020）,1,0
颠倒黑白,modern Chinese（1920-2020）,1,0
颠簸着,modern Chinese（1920-2020）,1,0
颤,modern Chinese（1920-2020）,2,0
颤动,modern Chinese（1920-2020）,17,1
颤抖,modern Chinese（1920-2020）,27,0
颤抖着,modern Chinese（1920-2020）,6,0
颤栗,modern Chinese（1920-2020）,1,0
风化,modern Chinese（1920-2020）,0,1
风花雪月起来,modern Chinese（1920-2020）,1,0
风靡全国,modern Chinese（1920-2020）,0,1
飘,modern Chinese（1920-2020）,2,0
飘动,modern Chinese（1920-2020）,1,0
飘动着,modern Chinese（1920-2020）,1,0
飘展,modern Chinese（1920-2020）,1,0
飘扬,modern Chinese（1920-2020）,2,0
飘抖,modern Chinese（1920-2020）,1,0
飘浮,modern Chinese（1920-2020）,1,0
飘着,modern Chinese（1920-2020）,1,0
飘着雪花,modern Chinese（1920-2020）,1,0
飘离地面,modern Chinese（1920-2020）,0,1
飘舞旋转,modern Chinese（1920-2020）,1,0
飘荡,modern Chinese（1920-2020）,3,0
飘落行走,modern Chinese（1920-2020）,1,0
飘起,modern Chinese（1920-2020）,0,1
飘飞,modern Chinese（1920-2020）,1,0
飞,modern Chinese（1920-2020）,9,0
飞出柴达木,modern Chinese（1920-2020）,0,1
飞向太阳,modern Chinese（1920-2020）,0,1
飞向目标,modern Chinese（1920-2020）,0,1
飞奔,modern Chinese（1920-2020）,4,2
飞扬,modern Chinese（1920-2020）,1,0
飞掠,modern Chinese（1920-2020）,1,0
飞散,modern Chinese（1920-2020）,0,1
飞旋,modern Chinese（1920-2020）,0,1
飞来,modern Chinese（1920-2020）,0,3
飞涨,modern Chinese（1920-2020）,1,0
飞着,modern Chinese（1920-2020）,1,0
飞着雪花,modern Chinese（1920-2020）,1,0
飞翔,modern Chinese（1920-2020）,2,0
飞腾,modern Chinese（1920-2020）,1,0
飞舞,modern Chinese（1920-2020）,1,0
飞行,modern Chinese（1920-2020）,5,0
飞跃,modern Chinese（1920-2020）,4,1
飞跃前进,modern Chinese（1920-2020）,1,0
飞跃向前,modern Chinese（1920-2020）,1,0
飞跑,modern Chinese（1920-2020）,0,1
飞驰,modern Chinese（1920-2020）,3,0
饮泣,modern Chinese（1920-2020）,1,0
饮甜葡萄酒,modern Chinese（1920-2020）,1,0
饮酒,modern Chinese（1920-2020）,1,0
饱受着,modern Chinese（1920-2020）,1,0
饲养,modern Chinese（1920-2020）,0,1
饿着,modern Chinese（1920-2020）,2,0
饿着肚子,modern Chinese（1920-2020）,1,0
驰马冲阵,modern Chinese（1920-2020）,0,1
驰马射箭,modern Chinese（1920-2020）,1,0
驰骋,modern Chinese（1920-2020）,1,1
驱使着他,modern Chinese（1920-2020）,1,0
驱散群众,modern Chinese（1920-2020）,1,0
驱赶着看不见的或者是根本就不存在的“敌人”,modern Chinese（1920-2020）,1,0
驱逐别人,modern Chinese（1920-2020）,1,0
驱逐难忍的瞌睡,modern Chinese（1920-2020）,1,0
驱除这可怕的想象,modern Chinese（1920-2020）,1,0
驶入新筑车站货场,modern Chinese（1920-2020）,0,1
驶出港湾,modern Chinese（1920-2020）,0,1
驶向一个巨大的未知,modern Chinese（1920-2020）,1,0
驶向地球,modern Chinese（1920-2020）,0,1
驶向星环城,modern Chinese（1920-2020）,0,1
驶过,modern Chinese（1920-2020）,0,1
驶过原野,modern Chinese（1920-2020）,1,0
骂,modern Chinese（1920-2020）,7,0
骂“老混蛋”,modern Chinese（1920-2020）,1,0
骂人,modern Chinese（1920-2020）,4,0
骂他,modern Chinese（1920-2020）,1,0
骂他给难题别人做,modern Chinese（1920-2020）,1,0
骂四弟,modern Chinese（1920-2020）,1,0
骂她,modern Chinese（1920-2020）,1,0
骂妇女落后,modern Chinese（1920-2020）,1,0
骂我,modern Chinese（1920-2020）,5,0
骂我们,modern Chinese（1920-2020）,0,1
骂治安员娶了人家闺女,modern Chinese（1920-2020）,1,0
骂着,modern Chinese（1920-2020）,5,1
骂着他们,modern Chinese（1920-2020）,1,0
骂着早知道“钉子”这般黑心,modern Chinese（1920-2020）,0,1
骂自己,modern Chinese（1920-2020）,1,0
骂范懿,modern Chinese（1920-2020）,1,0
骂街,modern Chinese（1920-2020）,1,0
骂谁,modern Chinese（1920-2020）,2,0
骂贼秃,modern Chinese（1920-2020）,1,0
骂那杀人的机器,modern Chinese（1920-2020）,1,0
骂那轮船道,modern Chinese（1920-2020）,1,0
骄傲,modern Chinese（1920-2020）,1,0
验证你的想法,modern Chinese（1920-2020）,1,0
骑公共自行车,modern Chinese（1920-2020）,1,0
骑着马往这里走,modern Chinese（1920-2020）,0,1
骑行,modern Chinese（1920-2020）,1,0
骑马,modern Chinese（1920-2020）,1,0
骗人,modern Chinese（1920-2020）,5,1
骗他,modern Chinese（1920-2020）,1,0
骗你,modern Chinese（1920-2020）,1,0
骗她,modern Chinese（1920-2020）,2,0
骗我,modern Chinese（1920-2020）,2,0
骗我们,modern Chinese（1920-2020）,1,0
骗着他,modern Chinese（1920-2020）,1,0
骚动,modern Chinese（1920-2020）,1,1
骚闹,modern Chinese（1920-2020）,1,0
骤减,modern Chinese（1920-2020）,1,0
高举,modern Chinese（1920-2020）,1,0
高兴,modern Chinese（1920-2020）,2,5
高卧,modern Chinese（1920-2020）,0,1
高卧酣睡,modern Chinese（1920-2020）,0,1
高呼口号,modern Chinese（1920-2020）,1,0
高呼毛主席万岁,modern Chinese（1920-2020）,2,0
高喊复兴中华文化,modern Chinese（1920-2020）,1,0
高涨,modern Chinese（1920-2020）,1,4
高谈,modern Chinese（1920-2020）,1,0
高谈阔论,modern Chinese（1920-2020）,3,2
鸣叫,modern Chinese（1920-2020）,1,0
鸣响,modern Chinese（1920-2020）,1,0
鸣响着,modern Chinese（1920-2020）,1,0
黑下来,modern Chinese（1920-2020）,1,1
默叹它们的恶运,modern Chinese（1920-2020）,1,0
鼓动他,modern Chinese（1920-2020）,2,0
鼓动大家,modern Chinese（1920-2020）,1,0
鼓动张学良宣布独立,modern Chinese（1920-2020）,1,0
鼓动淑英偷偷地逃出家庭到下面去,modern Chinese（1920-2020）,1,0
鼓动着翅膀,modern Chinese（1920-2020）,1,0
鼓励,modern Chinese（1920-2020）,1,0
鼓励他,modern Chinese（1920-2020）,1,0
鼓励侵略分子的活动,modern Chinese（1920-2020）,1,0
鼓励医生提高技法,modern Chinese（1920-2020）,1,0
鼓励外来投资,modern Chinese（1920-2020）,0,1
鼓励她要更加坚强起来,modern Chinese（1920-2020）,1,0
鼓吹,modern Chinese（1920-2020）,1,1
鼓吹修改第二次世界大战所划定的边界和取消柏林反法西斯的防御墙,modern Chinese（1920-2020）,1,0
鼓弄风涛,modern Chinese（1920-2020）,1,0
鼓掌,modern Chinese（1920-2020）,4,1
鼓气,modern Chinese（1920-2020）,1,0
鼓舞,modern Chinese（1920-2020）,1,1
鼓舞伟大的凯旋,modern Chinese（1920-2020）,1,0
鼓舞我们每个革命者奋勇前进,modern Chinese（1920-2020）,1,0
鼓舞着他们,modern Chinese（1920-2020）,1,0
鼓舞着她,modern Chinese（1920-2020）,1,0
鼓舞着我们,modern Chinese（1920-2020）,1,0
鼓舞着最大数量的被压迫人民去进行斗争,modern Chinese（1920-2020）,0,1
鼓荡,modern Chinese（1920-2020）,2,0
鼓起一种勇气走向黛二,modern Chinese（1920-2020）,0,1
一头说笑，一头作活,classical Chinese,0,2
一愣,classical Chinese,0,7
七张火嘴,classical Chinese,0,1
上紧挑穵,classical Chinese,0,1
上紧挑穵使深,classical Chinese,0,1
上马,classical Chinese,0,1
下棋,classical Chinese,1,1
下船,classical Chinese,0,1
不信,classical Chinese,0,1
不分胜败,classical Chinese,0,1
不得主意,classical Chinese,0,2
不得开交,classical Chinese,0,1
不明不白,classical Chinese,0,1
不甚清楚,classical Chinese,1,0
不解,classical Chinese,0,3
不解什么缘故,classical Chinese,0,1
专心学道,classical Chinese,0,1
专心尽力一拳一脚想将胡惠乾打死以泄机房中人之辱,classical Chinese,0,1
东张西望,classical Chinese,0,2
东睃西望,classical Chinese,0,1
严察挐究,classical Chinese,0,1
严限缉拿,classical Chinese,0,1
为难,classical Chinese,0,49
为难发愁,classical Chinese,0,1
举事,classical Chinese,0,1
举杯要饮,classical Chinese,0,1
乏食,classical Chinese,0,1
乞言,classical Chinese,0,1
习练武术,classical Chinese,0,1
乱喊,classical Chinese,0,1
乱窜,classical Chinese,0,1
乱藏,classical Chinese,0,1
乱闯,classical Chinese,0,1
争功,classical Chinese,0,1
争斗,classical Chinese,0,1
争论,classical Chinese,0,4
云雨,classical Chinese,0,1
交仗,classical Chinese,0,1
交战,classical Chinese,0,3
交手,classical Chinese,0,3
交结不开,classical Chinese,0,1
交谈,classical Chinese,0,1
交锋,classical Chinese,1,1
人饥马渴,classical Chinese,0,1
付价给他,classical Chinese,0,1
代你踌躇,classical Chinese,0,1
仰慕,classical Chinese,1,0
仰羨,classical Chinese,1,0
仰观,classical Chinese,0,1
企遲,classical Chinese,0,1
伏侍盥洗,classical Chinese,0,1
伐柯,classical Chinese,0,1
会商,classical Chinese,1,0
传令毕,classical Chinese,0,1
传疑,classical Chinese,0,1
传见一般司、道,classical Chinese,0,1
传观,classical Chinese,0,1
伤心,classical Chinese,0,4
伤悲,classical Chinese,0,1
伤感,classical Chinese,1,0
似睡非睡,classical Chinese,0,2
作书,classical Chinese,1,0
作呻吟,classical Chinese,1,0
作急,classical Chinese,0,1
作法,classical Chinese,1,3
作画,classical Chinese,0,1
作笑,classical Chinese,0,1
作针线,classical Chinese,0,1
作难,classical Chinese,0,4
你一刀，我一枪，杀得高兴,classical Chinese,0,1
你言我语,classical Chinese,0,1
使用,classical Chinese,0,1
依恋,classical Chinese,1,0
保守四城,classical Chinese,1,0
修工,classical Chinese,0,1
修炼,classical Chinese,0,1
修筑,classical Chinese,0,1
候旨,classical Chinese,2,0
倾听,classical Chinese,0,1
偎倚,classical Chinese,0,1
做什么,classical Chinese,1,0
做官,classical Chinese,1,0
做梦,classical Chinese,2,0
做沽名钓誉的人,classical Chinese,1,0
做法事,classical Chinese,0,1
做着七盏灯的《烈女传》,classical Chinese,0,1
做菜,classical Chinese,0,1
偷油,classical Chinese,1,0
偷看双人,classical Chinese,1,0
偷看那对过房间的客人,classical Chinese,0,1
催人寻觅军师众将来护救,classical Chinese,0,1
催兵前进,classical Chinese,0,2
催比,classical Chinese,0,1
催督各军且战且走,classical Chinese,0,1
兑银子赔鹰,classical Chinese,0,1
关他举动,classical Chinese,0,1
关粮,classical Chinese,0,1
关门,classical Chinese,0,1
兴作,classical Chinese,0,1
兴修,classical Chinese,0,1
兴兵征伐,classical Chinese,0,1
兴工,classical Chinese,0,1
兴筑,classical Chinese,0,1
养病,classical Chinese,0,1
写,classical Chinese,0,1
写好了几封信,classical Chinese,0,1
写字,classical Chinese,0,1
冲冲大怒,classical Chinese,0,1
冲踹贼营,classical Chinese,0,1
净面吃茶,classical Chinese,0,2
凄惶,classical Chinese,0,1
凝思,classical Chinese,0,3
凝思打点主意,classical Chinese,0,1
凝神,classical Chinese,0,4
凝神侧耳,classical Chinese,0,1
凝神细想,classical Chinese,0,1
凝神观望,classical Chinese,0,2
凝神观看,classical Chinese,0,4
凝视,classical Chinese,0,1
出丧,classical Chinese,0,1
出恭,classical Chinese,0,1
出神,classical Chinese,1,5
出神捣鬼,classical Chinese,1,0
出神细看,classical Chinese,0,1
分付,classical Chinese,0,1
分付枪刀要锐利,classical Chinese,0,1
分别,classical Chinese,0,1
分居,classical Chinese,1,0
分布营垒,classical Chinese,0,2
分派,classical Chinese,0,2
分派兵将,classical Chinese,0,1
分理事务,classical Chinese,0,1
分辩,classical Chinese,0,1
前思後想,classical Chinese,0,1
前行观望,classical Chinese,0,1
力怯,classical Chinese,0,1
劝善,classical Chinese,1,0
劝善规过,classical Chinese,0,1
劝彩云饮酒,classical Chinese,0,1
劝慰李昆,classical Chinese,0,1
劝解,classical Chinese,0,1
劝解他,classical Chinese,0,1
劝解钱文华不必伤感,classical Chinese,0,1
劝说,classical Chinese,0,1
办,classical Chinese,1,0
办军务,classical Chinese,1,0
办撤任的折子,classical Chinese,0,1
办着大关,classical Chinese,0,1
加工搭盖,classical Chinese,0,1
加鞭,classical Chinese,0,1
动工挑穵,classical Chinese,0,1
动怒,classical Chinese,0,1
动手,classical Chinese,1,7
动问那大姐阿毛,classical Chinese,1,0
劫夺,classical Chinese,0,1
劫寨,classical Chinese,0,1
劫抢该处村庄,classical Chinese,0,1
励精求治,classical Chinese,0,1
劳心,classical Chinese,0,1
勉强,classical Chinese,0,1
勉强支持,classical Chinese,0,1
勉强梳头,classical Chinese,0,1
勒马巡河,classical Chinese,0,1
化纸,classical Chinese,0,1
升堂,classical Chinese,0,1
升帐,classical Chinese,0,1
升座玄谈,classical Chinese,0,1
升座说法,classical Chinese,0,1
半疑半信,classical Chinese,0,1
博证远引,classical Chinese,0,1
危坐养气,classical Chinese,0,1
卸妆要睡,classical Chinese,0,2
厮扭,classical Chinese,0,2
厮斗不下,classical Chinese,0,1
厮杀,classical Chinese,0,3
厮认,classical Chinese,1,0
参究,classical Chinese,0,1
参观,classical Chinese,0,1
又气又羞,classical Chinese,0,1
发作起来,classical Chinese,1,0
发出光来,classical Chinese,0,1
发呆,classical Chinese,0,3
发呕,classical Chinese,0,1
发威,classical Chinese,0,1
发怒,classical Chinese,0,2
发怔,classical Chinese,0,1
发急,classical Chinese,0,1
发愁,classical Chinese,0,3
发愣,classical Chinese,0,12
发慌,classical Chinese,0,2
发抖,classical Chinese,0,2
发放,classical Chinese,0,1
发放银钱,classical Chinese,0,1
发极,classical Chinese,0,1
发烦,classical Chinese,0,1
发狂,classical Chinese,0,1
发疯,classical Chinese,0,1
发笑,classical Chinese,0,1
发脚追赶,classical Chinese,0,1
发货落船,classical Chinese,0,1
发躁,classical Chinese,0,2
发闷,classical Chinese,0,2
受礼,classical Chinese,1,0
受罪,classical Chinese,1,0
受苦,classical Chinese,0,1
变,classical Chinese,0,1
变通,classical Chinese,1,0
叙些客套,classical Chinese,0,1
叙论,classical Chinese,0,1
叙话,classical Chinese,0,2
叙话得浓,classical Chinese,0,1
叙说,classical Chinese,0,1
叙谈,classical Chinese,0,1
叙阔,classical Chinese,0,1
口出狂言大话,classical Chinese,0,1
叫,classical Chinese,1,0
叫不开,classical Chinese,0,2
叫人上楼,classical Chinese,0,1
叫唤,classical Chinese,1,0
叫城,classical Chinese,0,1
叫天天不语，叫地地不应,classical Chinese,0,1
叵測,classical Chinese,0,1
号啕大哭,classical Chinese,0,1
叹异,classical Chinese,0,1
叹息,classical Chinese,0,2
叹气,classical Chinese,0,1
叹赏,classical Chinese,0,1
叹赏不绝,classical Chinese,0,1
吃个合卺之酒,classical Chinese,0,1
吃人,classical Chinese,1,0
吃夜饭,classical Chinese,1,0
吃完了饭,classical Chinese,0,1
吃得高兴,classical Chinese,0,1
吃惊,classical Chinese,0,1
吃早饭,classical Chinese,0,1
吃点心,classical Chinese,0,1
吃粪,classical Chinese,0,1
吃羊,classical Chinese,0,1
吃茶,classical Chinese,0,5
吃药,classical Chinese,0,1
吃补药,classical Chinese,1,0
吃酒,classical Chinese,0,11
吃酒谈心,classical Chinese,0,1
吃醋,classical Chinese,0,1
吃饭,classical Chinese,1,1
各说其事,classical Chinese,0,1
吆吆喝喝,classical Chinese,0,1
吊孝,classical Chinese,1,0
后悔自己方才在庙上不合一时粗心,classical Chinese,0,1
后悔自己方才在庙上不合一时粗心不曾认出他那个假面目来,classical Chinese,0,1
吐舌称异,classical Chinese,0,2
吞声饮泣,classical Chinese,0,1
吟咏,classical Chinese,0,1
吟笺,classical Chinese,1,0
吟罢酒令,classical Chinese,0,1
吩咐,classical Chinese,0,3
吩咐伙计将店内暂闭,classical Chinese,0,1
吩咐收生,classical Chinese,0,1
含着眼泪,classical Chinese,0,1
含羞,classical Chinese,1,0
含颦,classical Chinese,0,1
听下面那位老英雄道姓名,classical Chinese,0,1
听审,classical Chinese,3,0
听得出神,classical Chinese,0,1
听得有些入神儿,classical Chinese,0,2
听得诧异,classical Chinese,0,1
听得高兴,classical Chinese,0,1
听着,classical Chinese,0,1
听见赵姨娘厮吵,classical Chinese,0,1
听讲解经书,classical Chinese,1,0
启行,classical Chinese,0,1
吵不清,classical Chinese,0,2
吵闹,classical Chinese,0,4
呆呆的不得劲儿,classical Chinese,0,1
呆想,classical Chinese,0,2
呆望,classical Chinese,0,2
呆看,classical Chinese,0,1
呆看动静,classical Chinese,0,1
呆立盼望,classical Chinese,0,1
告诉薛龙、薛虎，将赛姜维压在假山洞口,classical Chinese,0,1
呕气,classical Chinese,0,2
呕秽嚷乱,classical Chinese,0,1
呼,classical Chinese,1,0
咕哝,classical Chinese,1,0
咕噜,classical Chinese,1,0
哀求,classical Chinese,1,0
哀痛,classical Chinese,0,2
哄劝,classical Chinese,1,0
响雷,classical Chinese,1,0
哭,classical Chinese,2,0
哭别,classical Chinese,0,1
哭哭啼啼,classical Chinese,0,1
哭得难解难分,classical Chinese,0,1
哭求,classical Chinese,0,1
哭泣,classical Chinese,0,3
哺乳,classical Chinese,1,0
哼痛,classical Chinese,0,1
唏欷,classical Chinese,0,1
唠唠叨叨,classical Chinese,0,1
唧唧哝哝,classical Chinese,0,1
唱,classical Chinese,0,1
唱着,classical Chinese,0,1
商確,classical Chinese,2,0
商议,classical Chinese,0,19
商议军事,classical Chinese,0,1
商议办法,classical Chinese,0,1
商议御乱之策,classical Chinese,0,1
商议朝廷大事,classical Chinese,0,1
商议迎敌之策,classical Chinese,0,1
商量,classical Chinese,1,2
商量回去夺回山林,classical Chinese,0,1
商量攻打,classical Chinese,0,1
啼哭,classical Chinese,2,3
啼啼哭哭,classical Chinese,0,1
喊,classical Chinese,1,0
喊冤,classical Chinese,0,1
喊叫,classical Chinese,0,1
喊杀,classical Chinese,0,1
喝着茶,classical Chinese,0,1
喝着酒,classical Chinese,0,1
喝茶,classical Chinese,0,1
喝酒,classical Chinese,0,7
喝酒、吃饭,classical Chinese,0,1
喝酒等着,classical Chinese,1,0
喝酒谈心,classical Chinese,0,1
喧哗,classical Chinese,0,1
喧嚷,classical Chinese,0,1
嗟叹,classical Chinese,0,7
嘈杂,classical Chinese,0,1
嘘气,classical Chinese,1,0
嘱付,classical Chinese,0,1
嚎啕大哭,classical Chinese,0,1
嚷着,classical Chinese,0,1
嚷闹,classical Chinese,0,1
四顾彷徨,classical Chinese,0,1
四顾踌躇,classical Chinese,0,1
回礼,classical Chinese,1,0
回禀,classical Chinese,0,1
回答,classical Chinese,0,1
回话,classical Chinese,0,1
围住得意,classical Chinese,0,1
坐朝,classical Chinese,0,1
坐殿,classical Chinese,0,1
垂涎,classical Chinese,0,1
埋怨和尚,classical Chinese,0,1
埋怨宝刀将韩殿魁,classical Chinese,0,1
堵築未完,classical Chinese,0,1
声嚷,classical Chinese,0,1
备敌,classical Chinese,0,1
备酒相陪,classical Chinese,0,1
大吵,classical Chinese,0,1
大喜,classical Chinese,0,1
大嚼,classical Chinese,0,1
大怒,classical Chinese,0,5
大悦,classical Chinese,0,1
大惊小怪,classical Chinese,1,0
大战,classical Chinese,0,1
大排素宴,classical Chinese,0,1
大摆筵席,classical Chinese,0,1
大笑,classical Chinese,0,1
大肆横行,classical Chinese,0,1
大言不惭,classical Chinese,1,0
大骂,classical Chinese,1,0
大骂贼人,classical Chinese,1,0
天翻地覆,classical Chinese,0,1
夸他师父的本事,classical Chinese,0,1
夸口,classical Chinese,0,1
奇怪,classical Chinese,0,1
奉承,classical Chinese,0,1
奉承他,classical Chinese,1,0
奉旨,classical Chinese,0,1
奔走,classical Chinese,0,1
奔逃,classical Chinese,0,1
好睡,classical Chinese,0,4
委决不下,classical Chinese,0,1
婉转踌躇,classical Chinese,0,1
嫌憎他二人这宗气味难闻,classical Chinese,0,1
孤疑,classical Chinese,0,1
学习指掌臂法,classical Chinese,0,1
守制,classical Chinese,2,0
安戢释疑,classical Chinese,0,1
安抚料理,classical Chinese,0,1
安排一切,classical Chinese,0,1
安营,classical Chinese,0,1
审断,classical Chinese,0,1
审讯,classical Chinese,1,0
审诘,classical Chinese,0,1
审问,classical Chinese,1,0
审问一起奸情,classical Chinese,0,1
害怕,classical Chinese,1,6
害病,classical Chinese,1,0
宴乐,classical Chinese,0,1
密语,classical Chinese,0,1
察照历臣原题,classical Chinese,0,1
对坐愁闷,classical Chinese,0,1
对坐说话,classical Chinese,0,1
对弈,classical Chinese,0,1
对打,classical Chinese,0,1
对敌,classical Chinese,0,1
对着镜子，细匀铅黄,classical Chinese,0,1
对镜梳头,classical Chinese,0,2
对阵,classical Chinese,1,0
寻乐,classical Chinese,0,1
寻仙求道,classical Chinese,0,1
寻山上烧香的人捎信与你,classical Chinese,0,1
寻思,classical Chinese,0,7
寻思一计,classical Chinese,0,1
寻找,classical Chinese,0,2
寻找老蛟不得,classical Chinese,0,1
寻找那笑声从哪儿来,classical Chinese,0,1
寻死,classical Chinese,0,1
寻觅,classical Chinese,0,1
将上好美酒，小缸倾转大缸，香浓浓的顺风吹送来,classical Chinese,0,1
将枪刺空,classical Chinese,0,1
将计就计,classical Chinese,1,0
尋思,classical Chinese,0,1
尽力相杀,classical Chinese,0,1
巡历,classical Chinese,0,1
巡城,classical Chinese,0,2
巡夜,classical Chinese,0,1
巡更,classical Chinese,0,1
巡查,classical Chinese,0,1
巡查南山口,classical Chinese,0,1
左右为难,classical Chinese,0,2
左思右想,classical Chinese,0,1
左思有想,classical Chinese,0,1
左近窥探,classical Chinese,0,1
差人打听,classical Chinese,0,1
希冀,classical Chinese,1,0
带想带走,classical Chinese,0,1
庆贺,classical Chinese,0,1
序稿,classical Chinese,0,1
应考,classical Chinese,1,0
应酬的高兴,classical Chinese,0,1
应酬那些人,classical Chinese,0,1
建造,classical Chinese,1,0
开怀畅饮不表,classical Chinese,0,1
开掘,classical Chinese,0,1
开杀戒,classical Chinese,1,0
开演,classical Chinese,0,1
开花,classical Chinese,1,0
开门,classical Chinese,1,1
引孩子顽笑,classical Chinese,0,1
引见,classical Chinese,0,1
张口,classical Chinese,0,1
张望,classical Chinese,0,1
张看,classical Chinese,0,1
张着口,classical Chinese,0,1
弹唱,classical Chinese,0,1
弹唱吃酒,classical Chinese,0,1
强辩,classical Chinese,0,1
彷徨,classical Chinese,2,0
征剿,classical Chinese,0,1
得意,classical Chinese,0,5
得意洋洋,classical Chinese,0,6
得趣,classical Chinese,0,2
徘徊,classical Chinese,1,2
徘徊不舍,classical Chinese,0,1
御,classical Chinese,8,0
御蚊,classical Chinese,1,0
御风而行,classical Chinese,0,1
徬徨,classical Chinese,0,1
徬徨无计,classical Chinese,0,1
心急,classical Chinese,0,1
心惊胆裂,classical Chinese,0,1
心慌,classical Chinese,0,2
心担恐惧,classical Chinese,0,1
心满意足,classical Chinese,0,1
心烦,classical Chinese,0,1
心烦意乱,classical Chinese,0,1
心焦,classical Chinese,0,2
心疑,classical Chinese,0,1
心荡神迷,classical Chinese,0,1
忐忑,classical Chinese,0,1
忖个计策,classical Chinese,1,0
忖度,classical Chinese,0,1
忖量,classical Chinese,0,1
忙乱,classical Chinese,0,5
忙個不了,classical Chinese,0,1
忙的不堪,classical Chinese,0,1
忙着,classical Chinese,0,1
忙碌,classical Chinese,0,1
忧心,classical Chinese,0,2
忧恼,classical Chinese,0,1
忧惧,classical Chinese,0,1
忧惶,classical Chinese,0,1
忧愁,classical Chinese,0,1
忧疑,classical Chinese,0,2
忧虑,classical Chinese,0,7
忧闷,classical Chinese,0,2
忧闷三位仙姑的去向,classical Chinese,0,1
快乐,classical Chinese,0,1
快活,classical Chinese,0,1
念,classical Chinese,6,0
念书,classical Chinese,0,1
念佛,classical Chinese,1,0
念叨,classical Chinese,0,1
念经,classical Chinese,1,0
念诵,classical Chinese,0,3
念道‘天文双声’,classical Chinese,0,1
忿恨,classical Chinese,0,1
怀疑,classical Chinese,3,0
怀疑他是否有造化,classical Chinese,1,0
怒不可遏,classical Chinese,0,1
怒发冲冠，势如破竹，走发了性子,classical Chinese,0,1
怒气勃勃,classical Chinese,0,1
怒气未息,classical Chinese,0,1
思乡垂泪,classical Chinese,0,1
思忖,classical Chinese,0,4
思念儿女落泪,classical Chinese,0,1
思念此人,classical Chinese,0,1
思念流泪,classical Chinese,0,1
思念瑞龙困在狱中,classical Chinese,0,1
思想,classical Chinese,0,29
思想如何破得宋兵之计,classical Chinese,0,1
思想自己终身,classical Chinese,0,1
思想计策,classical Chinese,0,1
思算,classical Chinese,0,1
思索,classical Chinese,0,16
思虑,classical Chinese,1,2
思量,classical Chinese,0,8
思量计较,classical Chinese,0,1
思闷,classical Chinese,0,1
思饮,classical Chinese,0,1
急于成全他的终身大事,classical Chinese,0,1
急于成全她的终身大事,classical Chinese,0,1
急得坐卧不安,classical Chinese,0,1
急迫,classical Chinese,0,1
怨恨,classical Chinese,0,1
怨恨东方朔,classical Chinese,0,1
恨他,classical Chinese,1,1
恨着章秋谷无故把他们骂了一顿,classical Chinese,0,1
恭维东方明,classical Chinese,0,1
恶斗,classical Chinese,0,1
恸哭,classical Chinese,0,1
恸悼,classical Chinese,0,1
恼你,classical Chinese,0,1
恼怒,classical Chinese,0,3
恼恨,classical Chinese,0,1
恼闷,classical Chinese,0,1
悔恨,classical Chinese,0,1
悬念,classical Chinese,0,1
悬悬,classical Chinese,1,0
悲伤,classical Chinese,0,4
悲切,classical Chinese,0,1
悲思,classical Chinese,0,1
悲泣,classical Chinese,0,1
悲痛,classical Chinese,0,1
悲苦,classical Chinese,0,1
情思迷离香魂若醉,classical Chinese,0,1
情急,classical Chinese,0,1
惊异,classical Chinese,0,1
惊忧,classical Chinese,0,1
惊惧,classical Chinese,0,2
惊惶,classical Chinese,0,4
惊惶失措,classical Chinese,0,1
惊惶无措,classical Chinese,0,1
惊慌,classical Chinese,0,18
惊疑,classical Chinese,0,5
惊讶,classical Chinese,1,3
惊讶败不知指的什么,classical Chinese,0,1
惊骇,classical Chinese,0,1
惦记,classical Chinese,0,1
想,classical Chinese,6,2
想人,classical Chinese,0,1
想像自言,classical Chinese,0,1
想劫牢反狱人少,classical Chinese,0,1
想及,classical Chinese,0,1
想国王,classical Chinese,1,0
想如何处理此事,classical Chinese,0,1
想子,classical Chinese,0,1
想得出神,classical Chinese,0,1
想念他,classical Chinese,0,1
想念你老人家,classical Chinese,0,1
想断思绝，目定神昏,classical Chinese,0,1
想法子,classical Chinese,0,1
想法联络联络,classical Chinese,0,1
想着,classical Chinese,0,3
想着快活,classical Chinese,1,0
想着昨夜之梦,classical Chinese,0,1
想着瞌睡虫儿,classical Chinese,1,0
想计,classical Chinese,0,1
想这两颗夜明珠,classical Chinese,1,0
惶惑,classical Chinese,0,1
愁,classical Chinese,1,0
愁悶,classical Chinese,0,1
愁烦,classical Chinese,0,3
愁眉苦脸,classical Chinese,0,1
愁闷,classical Chinese,0,2
愚弄自己,classical Chinese,0,1
感伤,classical Chinese,0,1
感怆,classical Chinese,0,2
感梦,classical Chinese,0,1
感激,classical Chinese,0,2
愤怒,classical Chinese,0,2
愤懑,classical Chinese,0,1
慌不择路,classical Chinese,0,1
慌乱,classical Chinese,0,4
慌张,classical Chinese,0,9
慌张无计可施,classical Chinese,0,1
慌忙,classical Chinese,0,2
慌急,classical Chinese,0,1
慌速,classical Chinese,0,1
慢行贪着,classical Chinese,0,1
慨叹,classical Chinese,0,1
懈弛,classical Chinese,0,1
懊恼,classical Chinese,0,1
懊悔嘲笑,classical Chinese,0,1
戏耍筋斗、虎跳,classical Chinese,1,0
戏耍高源、苏永禄这二人,classical Chinese,0,1
战守,classical Chinese,0,1
扇茶,classical Chinese,0,1
扎营,classical Chinese,0,1
扑救,classical Chinese,0,1
打二梆,classical Chinese,0,1
打仗,classical Chinese,0,1
打关,classical Chinese,0,2
打叠衣箱,classical Chinese,0,3
打听宝船转来,classical Chinese,0,1
打呼,classical Chinese,1,0
打围捕网,classical Chinese,1,0
打坐,classical Chinese,1,1
打射,classical Chinese,0,1
打得落花流水,classical Chinese,0,1
打斗,classical Chinese,0,1
打架,classical Chinese,0,2
打点主意,classical Chinese,0,1
打盹,classical Chinese,1,1
打睡,classical Chinese,0,1
打算,classical Chinese,0,4
打算如何再去找那长房,classical Chinese,0,1
打算抵敌之策,classical Chinese,0,1
打算计策,classical Chinese,0,1
打起稿子,classical Chinese,0,1
打量,classical Chinese,0,2
打量着他,classical Chinese,0,1
打铁,classical Chinese,0,1
打麻,classical Chinese,0,1
托起,classical Chinese,0,1
扬扬得意,classical Chinese,0,2
扭结固结,classical Chinese,0,1
扯呼,classical Chinese,2,0
扯曳,classical Chinese,0,1
扯长了耳朵听他说下去,classical Chinese,0,1
扰攘,classical Chinese,0,1
找她,classical Chinese,0,1
找寻,classical Chinese,0,1
找您去,classical Chinese,0,1
找胜官保,classical Chinese,0,1
把些乱草揩着,classical Chinese,0,1
投揭,classical Chinese,1,0
抚谕可汗,classical Chinese,0,1
披衣,classical Chinese,1,0
披衣坐起,classical Chinese,0,1
抬头看三匹坐马甚威风,classical Chinese,0,1
抱啼呀呀,classical Chinese,1,0
抱屈无伸,classical Chinese,0,1
抱怨,classical Chinese,0,1
抱怨邓九公啰嗦多事,classical Chinese,0,1
抱怨邓九公罗嗦多事,classical Chinese,0,1
抵敌不住,classical Chinese,0,1
抽打,classical Chinese,0,1
拆阅,classical Chinese,0,1
拔开伽楠匣,classical Chinese,0,1
拔队出宫,classical Chinese,0,1
拘执喧闹,classical Chinese,0,1
拚力恶斗,classical Chinese,0,1
招募豪杰,classical Chinese,0,1
招呼众喽兵归降,classical Chinese,0,1
招手,classical Chinese,1,0
招架不住,classical Chinese,0,2
招架厮杀,classical Chinese,0,1
招集败残军士逃命,classical Chinese,0,1
拜着,classical Chinese,0,2
拦住官兵不叫进山,classical Chinese,0,1
拭泪,classical Chinese,0,1
拼命与那五个人大战,classical Chinese,0,1
拼死前进,classical Chinese,0,1
拿他的子孙,classical Chinese,1,0
挂心,classical Chinese,0,1
指手划脚,classical Chinese,0,1
指拨宫人炮制牡丹,classical Chinese,0,1
指指点点,classical Chinese,0,1
指挥下人收拾一切畜类遗骸,classical Chinese,0,1
指挥她们弄茶弄水，煮饭做菜,classical Chinese,0,1
指挥狐群狗党,classical Chinese,0,1
指挥诸将,classical Chinese,0,1
指着铺设,classical Chinese,0,1
按求古迹,classical Chinese,1,0
挑穵,classical Chinese,0,2
挣命,classical Chinese,1,1
挣扎不脱,classical Chinese,0,1
挥手示意,classical Chinese,1,0
挥拳,classical Chinese,0,2
挥毫,classical Chinese,1,0
挽缰,classical Chinese,0,1
捉他儿子,classical Chinese,1,0
捉你不着,classical Chinese,0,1
捏神捣鬼,classical Chinese,0,1
捣,classical Chinese,1,0
捱,classical Chinese,1,0
掉换,classical Chinese,0,1
掏出小手巾儿来擦着,classical Chinese,0,1
掐数,classical Chinese,0,1
排兵布阵,classical Chinese,0,1
掠取遗车弃仗,classical Chinese,0,1
掠阵,classical Chinese,0,1
探抹桌案,classical Chinese,0,1
探望,classical Chinese,0,3
探视,classical Chinese,1,0
探访,classical Chinese,2,0
接近这个人,classical Chinese,1,0
推想其意,classical Chinese,0,1
推辞,classical Chinese,0,1
掩着,classical Chinese,1,0
措置,classical Chinese,0,1
提倡清流,classical Chinese,0,1
提议这事,classical Chinese,0,1
搔头摸耳,classical Chinese,0,1
搜庙放人,classical Chinese,0,1
搜缉,classical Chinese,0,1
搬运柴草,classical Chinese,0,1
搳拳吃酒,classical Chinese,1,0
摆布,classical Chinese,0,2
摆着双台,classical Chinese,0,1
摆酒,classical Chinese,0,1
摇头,classical Chinese,1,0
摸不着头,classical Chinese,0,1
摸出小手巾儿来擦着,classical Chinese,0,1
撒泼,classical Chinese,0,1
擂鼓,classical Chinese,0,1
操持,classical Chinese,2,0
操练,classical Chinese,0,2
擒拿,classical Chinese,0,1
支持,classical Chinese,0,3
支持不住,classical Chinese,0,1
支饰,classical Chinese,0,1
收尸埋葬,classical Chinese,0,1
收拾,classical Chinese,0,1
收拾起身,classical Chinese,0,1
收盆,classical Chinese,0,1
攻书,classical Chinese,0,1
攻他,classical Chinese,0,1
攻城,classical Chinese,0,1
攻打,classical Chinese,1,2
攻打城池,classical Chinese,0,1
攻打宁远,classical Chinese,0,1
放人,classical Chinese,0,1
放心,classical Chinese,0,1
放船,classical Chinese,1,0
教,classical Chinese,1,0
教学生的书,classical Chinese,0,1
散落,classical Chinese,1,0
敬承天命以从事,classical Chinese,0,1
数钱,classical Chinese,0,1
整点兵马,classical Chinese,0,1
整酒做戏还愿,classical Chinese,0,1
整顿学务,classical Chinese,0,1
整饬文风,classical Chinese,1,1
料理,classical Chinese,1,1
料理军务,classical Chinese,0,2
料理宣泄,classical Chinese,0,1
料理船只,classical Chinese,0,1
料理遣发,classical Chinese,0,1
斟,classical Chinese,1,0
斥虑,classical Chinese,1,0
施威,classical Chinese,0,1
施设,classical Chinese,0,1
旋斡,classical Chinese,1,0
无事闲谈,classical Chinese,0,2
无从着力,classical Chinese,0,1
无可奈何,classical Chinese,0,4
无可奈听,classical Chinese,0,1
无可如何,classical Chinese,0,2
无处藏躲,classical Chinese,0,1
无奈,classical Chinese,0,1
无所用意,classical Chinese,0,1
无法可想,classical Chinese,0,1
无聊,classical Chinese,0,1
无计,classical Chinese,0,3
无计可使,classical Chinese,0,1
无计可施,classical Chinese,0,3
无门可退,classical Chinese,0,1
昏睡,classical Chinese,0,1
暗庇夫人,classical Chinese,1,0
暗恨,classical Chinese,0,1
暗惊,classical Chinese,0,1
暗想,classical Chinese,0,7
暗欢喜,classical Chinese,0,1
暗祝,classical Chinese,0,1
暗说,classical Chinese,0,1
暴跳如雷,classical Chinese,0,1
有事,classical Chinese,0,1
有奉托老亲翁的事,classical Chinese,0,1
服丧,classical Chinese,1,0
服役,classical Chinese,1,0
服母丧,classical Chinese,0,1
望,classical Chinese,0,2
望妻如渴,classical Chinese,0,1
朝着太阳来晃也晃,classical Chinese,0,1
未分胜负,classical Chinese,0,1
未完,classical Chinese,0,1
未定,classical Chinese,1,0
未废,classical Chinese,1,0
未睡,classical Chinese,2,0
杀人,classical Chinese,0,1
杀害石铸,classical Chinese,0,1
杀得难解难分,classical Chinese,0,3
杀得高兴,classical Chinese,0,1
杀番兵,classical Chinese,0,1
杀的高兴,classical Chinese,0,1
杀贼,classical Chinese,0,1
束手无策,classical Chinese,0,2
束装,classical Chinese,0,1
来,classical Chinese,0,1
来念叨,classical Chinese,0,1
构思,classical Chinese,0,1
枯渴,classical Chinese,0,1
查察她要怎么摆布,classical Chinese,0,1
查问他,classical Chinese,0,1
查问儿子病状,classical Chinese,0,1
查问其故,classical Chinese,0,1
查问刘差官,classical Chinese,0,1
核议,classical Chinese,0,1
根究,classical Chinese,1,0
根究奸党,classical Chinese,0,1
根问,classical Chinese,0,1
梦寐,classical Chinese,0,1
梦想,classical Chinese,1,0
梳头,classical Chinese,2,1
梳妆,classical Chinese,0,1
梳洗,classical Chinese,1,10
横行,classical Chinese,0,1
欢呼畅饮,classical Chinese,0,1
欢喜,classical Chinese,0,10
欢天喜地,classical Chinese,0,1
欢饮,classical Chinese,0,3
欣喜,classical Chinese,0,1
欬笑,classical Chinese,1,0
欺人,classical Chinese,1,0
款待鹪寄生、徐鸣皋二人,classical Chinese,0,1
歇吁带喘,classical Chinese,0,1
歇息,classical Chinese,0,2
歌舞,classical Chinese,0,1
歡喜,classical Chinese,0,1
死战,classical Chinese,0,2
比试,classical Chinese,0,1
气厥,classical Chinese,0,1
气吹董太清,classical Chinese,0,1
气喘,classical Chinese,0,1
气得发昏,classical Chinese,0,1
气恼,classical Chinese,0,1
气闷,classical Chinese,0,1
求,classical Chinese,1,0
沉吟,classical Chinese,4,17
沉呤,classical Chinese,0,1
沉沦,classical Chinese,1,0
沉病,classical Chinese,0,1
沉睡,classical Chinese,2,0
没得主意,classical Chinese,0,1
没意思,classical Chinese,0,1
没法,classical Chinese,0,8
洋洋得意,classical Chinese,0,2
洋洋自得,classical Chinese,0,1
洒扫,classical Chinese,0,1
洗拭头上的血渍,classical Chinese,0,1
洗面,classical Chinese,0,2
流,classical Chinese,0,1
流泪,classical Chinese,1,1
流连赏玩,classical Chinese,0,1
浩叹,classical Chinese,0,1
消弱,classical Chinese,0,1
涤场,classical Chinese,0,1
深悔,classical Chinese,0,1
混战,classical Chinese,0,1
混杀,classical Chinese,0,1
添设床铺,classical Chinese,0,1
渴,classical Chinese,0,1
渴想,classical Chinese,0,1
游乐,classical Chinese,0,1
游玩,classical Chinese,0,1
游疑,classical Chinese,1,0
游移,classical Chinese,0,1
游移两可,classical Chinese,1,0
满腹踌躇,classical Chinese,0,1
演习,classical Chinese,1,0
演说此鱼之美及厨司烹调之得法,classical Chinese,0,1
演那《翠屏山》,classical Chinese,0,1
演阵,classical Chinese,0,1
激励三军,classical Chinese,0,1
点兵,classical Chinese,0,1
炼道,classical Chinese,0,2
烦得了不得,classical Chinese,0,1
烦思,classical Chinese,0,1
烦恼,classical Chinese,0,17
烦烦,classical Chinese,0,1
烦虑,classical Chinese,0,1
烦闷,classical Chinese,0,8
烧火,classical Chinese,1,0
焚化纸钱,classical Chinese,0,1
焦思,classical Chinese,0,3
焦燥,classical Chinese,0,1
焦躁,classical Chinese,0,2
煎什么药,classical Chinese,0,1
照着自己一弹打来,classical Chinese,0,1
照顾我,classical Chinese,1,0
煮,classical Chinese,1,0
熟睡,classical Chinese,0,3
犒劳三军,classical Chinese,0,1
犯想,classical Chinese,0,3
犹疑,classical Chinese,1,6
犹豫,classical Chinese,5,13
犹豫不定,classical Chinese,0,1
狐疑,classical Chinese,0,3
狩,classical Chinese,1,0
独坐,classical Chinese,0,1
猎畋,classical Chinese,1,0
猜度,classical Chinese,0,2
猜想,classical Chinese,0,4
猜疑,classical Chinese,0,10
献宝,classical Chinese,1,0
玩得高兴,classical Chinese,0,1
玩耍,classical Chinese,0,1
生气,classical Chinese,0,1
生火,classical Chinese,0,1
用人,classical Chinese,0,1
用兵,classical Chinese,0,2
用力,classical Chinese,0,1
用力推掮,classical Chinese,0,1
用功,classical Chinese,0,6
用功读书,classical Chinese,0,1
用夜膳,classical Chinese,0,1
用尽平生之力，与窦尔墩夺刀,classical Chinese,0,1
用言安慰,classical Chinese,0,1
用饭,classical Chinese,1,0
画那弧度,classical Chinese,1,0
畅饮,classical Chinese,0,1
疏孙家渡以杀河势,classical Chinese,0,1
疑庄疑释、虚诞无实之淫辞,classical Chinese,0,1
疑心,classical Chinese,0,5
疑思,classical Chinese,0,1
疑惑,classical Chinese,1,22
疑惑不决,classical Chinese,0,1
疑惑不定,classical Chinese,0,1
疑惑此事,classical Chinese,0,1
疑惑细思奇异,classical Chinese,0,1
疑想,classical Chinese,0,3
疑猜,classical Chinese,0,1
疑疑惑惑,classical Chinese,0,3
疑虑,classical Chinese,3,10
疑虑心忧,classical Chinese,0,1
疑讶,classical Chinese,2,0
疑诧,classical Chinese,0,1
疑难,classical Chinese,0,1
疑骇,classical Chinese,1,0
疼儿子,classical Chinese,0,1
疼痛,classical Chinese,0,1
病急乱投医,classical Chinese,0,1
痛哭,classical Chinese,0,1
痛骂,classical Chinese,0,1
痴想,classical Chinese,1,1
监看工匠,classical Chinese,0,1
监禁,classical Chinese,1,0
盘算,classical Chinese,1,1
盘算那三千头,classical Chinese,0,1
盘膝打坐,classical Chinese,0,1
盘问酒菜的来由,classical Chinese,0,1
盘问马灵,classical Chinese,0,1
盛溢,classical Chinese,0,1
目不转睛去望,classical Chinese,0,1
相候,classical Chinese,2,0
相叙,classical Chinese,0,1
相度地势,classical Chinese,0,1
相待,classical Chinese,0,1
相持,classical Chinese,0,1
相望尉迟恭,classical Chinese,0,1
相答,classical Chinese,1,0
相见,classical Chinese,0,1
相议,classical Chinese,0,1
盼他回家相会,classical Chinese,0,2
盼到,classical Chinese,0,2
盼想,classical Chinese,0,1
盼想你,classical Chinese,0,1
盼想圣僧,classical Chinese,0,1
盼想无形太岁马金川、九朵梅花孙伯虎杀官盗印,classical Chinese,0,1
盼望,classical Chinese,1,19
盼望你老人家,classical Chinese,0,1
盼望回音,classical Chinese,0,1
盼望著海瑞成名的捷报,classical Chinese,0,1
看,classical Chinese,0,1
看《庄子》和《史记》,classical Chinese,0,1
看书,classical Chinese,0,2
看呆,classical Chinese,0,1
看守陆氏,classical Chinese,0,1
看得不厌不倦,classical Chinese,0,1
看得不耐煩,classical Chinese,0,1
看得有些头晕,classical Chinese,0,1
看得有趣,classical Chinese,0,1
看戏,classical Chinese,0,1
看着,classical Chinese,0,8
看表,classical Chinese,0,1
看视,classical Chinese,0,1
看诗,classical Chinese,0,1
看这个宝贝,classical Chinese,0,1
看这河里,classical Chinese,0,1
看那花榜,classical Chinese,0,1
看阵图,classical Chinese,0,1
眺望,classical Chinese,0,3
眼花撩乱,classical Chinese,0,1
着忙,classical Chinese,0,5
着急,classical Chinese,0,55
着急叫喊,classical Chinese,0,1
着急听候内信,classical Chinese,0,1
着恼,classical Chinese,0,2
着慌,classical Chinese,0,3
睡去,classical Chinese,0,1
睡熟,classical Chinese,0,2
睡觉,classical Chinese,1,0
睡醒翻身,classical Chinese,0,1
督工,classical Chinese,0,1
瞑目待死,classical Chinese,0,1
瞧着纳闷,classical Chinese,0,1
砸锁,classical Chinese,0,1
确估工料兴修,classical Chinese,0,1
确察得实,classical Chinese,0,1
确酌,classical Chinese,1,0
磕头,classical Chinese,0,1
磨墨濡毫,classical Chinese,0,1
磨面,classical Chinese,1,0
神魂飘荡,classical Chinese,0,1
祷告,classical Chinese,0,1
祷祀,classical Chinese,1,0
禁架不定,classical Chinese,0,1
秉烛,classical Chinese,1,0
秉烛观书,classical Chinese,1,0
秉烛饮酒,classical Chinese,0,1
究擬,classical Chinese,0,1
窃听,classical Chinese,0,2
窃窃私议,classical Chinese,0,1
窘迫,classical Chinese,0,1
笑,classical Chinese,1,1
笑得有趣,classical Chinese,0,1
笑得热闹,classical Chinese,0,1
笑着,classical Chinese,0,1
等你,classical Chinese,0,1
等候,classical Chinese,4,1
等候煮熟李玄,classical Chinese,0,1
等待,classical Chinese,1,0
等死,classical Chinese,0,1
等着,classical Chinese,2,1
策划,classical Chinese,0,1
筹划无路,classical Chinese,0,1
筹度,classical Chinese,1,1
筹思,classical Chinese,0,1
筹议如可收拾采和夫妻的计策,classical Chinese,0,1
筹量,classical Chinese,0,1
算计他的指法、调头,classical Chinese,1,0
算计商客,classical Chinese,1,0
算计射别人,classical Chinese,1,0
算计黄凤仙,classical Chinese,1,0
系恋着他,classical Chinese,1,0
系裙,classical Chinese,0,1
索人愁,classical Chinese,1,0
絮叨,classical Chinese,2,0
纳闷,classical Chinese,0,31
纺织,classical Chinese,1,0
练习拳脚,classical Chinese,0,1
细看,classical Chinese,0,3
细细打量,classical Chinese,0,1
细绎母训,classical Chinese,0,1
经过,classical Chinese,1,0
结草,classical Chinese,1,0
给质克做手势陪不是,classical Chinese,0,1
绞痛,classical Chinese,1,0
统兵行事,classical Chinese,0,1
绣一条裙,classical Chinese,0,1
绩麻,classical Chinese,1,0
缉拿,classical Chinese,0,1
缉访,classical Chinese,1,0
缉访妖人,classical Chinese,0,1
缝,classical Chinese,1,0
缺乏,classical Chinese,0,1
缺货,classical Chinese,0,1
缺饷,classical Chinese,0,1
羡慕江南好地方,classical Chinese,1,0
翻阅,classical Chinese,1,0
耀武扬威,classical Chinese,0,2
耀武扬威说道,classical Chinese,0,1
耀着,classical Chinese,0,1
老等,classical Chinese,0,1
耍着,classical Chinese,0,1
耕,classical Chinese,1,0
耕田,classical Chinese,0,1
耦耕,classical Chinese,1,0
耳提面命,classical Chinese,1,0
聚话,classical Chinese,0,1
聚集众将商议,classical Chinese,0,1
肚饥,classical Chinese,0,1
胆小,classical Chinese,1,0
胡思,classical Chinese,0,4
胡思乱想,classical Chinese,0,15
胡猜乱想,classical Chinese,0,1
脱衣乘凉见姓石的由西小院出来,classical Chinese,0,1
脱身不得,classical Chinese,0,1
自叹,classical Chinese,0,2
自思,classical Chinese,0,1
自怨时衰,classical Chinese,0,1
自怨自艾,classical Chinese,0,2
自斟自饮,classical Chinese,0,1
自解自叹,classical Chinese,0,1
自言白语埋怨,classical Chinese,0,1
自言自语,classical Chinese,0,2
舍钱,classical Chinese,0,1
舒头探望,classical Chinese,0,1
舞,classical Chinese,1,0
舞蹈,classical Chinese,0,1
艳羡,classical Chinese,0,2
苦劝,classical Chinese,0,1
苦念李夫人,classical Chinese,0,1
苦求,classical Chinese,0,1
落后,classical Chinese,1,0
蒙尘,classical Chinese,1,0
藏躱,classical Chinese,1,0
虔修,classical Chinese,1,0
蠢蠢欲动,classical Chinese,1,0
行凶,classical Chinese,0,2
行役,classical Chinese,1,0
行礼,classical Chinese,0,1
行走,classical Chinese,0,3
衔恨,classical Chinese,0,1
要与那马成龙拚命,classical Chinese,0,1
要寻公馆搬上岸雇夫上省,classical Chinese,0,1
要换,classical Chinese,0,1
要杀,classical Chinese,0,1
要看状,classical Chinese,0,1
要银子,classical Chinese,0,1
见着,classical Chinese,0,1
观察,classical Chinese,1,0
观望,classical Chinese,1,4
观玩,classical Chinese,0,3
观看,classical Chinese,0,22
观看山景,classical Chinese,0,1
观看景致,classical Chinese,0,1
观看殿廓,classical Chinese,0,1
观览,classical Chinese,0,1
观阵,classical Chinese,0,1
视事,classical Chinese,0,1
觉得去住两难,classical Chinese,0,1
解劝,classical Chinese,0,1
言,classical Chinese,1,0
言语,classical Chinese,0,1
言说,classical Chinese,0,1
言谈,classical Chinese,0,6
言谈嗟叹,classical Chinese,0,1
計議圍蘭取鞏,classical Chinese,0,1
講究清訟,classical Chinese,0,1
議復,classical Chinese,0,1
计划,classical Chinese,2,0
计无所出,classical Chinese,0,1
计算为难,classical Chinese,0,1
计算你我,classical Chinese,0,1
计议,classical Chinese,0,4
计议和议的方针,classical Chinese,0,1
讨战,classical Chinese,0,1
让坐,classical Chinese,0,2
让坐问话,classical Chinese,0,1
议争,classical Chinese,0,1
议事,classical Chinese,0,5
议论,classical Chinese,1,25
议论上巡抚彭大人那里送信调集官兵,classical Chinese,0,1
议论仙姑所说的消息,classical Chinese,0,1
议论余鸿法术拿人,classical Chinese,0,1
议论军机大事,classical Chinese,0,1
议论如何拿贼,classical Chinese,0,1
议论纷纷,classical Chinese,0,2
议论道姑遇到公子,classical Chinese,0,1
议论降守之策,classical Chinese,0,1
讲交情,classical Chinese,0,1
讲得热闹,classical Chinese,0,1
讲得高兴,classical Chinese,0,2
讲的热闹,classical Chinese,0,1
讲究,classical Chinese,0,1
讲经,classical Chinese,0,1
讲解,classical Chinese,0,1
讲论,classical Chinese,0,2
讲话,classical Chinese,2,10
讲这南船入岛的事故,classical Chinese,0,1
论古,classical Chinese,0,1
设朝,classical Chinese,0,2
设法借贷,classical Chinese,0,1
设计,classical Chinese,0,1
访拿打听,classical Chinese,0,1
访道,classical Chinese,2,0
评论得高兴,classical Chinese,0,1
试花,classical Chinese,0,1
话旧谈心,classical Chinese,0,1
询问,classical Chinese,0,1
诧异,classical Chinese,1,10
诧愕,classical Chinese,0,1
误桃花,classical Chinese,1,0
说,classical Chinese,0,1
说个破敌之策是怎么样儿,classical Chinese,1,0
说些邪活,classical Chinese,1,0
说俏皮话儿,classical Chinese,0,1
说得情投意合,classical Chinese,0,1
说得痛快,classical Chinese,0,1
说得高兴,classical Chinese,0,3
说我,classical Chinese,1,0
说我的来意,classical Chinese,0,1
说打仗的事情,classical Chinese,1,0
说法,classical Chinese,1,0
说父王肯不肯,classical Chinese,1,0
说着,classical Chinese,0,17
说着话,classical Chinese,0,2
说笑,classical Chinese,0,6
说笑话,classical Chinese,0,1
说话,classical Chinese,1,28
说起张士贵攻打关头,classical Chinese,0,1
说这种人是贼骨头,classical Chinese,0,1
说这话,classical Chinese,0,1
说那个三太子有几枝火箭利害,classical Chinese,1,0
请不着先生,classical Chinese,0,2
请客,classical Chinese,1,0
读书,classical Chinese,2,1
读什么书,classical Chinese,1,0
读左传,classical Chinese,0,1
调侃他,classical Chinese,1,0
调兵,classical Chinese,0,1
调情,classical Chinese,0,1
调拨人马,classical Chinese,0,1
调理,classical Chinese,2,1
调笑,classical Chinese,0,1
调遣人马,classical Chinese,0,1
谈,classical Chinese,0,1
谈得热闹,classical Chinese,0,1
谈得高兴,classical Chinese,0,1
谈心,classical Chinese,0,1
谈心叙话,classical Chinese,0,1
谈的高兴,classical Chinese,0,1
谈着话,classical Chinese,0,3
谈笑,classical Chinese,0,2
谈论,classical Chinese,0,22
谈论秦始皇帝如何致死的问题,classical Chinese,0,1
谈论药酒之事,classical Chinese,0,1
谈话,classical Chinese,0,1
谈说,classical Chinese,0,1
谈谈笑笑,classical Chinese,0,1
谑谈,classical Chinese,0,1
谓千骑曰,classical Chinese,0,1
谦让,classical Chinese,1,0
负屈,classical Chinese,0,1
责备徐寿,classical Chinese,0,1
责骂,classical Chinese,1,0
贪看十三妹在墙上题的那折词儿,classical Chinese,0,1
贪看景致,classical Chinese,0,1
赏欢,classical Chinese,0,1
赐祭,classical Chinese,1,0
赞叹,classical Chinese,0,2
赞羡,classical Chinese,2,0
走,classical Chinese,0,2
走得头昏,classical Chinese,0,1
走投无路,classical Chinese,0,1
走着,classical Chinese,0,2
走过无数的号舍,classical Chinese,0,2
赶你,classical Chinese,1,0
赶打,classical Chinese,0,1
赶打喽卒,classical Chinese,0,1
赶着走,classical Chinese,1,0
赶逐野兽,classical Chinese,0,1
起行,classical Chinese,0,4
起风作浪,classical Chinese,0,1
趑趄,classical Chinese,1,0
足蠕,classical Chinese,1,0
跑,classical Chinese,1,1
跑去,classical Chinese,0,1
跑着,classical Chinese,0,1
跳了水,classical Chinese,0,1
跳舞不休,classical Chinese,1,0
踌思,classical Chinese,0,1
踌蹰,classical Chinese,0,2
踌躇,classical Chinese,3,53
踌躇不下,classical Chinese,0,1
踌躇不决,classical Chinese,0,1
踌躇不定,classical Chinese,0,1
踌躇无处安歇,classical Chinese,0,1
踌躇脱身之计,classical Chinese,0,1
踌躇设法,classical Chinese,0,1
踌躇费想,classical Chinese,0,1
蹦踏,classical Chinese,0,1
躲来躲去,classical Chinese,0,1
转回来,classical Chinese,0,1
转念,classical Chinese,0,1
轮转,classical Chinese,0,2
辟邪,classical Chinese,1,0
辨贼,classical Chinese,0,1
辩论,classical Chinese,0,1
辱骂,classical Chinese,1,0
辱骂讨战,classical Chinese,0,1
过桥,classical Chinese,0,1
迎面直打,classical Chinese,1,0
运功夫,classical Chinese,0,1
进城讨限,classical Chinese,0,1
进膳,classical Chinese,1,0
进行我的任务,classical Chinese,0,1
进退两难,classical Chinese,0,3
进退无路,classical Chinese,0,1
迟疑,classical Chinese,2,14
迟疑不决,classical Chinese,0,1
追去,classical Chinese,0,1
追忆寻索,classical Chinese,0,1
追思,classical Chinese,0,1
追思前事,classical Chinese,0,1
追捕你,classical Chinese,0,1
追擒那盗取首级的奸细,classical Chinese,0,1
追杀各打手,classical Chinese,0,1
追杀小和尚,classical Chinese,1,0
追杀逃走的喽罗,classical Chinese,1,0
追论这班奸臣的亲族,classical Chinese,0,1
追赶,classical Chinese,0,3
追问这事的结果,classical Chinese,1,0
送性命,classical Chinese,1,0
送茶,classical Chinese,0,1
送饭,classical Chinese,0,1
逃,classical Chinese,69,0
逃奔,classical Chinese,0,2
逃避,classical Chinese,0,1
逐捕,classical Chinese,0,1
速行,classical Chinese,1,0
逡巡,classical Chinese,2,0
逡廵,classical Chinese,3,0
逢场作戏,classical Chinese,0,1
遍体酥麻,classical Chinese,0,1
遍看那些挽联挽诗,classical Chinese,0,1
遮拦隔架,classical Chinese,0,1
遵奉御旨,classical Chinese,0,1
部署,classical Chinese,2,0
酣战,classical Chinese,0,8
酣斗,classical Chinese,0,1
酣睡,classical Chinese,2,1
酬酢,classical Chinese,0,1
醋妒他两个,classical Chinese,0,1
鏖战,classical Chinese,0,1
铺张,classical Chinese,1,0
铺砌未完,classical Chinese,0,1
锐盛,classical Chinese,0,1
闪、砍、劈、剁,classical Chinese,0,1
问心,classical Chinese,0,1
问我嫂子,classical Chinese,0,1
问打,classical Chinese,0,1
问答,classical Chinese,0,1
问起根由,classical Chinese,0,1
问道士兄弟要凭据,classical Chinese,0,1
闲争闲讲,classical Chinese,0,1
闲坐,classical Chinese,0,1
闲坐吃茶,classical Chinese,1,0
闲散,classical Chinese,1,0
闲游过去,classical Chinese,0,1
闲立,classical Chinese,0,1
闲讲,classical Chinese,0,1
闲话,classical Chinese,0,4
闲谈,classical Chinese,0,13
闲谈论,classical Chinese,0,1
闲谈闲论,classical Chinese,0,1
闷倦,classical Chinese,0,1
闷闷不乐,classical Chinese,0,1
闹吵,classical Chinese,0,1
闹得烟雾尘天,classical Chinese,0,1
闹得起劲,classical Chinese,0,1
闹的筋疲力尽,classical Chinese,0,1
阅课,classical Chinese,0,1
附耳议论,classical Chinese,0,1
陪伴,classical Chinese,1,0
随口乱嘈,classical Chinese,0,1
难保,classical Chinese,1,0
难分难解,classical Chinese,0,1
难解难分,classical Chinese,0,2
雷鸣,classical Chinese,0,1
需人,classical Chinese,0,1
静候,classical Chinese,0,1
静候捷音,classical Chinese,0,1
静听上头的问话预备对付,classical Chinese,0,1
静领,classical Chinese,1,0
靠着水寨，正要动手,classical Chinese,0,1
顶嘴,classical Chinese,0,1
顺着他的小手远远望去,classical Chinese,0,1
顽的高兴,classical Chinese,0,1
预备出城,classical Chinese,0,1
预备招架,classical Chinese,0,1
预备阅卷,classical Chinese,0,1
预防张府,classical Chinese,0,1
颠沛,classical Chinese,1,0
飄零,classical Chinese,1,0
飞舞,classical Chinese,1,0
飞行,classical Chinese,0,1
食羊,classical Chinese,0,1
饥,classical Chinese,0,1
饥饿,classical Chinese,0,4
饬查问,classical Chinese,0,1
饮得高兴,classical Chinese,0,1
饮酒,classical Chinese,1,6
饮酒作乐,classical Chinese,0,1
驰奔,classical Chinese,0,1
驰注,classical Chinese,0,1
驱驰,classical Chinese,1,0
骂,classical Chinese,1,0
骂不绝声,classical Chinese,0,1
骂得高兴,classical Chinese,0,1
骂战,classical Chinese,0,1
高兴,classical Chinese,1,10
高谈,classical Chinese,1,1
高谈阔论,classical Chinese,0,2
鬼弄,classical Chinese,1,0
鲜血淋漓挖那五脏心肝出来,classical Chinese,0,1
鳏居,classical Chinese,0,1
鸣,classical Chinese,1,0
默念自己的居室,classical Chinese,0,1
鼾睡,classical Chinese,0,1
龃龉,classical Chinese,0,1
